//! Gamma hardfork: contract bytecode upgrades
//!
//! Upgrades 11 system contracts at fixed addresses + all `StakePool` instances.
//! Also initializes `ReentrancyGuard` storage for `StakePool` contracts.

use alloy_primitives::{address, Address};

/// `StakingConfig` runtime bytecode (from current HEAD)
pub const STAKING_CONFIG_BYTECODE: &[u8] = &[
    0x60, 0x80, 0x60, 0x40, 0x52, 0x60, 0x04, 0x36, 0x10, 0x15, 0x61, 0x00, 0x11, 0x57, 0x5f, 0x80,
    0xfd, 0x5b, 0x5f, 0x35, 0x60, 0xe0, 0x1c, 0x80, 0x63, 0x0b, 0xb9, 0xf8, 0x23, 0x14, 0x61, 0x03,
    0x53, 0x57, 0x80, 0x63, 0x17, 0x96, 0xc9, 0x3f, 0x14, 0x61, 0x02, 0x62, 0x57, 0x80, 0x63, 0x2f,
    0x01, 0xb9, 0x75, 0x14, 0x61, 0x01, 0xc9, 0x57, 0x80, 0x63, 0x39, 0x2e, 0x53, 0xcd, 0x14, 0x61,
    0x01, 0xa7, 0x57, 0x80, 0x63, 0x52, 0x82, 0x49, 0x0e, 0x14, 0x61, 0x01, 0x8d, 0x57, 0x80, 0x63,
    0x7f, 0x15, 0x14, 0xe7, 0x14, 0x61, 0x01, 0x6b, 0x57, 0x80, 0x63, 0x8a, 0xff, 0x10, 0x5d, 0x14,
    0x61, 0x01, 0x4e, 0x57, 0x80, 0x63, 0x9e, 0x1e, 0x54, 0x72, 0x14, 0x61, 0x01, 0x28, 0x57, 0x80,
    0x63, 0xc6, 0x5d, 0x8b, 0x73, 0x14, 0x61, 0x01, 0x07, 0x57, 0x80, 0x63, 0xd8, 0xf0, 0x8a, 0xb5,
    0x14, 0x61, 0x00, 0xde, 0x57, 0x80, 0x63, 0xec, 0x5f, 0xfa, 0xc2, 0x14, 0x61, 0x00, 0xc2, 0x57,
    0x63, 0xef, 0x43, 0xbd, 0x63, 0x14, 0x61, 0x00, 0x9d, 0x57, 0x5f, 0x80, 0xfd, 0x5b, 0x34, 0x61,
    0x00, 0xbe, 0x57, 0x5f, 0x36, 0x60, 0x03, 0x19, 0x01, 0x12, 0x61, 0x00, 0xbe, 0x57, 0x60, 0x40,
    0x51, 0x65, 0x72, 0xba, 0x30, 0x4f, 0x80, 0x00, 0x81, 0x52, 0x60, 0x20, 0x90, 0xf3, 0x5b, 0x5f,
    0x80, 0xfd, 0x5b, 0x34, 0x61, 0x00, 0xbe, 0x57, 0x5f, 0x36, 0x60, 0x03, 0x19, 0x01, 0x12, 0x61,
    0x00, 0xbe, 0x57, 0x60, 0x20, 0x5f, 0x54, 0x60, 0x40, 0x51, 0x90, 0x81, 0x52, 0xf3, 0x5b, 0x34,
    0x61, 0x00, 0xbe, 0x57, 0x5f, 0x36, 0x60, 0x03, 0x19, 0x01, 0x12, 0x61, 0x00, 0xbe, 0x57, 0x60,
    0x20, 0x60, 0x01, 0x60, 0x01, 0x60, 0x40, 0x1b, 0x03, 0x60, 0x01, 0x54, 0x60, 0x40, 0x1c, 0x16,
    0x60, 0x40, 0x51, 0x90, 0x81, 0x52, 0xf3, 0x5b, 0x34, 0x61, 0x00, 0xbe, 0x57, 0x5f, 0x36, 0x60,
    0x03, 0x19, 0x01, 0x12, 0x61, 0x00, 0xbe, 0x57, 0x60, 0x40, 0x51, 0x65, 0x1c, 0xae, 0x8c, 0x13,
    0xe0, 0x00, 0x81, 0x52, 0x60, 0x20, 0x90, 0xf3, 0x5b, 0x34, 0x61, 0x00, 0xbe, 0x57, 0x5f, 0x36,
    0x60, 0x03, 0x19, 0x01, 0x12, 0x61, 0x00, 0xbe, 0x57, 0x60, 0x20, 0x60, 0x01, 0x60, 0x01, 0x60,
    0x40, 0x1b, 0x03, 0x60, 0x01, 0x54, 0x16, 0x60, 0x40, 0x51, 0x90, 0x81, 0x52, 0xf3, 0x5b, 0x34,
    0x61, 0x00, 0xbe, 0x57, 0x5f, 0x36, 0x60, 0x03, 0x19, 0x01, 0x12, 0x61, 0x00, 0xbe, 0x57, 0x60,
    0x20, 0x60, 0x02, 0x54, 0x60, 0x40, 0x51, 0x90, 0x81, 0x52, 0xf3, 0x5b, 0x34, 0x61, 0x00, 0xbe,
    0x57, 0x5f, 0x36, 0x60, 0x03, 0x19, 0x01, 0x12, 0x61, 0x00, 0xbe, 0x57, 0x60, 0x20, 0x60, 0xff,
    0x60, 0x07, 0x54, 0x16, 0x60, 0x40, 0x51, 0x90, 0x15, 0x15, 0x81, 0x52, 0xf3, 0x5b, 0x34, 0x61,
    0x00, 0xbe, 0x57, 0x5f, 0x36, 0x60, 0x03, 0x19, 0x01, 0x12, 0x61, 0x00, 0xbe, 0x57, 0x61, 0x01,
    0xa5, 0x61, 0x04, 0x84, 0x56, 0x5b, 0x00, 0x5b, 0x34, 0x61, 0x00, 0xbe, 0x57, 0x5f, 0x36, 0x60,
    0x03, 0x19, 0x01, 0x12, 0x61, 0x00, 0xbe, 0x57, 0x60, 0x20, 0x60, 0xff, 0x60, 0x03, 0x54, 0x16,
    0x60, 0x40, 0x51, 0x90, 0x15, 0x15, 0x81, 0x52, 0xf3, 0x5b, 0x34, 0x61, 0x00, 0xbe, 0x57, 0x5f,
    0x36, 0x60, 0x03, 0x19, 0x01, 0x12, 0x61, 0x00, 0xbe, 0x57, 0x5f, 0x60, 0x60, 0x61, 0x01, 0xe4,
    0x61, 0x04, 0x51, 0x56, 0x5b, 0x82, 0x81, 0x52, 0x82, 0x60, 0x20, 0x82, 0x01, 0x52, 0x82, 0x60,
    0x40, 0x82, 0x01, 0x52, 0x01, 0x52, 0x61, 0x01, 0xfd, 0x61, 0x05, 0xf6, 0x56, 0x5b, 0x60, 0xa0,
    0x60, 0xff, 0x60, 0x07, 0x54, 0x16, 0x61, 0x02, 0x0d, 0x61, 0x04, 0x51, 0x56, 0x5b, 0x60, 0x04,
    0x54, 0x81, 0x52, 0x60, 0x01, 0x60, 0x01, 0x60, 0x40, 0x1b, 0x03, 0x60, 0x05, 0x54, 0x81, 0x60,
    0x20, 0x84, 0x01, 0x81, 0x83, 0x16, 0x81, 0x52, 0x81, 0x60, 0x40, 0x86, 0x01, 0x93, 0x60, 0x40,
    0x1c, 0x16, 0x83, 0x52, 0x60, 0x06, 0x54, 0x94, 0x60, 0x60, 0x81, 0x01, 0x95, 0x86, 0x52, 0x60,
    0x40, 0x51, 0x96, 0x15, 0x15, 0x87, 0x52, 0x51, 0x60, 0x20, 0x87, 0x01, 0x52, 0x51, 0x16, 0x60,
    0x40, 0x85, 0x01, 0x52, 0x51, 0x16, 0x60, 0x60, 0x83, 0x01, 0x52, 0x51, 0x60, 0x80, 0x82, 0x01,
    0x52, 0xf3, 0x5b, 0x34, 0x61, 0x00, 0xbe, 0x57, 0x61, 0x02, 0x70, 0x36, 0x61, 0x04, 0x13, 0x56,
    0x5b, 0x92, 0x64, 0x01, 0x62, 0x5f, 0x30, 0x00, 0x92, 0x91, 0x92, 0x33, 0x03, 0x61, 0x03, 0x37,
    0x57, 0x61, 0x02, 0x88, 0x61, 0x05, 0xf6, 0x56, 0x5b, 0x61, 0x02, 0x94, 0x84, 0x84, 0x84, 0x84,
    0x61, 0x05, 0x59, 0x56, 0x5b, 0x83, 0x60, 0x60, 0x60, 0x01, 0x60, 0x01, 0x60, 0x40, 0x1b, 0x03,
    0x61, 0x02, 0xa7, 0x61, 0x04, 0x51, 0x56, 0x5b, 0x94, 0x84, 0x86, 0x52, 0x16, 0x93, 0x84, 0x60,
    0x20, 0x82, 0x01, 0x52, 0x60, 0x01, 0x60, 0x01, 0x60, 0x40, 0x1b, 0x03, 0x86, 0x16, 0x60, 0x40,
    0x82, 0x01, 0x52, 0x01, 0x52, 0x60, 0x04, 0x55, 0x60, 0x01, 0x60, 0x01, 0x60, 0x40, 0x1b, 0x03,
    0x19, 0x60, 0x05, 0x54, 0x16, 0x17, 0x60, 0x05, 0x55, 0x67, 0xff, 0xff, 0xff, 0xff, 0xff, 0xff,
    0xff, 0xff, 0x60, 0x40, 0x1b, 0x80, 0x60, 0x05, 0x54, 0x92, 0x60, 0x40, 0x1b, 0x16, 0x16, 0x90,
    0x67, 0xff, 0xff, 0xff, 0xff, 0xff, 0xff, 0xff, 0xff, 0x60, 0x40, 0x1b, 0x19, 0x16, 0x17, 0x60,
    0x05, 0x55, 0x60, 0x06, 0x55, 0x60, 0x01, 0x60, 0xff, 0x19, 0x60, 0x07, 0x54, 0x16, 0x17, 0x60,
    0x07, 0x55, 0x7f, 0x2c, 0xe6, 0x82, 0xda, 0x10, 0x57, 0x99, 0xb2, 0x76, 0x02, 0x0c, 0x79, 0xe8,
    0x99, 0x25, 0x01, 0x76, 0x4a, 0x87, 0x7a, 0xe5, 0x9e, 0x3e, 0x90, 0xcc, 0x7e, 0xdc, 0x2e, 0x36,
    0x11, 0x9d, 0x82, 0x5f, 0x80, 0xa1, 0x00, 0x5b, 0x63, 0x02, 0x72, 0xd0, 0x29, 0x60, 0xe6, 0x1b,
    0x5f, 0x52, 0x33, 0x60, 0x04, 0x52, 0x64, 0x01, 0x62, 0x5f, 0x30, 0x00, 0x60, 0x24, 0x52, 0x60,
    0x44, 0x5f, 0xfd, 0x5b, 0x34, 0x61, 0x00, 0xbe, 0x57, 0x61, 0x03, 0x61, 0x36, 0x61, 0x04, 0x13,
    0x56, 0x5b, 0x90, 0x91, 0x64, 0x01, 0x62, 0x5f, 0x00, 0x01, 0x33, 0x03, 0x61, 0x03, 0xf7, 0x57,
    0x60, 0x03, 0x54, 0x92, 0x60, 0xff, 0x84, 0x16, 0x61, 0x03, 0xe9, 0x57, 0x84, 0x61, 0x03, 0x8a,
    0x84, 0x83, 0x85, 0x60, 0x01, 0x99, 0x61, 0x05, 0x59, 0x56, 0x5b, 0x5f, 0x55, 0x60, 0x01, 0x60,
    0x01, 0x60, 0x40, 0x1b, 0x03, 0x67, 0xff, 0xff, 0xff, 0xff, 0xff, 0xff, 0xff, 0xff, 0x60, 0x40,
    0x1b, 0x86, 0x54, 0x92, 0x60, 0x40, 0x1b, 0x16, 0x92, 0x16, 0x90, 0x60, 0x01, 0x60, 0x01, 0x60,
    0x80, 0x1b, 0x03, 0x19, 0x16, 0x17, 0x17, 0x83, 0x55, 0x60, 0x02, 0x55, 0x60, 0xff, 0x19, 0x16,
    0x17, 0x60, 0x03, 0x55, 0x7f, 0xf3, 0x69, 0x44, 0x0b, 0x7f, 0x53, 0x42, 0x86, 0xf7, 0x67, 0xb8,
    0x55, 0xcb, 0x5c, 0xa6, 0xc5, 0xbd, 0x00, 0x44, 0xfd, 0x8c, 0x6b, 0x30, 0xe9, 0xd6, 0x81, 0x12,
    0x56, 0x32, 0x77, 0x6e, 0x67, 0x5f, 0x80, 0xa1, 0x00, 0x5b, 0x62, 0xdc, 0x14, 0x9f, 0x60, 0xe4,
    0x1b, 0x5f, 0x52, 0x60, 0x04, 0x5f, 0xfd, 0x5b, 0x63, 0x02, 0x72, 0xd0, 0x29, 0x60, 0xe6, 0x1b,
    0x5f, 0x52, 0x33, 0x60, 0x04, 0x52, 0x64, 0x01, 0x62, 0x5f, 0x00, 0x01, 0x60, 0x24, 0x52, 0x60,
    0x44, 0x5f, 0xfd, 0x5b, 0x60, 0x80, 0x90, 0x60, 0x03, 0x19, 0x01, 0x12, 0x61, 0x00, 0xbe, 0x57,
    0x60, 0x04, 0x35, 0x90, 0x60, 0x24, 0x35, 0x60, 0x01, 0x60, 0x01, 0x60, 0x40, 0x1b, 0x03, 0x81,
    0x16, 0x81, 0x03, 0x61, 0x00, 0xbe, 0x57, 0x90, 0x60, 0x44, 0x35, 0x60, 0x01, 0x60, 0x01, 0x60,
    0x40, 0x1b, 0x03, 0x81, 0x16, 0x81, 0x03, 0x61, 0x00, 0xbe, 0x57, 0x90, 0x60, 0x64, 0x35, 0x90,
    0x56, 0x5b, 0x60, 0x40, 0x51, 0x90, 0x60, 0x80, 0x82, 0x01, 0x82, 0x81, 0x10, 0x60, 0x01, 0x60,
    0x01, 0x60, 0x40, 0x1b, 0x03, 0x82, 0x11, 0x17, 0x61, 0x04, 0x70, 0x57, 0x60, 0x40, 0x52, 0x56,
    0x5b, 0x63, 0x4e, 0x48, 0x7b, 0x71, 0x60, 0xe0, 0x1b, 0x5f, 0x52, 0x60, 0x41, 0x60, 0x04, 0x52,
    0x60, 0x24, 0x5f, 0xfd, 0x5b, 0x64, 0x01, 0x62, 0x5f, 0x20, 0x03, 0x33, 0x03, 0x61, 0x05, 0x3d,
    0x57, 0x61, 0x04, 0x98, 0x61, 0x05, 0xf6, 0x56, 0x5b, 0x60, 0x07, 0x54, 0x60, 0xff, 0x81, 0x16,
    0x15, 0x61, 0x05, 0x3a, 0x57, 0x60, 0x04, 0x54, 0x5f, 0x55, 0x60, 0x05, 0x54, 0x60, 0x01, 0x54,
    0x60, 0x01, 0x60, 0x01, 0x60, 0x40, 0x1b, 0x03, 0x67, 0xff, 0xff, 0xff, 0xff, 0xff, 0xff, 0xff,
    0xff, 0x60, 0x40, 0x1b, 0x83, 0x16, 0x92, 0x16, 0x90, 0x60, 0x01, 0x60, 0x01, 0x60, 0x80, 0x1b,
    0x03, 0x19, 0x16, 0x17, 0x17, 0x60, 0x01, 0x55, 0x60, 0x06, 0x54, 0x60, 0x02, 0x55, 0x60, 0xff,
    0x19, 0x16, 0x60, 0x07, 0x55, 0x5f, 0x60, 0x04, 0x55, 0x5f, 0x60, 0x05, 0x55, 0x5f, 0x60, 0x06,
    0x55, 0x7f, 0xf3, 0x69, 0x44, 0x0b, 0x7f, 0x53, 0x42, 0x86, 0xf7, 0x67, 0xb8, 0x55, 0xcb, 0x5c,
    0xa6, 0xc5, 0xbd, 0x00, 0x44, 0xfd, 0x8c, 0x6b, 0x30, 0xe9, 0xd6, 0x81, 0x12, 0x56, 0x32, 0x77,
    0x6e, 0x67, 0x5f, 0x80, 0xa1, 0x7f, 0xce, 0xb0, 0x93, 0x74, 0x73, 0x79, 0xa5, 0x13, 0xe0, 0x7d,
    0x2d, 0xad, 0xf3, 0x90, 0x6b, 0xcd, 0x81, 0x81, 0xc1, 0xee, 0xc6, 0x83, 0x90, 0x9b, 0x5f, 0x0a,
    0x23, 0x63, 0xa4, 0xaa, 0x58, 0x82, 0x5f, 0x80, 0xa1, 0x56, 0x5b, 0x50, 0x56, 0x5b, 0x63, 0x02,
    0x72, 0xd0, 0x29, 0x60, 0xe6, 0x1b, 0x5f, 0x52, 0x33, 0x60, 0x04, 0x52, 0x64, 0x01, 0x62, 0x5f,
    0x20, 0x03, 0x60, 0x24, 0x52, 0x60, 0x44, 0x5f, 0xfd, 0x5b, 0x15, 0x61, 0x05, 0xe7, 0x57, 0x60,
    0x01, 0x60, 0x01, 0x60, 0x40, 0x1b, 0x03, 0x16, 0x80, 0x15, 0x61, 0x05, 0xd8, 0x57, 0x65, 0x72,
    0xba, 0x30, 0x4f, 0x80, 0x00, 0x90, 0x81, 0x81, 0x11, 0x61, 0x05, 0xb4, 0x57, 0x50, 0x50, 0x60,
    0x01, 0x60, 0x01, 0x60, 0x40, 0x1b, 0x03, 0x16, 0x80, 0x15, 0x61, 0x05, 0xc9, 0x57, 0x65, 0x1c,
    0xae, 0x8c, 0x13, 0xe0, 0x00, 0x90, 0x81, 0x81, 0x11, 0x61, 0x05, 0xb4, 0x57, 0x50, 0x50, 0x15,
    0x61, 0x05, 0xa5, 0x57, 0x56, 0x5b, 0x63, 0x64, 0x58, 0xad, 0x5b, 0x60, 0xe0, 0x1b, 0x5f, 0x52,
    0x60, 0x04, 0x5f, 0xfd, 0x5b, 0x63, 0x7f, 0x7c, 0x1b, 0xb5, 0x60, 0xe0, 0x1b, 0x5f, 0x52, 0x60,
    0x04, 0x52, 0x60, 0x24, 0x52, 0x60, 0x44, 0x5f, 0xfd, 0x5b, 0x63, 0xc2, 0x81, 0x35, 0xab, 0x60,
    0xe0, 0x1b, 0x5f, 0x52, 0x60, 0x04, 0x5f, 0xfd, 0x5b, 0x63, 0x1a, 0xb8, 0xaa, 0x17, 0x60, 0xe2,
    0x1b, 0x5f, 0x52, 0x60, 0x04, 0x5f, 0xfd, 0x5b, 0x63, 0x32, 0x3e, 0x4a, 0x17, 0x60, 0xe1, 0x1b,
    0x5f, 0x52, 0x60, 0x04, 0x5f, 0xfd, 0x5b, 0x60, 0xff, 0x60, 0x03, 0x54, 0x16, 0x15, 0x61, 0x06,
    0x03, 0x57, 0x56, 0x5b, 0x63, 0x71, 0xfa, 0xd1, 0x6f, 0x60, 0xe1, 0x1b, 0x5f, 0x52, 0x60, 0x04,
    0x5f, 0xfd, 0xfe, 0xa2, 0x64, 0x69, 0x70, 0x66, 0x73, 0x58, 0x22, 0x12, 0x20, 0xe7, 0x96, 0x9b,
    0x77, 0x0d, 0xc1, 0xf0, 0xd6, 0xaf, 0xce, 0x7e, 0xf7, 0x5d, 0xb2, 0x10, 0x85, 0x3f, 0x69, 0x0e,
    0x7a, 0x6e, 0x01, 0xd4, 0x9f, 0xf9, 0x3d, 0xf4, 0x0a, 0xa7, 0x34, 0xf2, 0xdd, 0x64, 0x73, 0x6f,
    0x6c, 0x63, 0x43, 0x00, 0x08, 0x1e, 0x00, 0x33,
];
/// `StakingConfig` system address
pub const STAKING_CONFIG_ADDRESS: Address = address!("00000000000000000000000000000001625F1001");

/// `ValidatorConfig` runtime bytecode (from current HEAD)
pub const VALIDATOR_CONFIG_BYTECODE: &[u8] = &[
    0x60, 0x80, 0x80, 0x60, 0x40, 0x52, 0x60, 0x04, 0x36, 0x10, 0x15, 0x61, 0x00, 0x12, 0x57, 0x5f,
    0x80, 0xfd, 0x5b, 0x5f, 0x35, 0x60, 0xe0, 0x1c, 0x90, 0x81, 0x63, 0x19, 0x90, 0x5c, 0xd1, 0x14,
    0x61, 0x05, 0xba, 0x57, 0x50, 0x80, 0x63, 0x2a, 0xa1, 0x2a, 0x5b, 0x14, 0x61, 0x05, 0x91, 0x57,
    0x80, 0x63, 0x2f, 0x01, 0xb9, 0x75, 0x14, 0x61, 0x04, 0x8d, 0x57, 0x80, 0x63, 0x39, 0x2e, 0x53,
    0xcd, 0x14, 0x61, 0x04, 0x68, 0x57, 0x80, 0x63, 0x41, 0xc8, 0x7e, 0x66, 0x14, 0x61, 0x04, 0x4b,
    0x57, 0x80, 0x63, 0x52, 0x82, 0x49, 0x0e, 0x14, 0x61, 0x04, 0x31, 0x57, 0x80, 0x63, 0x7f, 0x15,
    0x14, 0xe7, 0x14, 0x61, 0x04, 0x0f, 0x57, 0x80, 0x63, 0x8d, 0x42, 0x73, 0xb1, 0x14, 0x61, 0x03,
    0xed, 0x57, 0x80, 0x63, 0x97, 0xb1, 0x86, 0x16, 0x14, 0x61, 0x02, 0xfa, 0x57, 0x80, 0x63, 0xaa,
    0x75, 0x17, 0xe1, 0x14, 0x61, 0x02, 0xde, 0x57, 0x80, 0x63, 0xb0, 0xbd, 0xfc, 0x09, 0x14, 0x61,
    0x01, 0x9c, 0x57, 0x80, 0x63, 0xb6, 0x92, 0xf9, 0x08, 0x14, 0x61, 0x01, 0x77, 0x57, 0x80, 0x63,
    0xbd, 0x84, 0x99, 0xaf, 0x14, 0x61, 0x01, 0x5a, 0x57, 0x80, 0x63, 0xc6, 0x5d, 0x8b, 0x73, 0x14,
    0x61, 0x01, 0x39, 0x57, 0x80, 0x63, 0xcd, 0x8d, 0xc9, 0xf5, 0x14, 0x61, 0x01, 0x1e, 0x57, 0x80,
    0x63, 0xd8, 0xf0, 0x8a, 0xb5, 0x14, 0x61, 0x00, 0xf8, 0x57, 0x63, 0xe8, 0x4d, 0x01, 0xbe, 0x14,
    0x61, 0x00, 0xd7, 0x57, 0x5f, 0x80, 0xfd, 0x5b, 0x34, 0x61, 0x00, 0xf4, 0x57, 0x5f, 0x36, 0x60,
    0x03, 0x19, 0x01, 0x12, 0x61, 0x00, 0xf4, 0x57, 0x60, 0x20, 0x60, 0x01, 0x54, 0x60, 0x40, 0x51,
    0x90, 0x81, 0x52, 0xf3, 0x5b, 0x5f, 0x80, 0xfd, 0x5b, 0x34, 0x61, 0x00, 0xf4, 0x57, 0x5f, 0x36,
    0x60, 0x03, 0x19, 0x01, 0x12, 0x61, 0x00, 0xf4, 0x57, 0x60, 0x20, 0x60, 0x01, 0x60, 0x01, 0x60,
    0x40, 0x1b, 0x03, 0x60, 0x02, 0x54, 0x16, 0x60, 0x40, 0x51, 0x90, 0x81, 0x52, 0xf3, 0x5b, 0x34,
    0x61, 0x00, 0xf4, 0x57, 0x5f, 0x36, 0x60, 0x03, 0x19, 0x01, 0x12, 0x61, 0x00, 0xf4, 0x57, 0x60,
    0x20, 0x60, 0x40, 0x51, 0x60, 0x32, 0x81, 0x52, 0xf3, 0x5b, 0x34, 0x61, 0x00, 0xf4, 0x57, 0x5f,
    0x36, 0x60, 0x03, 0x19, 0x01, 0x12, 0x61, 0x00, 0xf4, 0x57, 0x60, 0x20, 0x65, 0x1c, 0xae, 0x8c,
    0x13, 0xe0, 0x00, 0x60, 0x40, 0x51, 0x90, 0x81, 0x52, 0xf3, 0x5b, 0x34, 0x61, 0x00, 0xf4, 0x57,
    0x5f, 0x36, 0x60, 0x03, 0x19, 0x01, 0x12, 0x61, 0x00, 0xf4, 0x57, 0x60, 0x20, 0x60, 0x40, 0x51,
    0x62, 0x01, 0x00, 0x00, 0x81, 0x52, 0xf3, 0x5b, 0x34, 0x61, 0x00, 0xf4, 0x57, 0x5f, 0x36, 0x60,
    0x03, 0x19, 0x01, 0x12, 0x61, 0x00, 0xf4, 0x57, 0x60, 0x20, 0x60, 0xff, 0x60, 0x02, 0x54, 0x60,
    0x40, 0x1c, 0x16, 0x60, 0x40, 0x51, 0x90, 0x15, 0x15, 0x81, 0x52, 0xf3, 0x5b, 0x34, 0x61, 0x00,
    0xf4, 0x57, 0x61, 0x01, 0xaa, 0x36, 0x61, 0x05, 0xd4, 0x56, 0x5b, 0x96, 0x64, 0x01, 0x62, 0x5f,
    0x30, 0x00, 0x96, 0x91, 0x93, 0x94, 0x92, 0x95, 0x96, 0x33, 0x03, 0x61, 0x02, 0xc2, 0x57, 0x61,
    0x01, 0xc6, 0x61, 0x07, 0x81, 0x56, 0x5b, 0x61, 0x01, 0xd4, 0x88, 0x87, 0x87, 0x8a, 0x86, 0x86,
    0x61, 0x07, 0xa0, 0x56, 0x5b, 0x87, 0x60, 0xe0, 0x60, 0x01, 0x60, 0x01, 0x60, 0x40, 0x1b, 0x03,
    0x61, 0x01, 0xe7, 0x61, 0x06, 0x35, 0x56, 0x5b, 0x99, 0x84, 0x8b, 0x52, 0x85, 0x60, 0x20, 0x8c,
    0x01, 0x52, 0x16, 0x94, 0x85, 0x60, 0x40, 0x8b, 0x01, 0x52, 0x15, 0x15, 0x95, 0x86, 0x60, 0x60,
    0x8b, 0x01, 0x52, 0x60, 0x01, 0x60, 0x01, 0x60, 0x40, 0x1b, 0x03, 0x88, 0x16, 0x60, 0x80, 0x8b,
    0x01, 0x52, 0x88, 0x60, 0xa0, 0x8b, 0x01, 0x52, 0x15, 0x15, 0x98, 0x89, 0x60, 0xc0, 0x82, 0x01,
    0x52, 0x01, 0x52, 0x60, 0x06, 0x55, 0x60, 0x07, 0x55, 0x60, 0x01, 0x60, 0x01, 0x60, 0x40, 0x1b,
    0x03, 0x19, 0x60, 0x08, 0x54, 0x16, 0x17, 0x60, 0x08, 0x55, 0x60, 0xff, 0x60, 0x40, 0x1b, 0x60,
    0x08, 0x54, 0x91, 0x60, 0x40, 0x1b, 0x16, 0x90, 0x60, 0xff, 0x60, 0x40, 0x1b, 0x19, 0x16, 0x17,
    0x60, 0x08, 0x55, 0x67, 0xff, 0xff, 0xff, 0xff, 0xff, 0xff, 0xff, 0xff, 0x60, 0x48, 0x1b, 0x80,
    0x60, 0x08, 0x54, 0x92, 0x60, 0x48, 0x1b, 0x16, 0x16, 0x90, 0x67, 0xff, 0xff, 0xff, 0xff, 0xff,
    0xff, 0xff, 0xff, 0x60, 0x48, 0x1b, 0x19, 0x16, 0x17, 0x60, 0x08, 0x55, 0x60, 0x09, 0x55, 0x60,
    0xff, 0x80, 0x19, 0x60, 0x0a, 0x54, 0x16, 0x91, 0x16, 0x17, 0x60, 0x0a, 0x55, 0x60, 0x0b, 0x55,
    0x60, 0x01, 0x60, 0xff, 0x19, 0x60, 0x0c, 0x54, 0x16, 0x17, 0x60, 0x0c, 0x55, 0x7f, 0x48, 0xc1,
    0x43, 0x89, 0xf3, 0xa7, 0xf2, 0xf6, 0x24, 0x7d, 0xf5, 0x76, 0xdc, 0xbb, 0xbc, 0xe9, 0x36, 0xa1,
    0x80, 0xa7, 0xff, 0x3c, 0x25, 0x5d, 0xab, 0x8b, 0xf4, 0xc6, 0x36, 0x2e, 0xd5, 0x5f, 0x5f, 0x80,
    0xa1, 0x00, 0x5b, 0x63, 0x02, 0x72, 0xd0, 0x29, 0x60, 0xe6, 0x1b, 0x5f, 0x52, 0x33, 0x60, 0x04,
    0x52, 0x64, 0x01, 0x62, 0x5f, 0x30, 0x00, 0x60, 0x24, 0x52, 0x60, 0x44, 0x5f, 0xfd, 0x5b, 0x34,
    0x61, 0x00, 0xf4, 0x57, 0x5f, 0x36, 0x60, 0x03, 0x19, 0x01, 0x12, 0x61, 0x00, 0xf4, 0x57, 0x60,
    0x20, 0x5f, 0x54, 0x60, 0x40, 0x51, 0x90, 0x81, 0x52, 0xf3, 0x5b, 0x34, 0x61, 0x00, 0xf4, 0x57,
    0x61, 0x03, 0x08, 0x36, 0x61, 0x05, 0xd4, 0x56, 0x5b, 0x94, 0x91, 0x92, 0x95, 0x96, 0x64, 0x01,
    0x62, 0x5f, 0x00, 0x01, 0x94, 0x91, 0x94, 0x33, 0x03, 0x61, 0x03, 0xd1, 0x57, 0x60, 0x0c, 0x54,
    0x96, 0x60, 0xff, 0x88, 0x60, 0x08, 0x1c, 0x16, 0x61, 0x03, 0xc3, 0x57, 0x88, 0x82, 0x61, 0x03,
    0x43, 0x89, 0x88, 0x85, 0x89, 0x61, 0x01, 0x00, 0x9f, 0x60, 0xff, 0x60, 0x40, 0x1b, 0x99, 0x61,
    0x07, 0xa0, 0x56, 0x5b, 0x5f, 0x55, 0x60, 0x01, 0x55, 0x60, 0x01, 0x60, 0x01, 0x60, 0x40, 0x1b,
    0x03, 0x67, 0xff, 0xff, 0xff, 0xff, 0xff, 0xff, 0xff, 0xff, 0x60, 0x48, 0x1b, 0x60, 0x02, 0x54,
    0x92, 0x60, 0x48, 0x1b, 0x16, 0x94, 0x16, 0x90, 0x60, 0x01, 0x60, 0x01, 0x60, 0x88, 0x1b, 0x03,
    0x19, 0x16, 0x17, 0x91, 0x15, 0x15, 0x60, 0x40, 0x1b, 0x16, 0x17, 0x17, 0x60, 0x02, 0x55, 0x60,
    0x03, 0x55, 0x60, 0xff, 0x80, 0x19, 0x60, 0x04, 0x54, 0x16, 0x91, 0x15, 0x15, 0x16, 0x17, 0x60,
    0x04, 0x55, 0x60, 0x05, 0x55, 0x61, 0xff, 0x00, 0x19, 0x16, 0x17, 0x60, 0x0c, 0x55, 0x7f, 0xe1,
    0x37, 0x23, 0xbc, 0xd7, 0x8c, 0xdd, 0xcc, 0x4a, 0xe9, 0x05, 0x81, 0x70, 0x58, 0xfc, 0xfc, 0x8c,
    0x02, 0x2c, 0xa2, 0xca, 0x0f, 0xdd, 0x82, 0x2a, 0x9a, 0x74, 0xcd, 0x46, 0x6e, 0x85, 0xaa, 0x5f,
    0x80, 0xa1, 0x00, 0x5b, 0x62, 0xdc, 0x14, 0x9f, 0x60, 0xe4, 0x1b, 0x5f, 0x52, 0x60, 0x04, 0x5f,
    0xfd, 0x5b, 0x63, 0x02, 0x72, 0xd0, 0x29, 0x60, 0xe6, 0x1b, 0x5f, 0x52, 0x33, 0x60, 0x04, 0x52,
    0x64, 0x01, 0x62, 0x5f, 0x00, 0x01, 0x60, 0x24, 0x52, 0x60, 0x44, 0x5f, 0xfd, 0x5b, 0x34, 0x61,
    0x00, 0xf4, 0x57, 0x5f, 0x36, 0x60, 0x03, 0x19, 0x01, 0x12, 0x61, 0x00, 0xf4, 0x57, 0x60, 0x20,
    0x60, 0xff, 0x60, 0x04, 0x54, 0x16, 0x60, 0x40, 0x51, 0x90, 0x15, 0x15, 0x81, 0x52, 0xf3, 0x5b,
    0x34, 0x61, 0x00, 0xf4, 0x57, 0x5f, 0x36, 0x60, 0x03, 0x19, 0x01, 0x12, 0x61, 0x00, 0xf4, 0x57,
    0x60, 0x20, 0x60, 0xff, 0x60, 0x0c, 0x54, 0x16, 0x60, 0x40, 0x51, 0x90, 0x15, 0x15, 0x81, 0x52,
    0xf3, 0x5b, 0x34, 0x61, 0x00, 0xf4, 0x57, 0x5f, 0x36, 0x60, 0x03, 0x19, 0x01, 0x12, 0x61, 0x00,
    0xf4, 0x57, 0x61, 0x04, 0x49, 0x61, 0x06, 0x69, 0x56, 0x5b, 0x00, 0x5b, 0x34, 0x61, 0x00, 0xf4,
    0x57, 0x5f, 0x36, 0x60, 0x03, 0x19, 0x01, 0x12, 0x61, 0x00, 0xf4, 0x57, 0x60, 0x20, 0x60, 0x03,
    0x54, 0x60, 0x40, 0x51, 0x90, 0x81, 0x52, 0xf3, 0x5b, 0x34, 0x61, 0x00, 0xf4, 0x57, 0x5f, 0x36,
    0x60, 0x03, 0x19, 0x01, 0x12, 0x61, 0x00, 0xf4, 0x57, 0x60, 0x20, 0x60, 0xff, 0x60, 0x0c, 0x54,
    0x60, 0x08, 0x1c, 0x16, 0x60, 0x40, 0x51, 0x90, 0x15, 0x15, 0x81, 0x52, 0xf3, 0x5b, 0x34, 0x61,
    0x00, 0xf4, 0x57, 0x5f, 0x36, 0x60, 0x03, 0x19, 0x01, 0x12, 0x61, 0x00, 0xf4, 0x57, 0x5f, 0x60,
    0xe0, 0x61, 0x04, 0xa8, 0x61, 0x06, 0x35, 0x56, 0x5b, 0x82, 0x81, 0x52, 0x82, 0x60, 0x20, 0x82,
    0x01, 0x52, 0x82, 0x60, 0x40, 0x82, 0x01, 0x52, 0x82, 0x60, 0x60, 0x82, 0x01, 0x52, 0x82, 0x60,
    0x80, 0x82, 0x01, 0x52, 0x82, 0x60, 0xa0, 0x82, 0x01, 0x52, 0x82, 0x60, 0xc0, 0x82, 0x01, 0x52,
    0x01, 0x52, 0x61, 0x04, 0xd9, 0x61, 0x07, 0x81, 0x56, 0x5b, 0x61, 0x01, 0x20, 0x60, 0xff, 0x60,
    0x0c, 0x54, 0x16, 0x61, 0x04, 0xea, 0x61, 0x06, 0x35, 0x56, 0x5b, 0x60, 0x06, 0x54, 0x81, 0x52,
    0x60, 0x07, 0x54, 0x60, 0x20, 0x82, 0x01, 0x90, 0x81, 0x52, 0x60, 0x08, 0x54, 0x60, 0x01, 0x60,
    0x01, 0x60, 0x40, 0x1b, 0x03, 0x60, 0x40, 0x84, 0x01, 0x91, 0x81, 0x81, 0x16, 0x83, 0x52, 0x60,
    0x60, 0x85, 0x01, 0x60, 0xff, 0x82, 0x60, 0x40, 0x1c, 0x16, 0x15, 0x15, 0x81, 0x52, 0x82, 0x60,
    0x80, 0x87, 0x01, 0x92, 0x60, 0x48, 0x1c, 0x16, 0x82, 0x52, 0x82, 0x60, 0x09, 0x54, 0x94, 0x60,
    0xa0, 0x88, 0x01, 0x95, 0x86, 0x52, 0x60, 0xff, 0x60, 0x0a, 0x54, 0x16, 0x96, 0x60, 0xc0, 0x89,
    0x01, 0x97, 0x15, 0x15, 0x88, 0x52, 0x60, 0x0b, 0x54, 0x98, 0x60, 0xe0, 0x81, 0x01, 0x99, 0x8a,
    0x52, 0x60, 0x40, 0x51, 0x9a, 0x15, 0x15, 0x8b, 0x52, 0x51, 0x60, 0x20, 0x8b, 0x01, 0x52, 0x51,
    0x60, 0x40, 0x8a, 0x01, 0x52, 0x51, 0x16, 0x60, 0x60, 0x88, 0x01, 0x52, 0x51, 0x15, 0x15, 0x60,
    0x80, 0x87, 0x01, 0x52, 0x51, 0x16, 0x60, 0xa0, 0x85, 0x01, 0x52, 0x51, 0x60, 0xc0, 0x84, 0x01,
    0x52, 0x51, 0x15, 0x15, 0x60, 0xe0, 0x83, 0x01, 0x52, 0x51, 0x61, 0x01, 0x00, 0x82, 0x01, 0x52,
    0xf3, 0x5b, 0x34, 0x61, 0x00, 0xf4, 0x57, 0x5f, 0x36, 0x60, 0x03, 0x19, 0x01, 0x12, 0x61, 0x00,
    0xf4, 0x57, 0x60, 0x20, 0x60, 0x01, 0x60, 0x01, 0x60, 0x40, 0x1b, 0x03, 0x60, 0x02, 0x54, 0x60,
    0x48, 0x1c, 0x16, 0x60, 0x40, 0x51, 0x90, 0x81, 0x52, 0xf3, 0x5b, 0x34, 0x61, 0x00, 0xf4, 0x57,
    0x5f, 0x36, 0x60, 0x03, 0x19, 0x01, 0x12, 0x61, 0x00, 0xf4, 0x57, 0x60, 0x20, 0x90, 0x60, 0x05,
    0x54, 0x81, 0x52, 0xf3, 0x5b, 0x61, 0x01, 0x00, 0x90, 0x60, 0x03, 0x19, 0x01, 0x12, 0x61, 0x00,
    0xf4, 0x57, 0x60, 0x04, 0x35, 0x90, 0x60, 0x24, 0x35, 0x90, 0x60, 0x44, 0x35, 0x60, 0x01, 0x60,
    0x01, 0x60, 0x40, 0x1b, 0x03, 0x81, 0x16, 0x81, 0x03, 0x61, 0x00, 0xf4, 0x57, 0x90, 0x60, 0x64,
    0x35, 0x80, 0x15, 0x15, 0x81, 0x03, 0x61, 0x00, 0xf4, 0x57, 0x90, 0x60, 0x84, 0x35, 0x60, 0x01,
    0x60, 0x01, 0x60, 0x40, 0x1b, 0x03, 0x81, 0x16, 0x81, 0x03, 0x61, 0x00, 0xf4, 0x57, 0x90, 0x60,
    0xa4, 0x35, 0x90, 0x60, 0xc4, 0x35, 0x80, 0x15, 0x15, 0x81, 0x03, 0x61, 0x00, 0xf4, 0x57, 0x90,
    0x60, 0xe4, 0x35, 0x90, 0x56, 0x5b, 0x60, 0x40, 0x51, 0x90, 0x61, 0x01, 0x00, 0x82, 0x01, 0x82,
    0x81, 0x10, 0x60, 0x01, 0x60, 0x01, 0x60, 0x40, 0x1b, 0x03, 0x82, 0x11, 0x17, 0x61, 0x06, 0x55,
    0x57, 0x60, 0x40, 0x52, 0x56, 0x5b, 0x63, 0x4e, 0x48, 0x7b, 0x71, 0x60, 0xe0, 0x1b, 0x5f, 0x52,
    0x60, 0x41, 0x60, 0x04, 0x52, 0x60, 0x24, 0x5f, 0xfd, 0x5b, 0x64, 0x01, 0x62, 0x5f, 0x20, 0x03,
    0x33, 0x03, 0x61, 0x07, 0x65, 0x57, 0x61, 0x06, 0x7d, 0x61, 0x07, 0x81, 0x56, 0x5b, 0x60, 0x0c,
    0x54, 0x60, 0xff, 0x81, 0x16, 0x15, 0x61, 0x07, 0x62, 0x57, 0x60, 0x06, 0x54, 0x5f, 0x55, 0x60,
    0x07, 0x54, 0x60, 0x01, 0x55, 0x60, 0x08, 0x54, 0x60, 0x02, 0x54, 0x90, 0x60, 0xff, 0x60, 0x40,
    0x1b, 0x60, 0xff, 0x67, 0xff, 0xff, 0xff, 0xff, 0xff, 0xff, 0xff, 0xff, 0x60, 0x48, 0x1b, 0x83,
    0x16, 0x93, 0x60, 0x01, 0x60, 0x01, 0x60, 0x40, 0x1b, 0x03, 0x84, 0x16, 0x90, 0x60, 0x01, 0x60,
    0x01, 0x60, 0x88, 0x1b, 0x03, 0x19, 0x16, 0x17, 0x92, 0x60, 0x40, 0x1c, 0x16, 0x15, 0x15, 0x60,
    0x40, 0x1b, 0x16, 0x17, 0x17, 0x60, 0x02, 0x55, 0x60, 0x09, 0x54, 0x60, 0x03, 0x55, 0x60, 0xff,
    0x60, 0x0a, 0x54, 0x16, 0x15, 0x15, 0x60, 0xff, 0x80, 0x19, 0x60, 0x04, 0x54, 0x16, 0x91, 0x16,
    0x17, 0x60, 0x04, 0x55, 0x60, 0x0b, 0x54, 0x60, 0x05, 0x55, 0x60, 0xff, 0x19, 0x16, 0x60, 0x0c,
    0x55, 0x5f, 0x60, 0x06, 0x55, 0x5f, 0x60, 0x07, 0x55, 0x5f, 0x60, 0x08, 0x55, 0x5f, 0x60, 0x09,
    0x55, 0x5f, 0x60, 0x0a, 0x55, 0x5f, 0x60, 0x0b, 0x55, 0x7f, 0xe1, 0x37, 0x23, 0xbc, 0xd7, 0x8c,
    0xdd, 0xcc, 0x4a, 0xe9, 0x05, 0x81, 0x70, 0x58, 0xfc, 0xfc, 0x8c, 0x02, 0x2c, 0xa2, 0xca, 0x0f,
    0xdd, 0x82, 0x2a, 0x9a, 0x74, 0xcd, 0x46, 0x6e, 0x85, 0xaa, 0x5f, 0x80, 0xa1, 0x7f, 0xa6, 0xfe,
    0xeb, 0x38, 0x84, 0x68, 0xb8, 0x54, 0xdc, 0x42, 0x88, 0xe2, 0x74, 0x0c, 0x5b, 0xb1, 0x23, 0x9c,
    0x38, 0xb2, 0x79, 0xa6, 0x1b, 0xa6, 0x85, 0x04, 0xe9, 0xcf, 0x02, 0xd8, 0x31, 0x64, 0x5f, 0x80,
    0xa1, 0x56, 0x5b, 0x50, 0x56, 0x5b, 0x63, 0x02, 0x72, 0xd0, 0x29, 0x60, 0xe6, 0x1b, 0x5f, 0x52,
    0x33, 0x60, 0x04, 0x52, 0x64, 0x01, 0x62, 0x5f, 0x20, 0x03, 0x60, 0x24, 0x52, 0x60, 0x44, 0x5f,
    0xfd, 0x5b, 0x60, 0xff, 0x60, 0x0c, 0x54, 0x60, 0x08, 0x1c, 0x16, 0x15, 0x61, 0x07, 0x91, 0x57,
    0x56, 0x5b, 0x63, 0x0c, 0xe1, 0x92, 0xcf, 0x60, 0xe2, 0x1b, 0x5f, 0x52, 0x60, 0x04, 0x5f, 0xfd,
    0x5b, 0x80, 0x15, 0x61, 0x08, 0x95, 0x57, 0x80, 0x82, 0x10, 0x61, 0x08, 0x80, 0x57, 0x50, 0x50,
    0x60, 0x01, 0x60, 0x01, 0x60, 0x40, 0x1b, 0x03, 0x16, 0x80, 0x15, 0x61, 0x08, 0x71, 0x57, 0x65,
    0x1c, 0xae, 0x8c, 0x13, 0xe0, 0x00, 0x90, 0x81, 0x81, 0x11, 0x61, 0x08, 0x5c, 0x57, 0x50, 0x50,
    0x60, 0x01, 0x60, 0x01, 0x60, 0x40, 0x1b, 0x03, 0x16, 0x80, 0x15, 0x80, 0x15, 0x61, 0x08, 0x52,
    0x57, 0x5b, 0x61, 0x08, 0x40, 0x57, 0x50, 0x80, 0x15, 0x80, 0x15, 0x61, 0x08, 0x34, 0x57, 0x5b,
    0x61, 0x08, 0x22, 0x57, 0x50, 0x60, 0x01, 0x60, 0x01, 0x60, 0x40, 0x1b, 0x03, 0x81, 0x11, 0x61,
    0x08, 0x05, 0x57, 0x50, 0x56, 0x5b, 0x63, 0x3a, 0xc7, 0x2e, 0x03, 0x60, 0xe1, 0x1b, 0x5f, 0x52,
    0x60, 0x04, 0x52, 0x60, 0x01, 0x60, 0x01, 0x60, 0x40, 0x1b, 0x03, 0x60, 0x24, 0x52, 0x60, 0x44,
    0x5f, 0xfd, 0x5b, 0x63, 0x07, 0x03, 0xd2, 0x1b, 0x60, 0xe1, 0x1b, 0x5f, 0x52, 0x60, 0x04, 0x52,
    0x60, 0x24, 0x5f, 0xfd, 0x5b, 0x50, 0x62, 0x01, 0x00, 0x00, 0x81, 0x11, 0x61, 0x07, 0xef, 0x56,
    0x5b, 0x63, 0x06, 0x33, 0x62, 0xaf, 0x60, 0xe5, 0x1b, 0x5f, 0x52, 0x60, 0x04, 0x52, 0x60, 0x24,
    0x5f, 0xfd, 0x5b, 0x50, 0x60, 0x32, 0x81, 0x11, 0x61, 0x07, 0xe1, 0x56, 0x5b, 0x63, 0x7f, 0x7c,
    0x1b, 0xb5, 0x60, 0xe0, 0x1b, 0x5f, 0x52, 0x60, 0x04, 0x52, 0x60, 0x24, 0x52, 0x60, 0x44, 0x5f,
    0xfd, 0x5b, 0x63, 0xc2, 0x81, 0x35, 0xab, 0x60, 0xe0, 0x1b, 0x5f, 0x52, 0x60, 0x04, 0x5f, 0xfd,
    0x5b, 0x63, 0x1b, 0x71, 0x96, 0xbf, 0x60, 0xe2, 0x1b, 0x5f, 0x52, 0x60, 0x04, 0x52, 0x60, 0x24,
    0x52, 0x60, 0x44, 0x5f, 0xfd, 0x5b, 0x63, 0x24, 0xc7, 0x6d, 0x4f, 0x60, 0xe0, 0x1b, 0x5f, 0x52,
    0x60, 0x04, 0x5f, 0xfd, 0xfe, 0xa2, 0x64, 0x69, 0x70, 0x66, 0x73, 0x58, 0x22, 0x12, 0x20, 0x4a,
    0x09, 0x24, 0x08, 0x12, 0xb8, 0xf8, 0x60, 0x8c, 0x97, 0x60, 0xbf, 0xdb, 0x9a, 0xa6, 0x67, 0xb9,
    0xe5, 0x3e, 0xc5, 0x2e, 0x65, 0x11, 0x92, 0xc8, 0x35, 0x61, 0x05, 0xa9, 0x79, 0x15, 0x07, 0x64,
    0x73, 0x6f, 0x6c, 0x63, 0x43, 0x00, 0x08, 0x1e, 0x00, 0x33,
];
/// `ValidatorConfig` system address
pub const VALIDATOR_CONFIG_ADDRESS: Address = address!("00000000000000000000000000000001625F1002");

/// `GovernanceConfig` runtime bytecode (from current HEAD)
pub const GOVERNANCE_CONFIG_BYTECODE: &[u8] = &[
    0x60, 0x80, 0x60, 0x40, 0x52, 0x60, 0x04, 0x36, 0x10, 0x15, 0x61, 0x00, 0x11, 0x57, 0x5f, 0x80,
    0xfd, 0x5b, 0x5f, 0x35, 0x60, 0xe0, 0x1c, 0x80, 0x63, 0x16, 0x8e, 0x2a, 0x4c, 0x14, 0x61, 0x02,
    0xfd, 0x57, 0x80, 0x63, 0x2f, 0x01, 0xb9, 0x75, 0x14, 0x61, 0x02, 0x6b, 0x57, 0x80, 0x63, 0x31,
    0xea, 0xd8, 0x43, 0x14, 0x61, 0x02, 0x46, 0x57, 0x80, 0x63, 0x39, 0x2e, 0x53, 0xcd, 0x14, 0x61,
    0x02, 0x21, 0x57, 0x80, 0x63, 0x52, 0x82, 0x49, 0x0e, 0x14, 0x61, 0x02, 0x07, 0x57, 0x80, 0x63,
    0x66, 0x4b, 0x96, 0xbf, 0x14, 0x61, 0x01, 0xe0, 0x57, 0x80, 0x63, 0x7f, 0x15, 0x14, 0xe7, 0x14,
    0x61, 0x01, 0xbe, 0x57, 0x80, 0x63, 0xc2, 0x2b, 0x02, 0x6f, 0x14, 0x61, 0x00, 0xf3, 0x57, 0x80,
    0x63, 0xd2, 0x8b, 0xd8, 0x0f, 0x14, 0x61, 0x00, 0xd6, 0x57, 0x80, 0x63, 0xea, 0xf1, 0x06, 0x1c,
    0x14, 0x61, 0x00, 0xb7, 0x57, 0x63, 0xee, 0xfe, 0x85, 0xe4, 0x14, 0x61, 0x00, 0x92, 0x57, 0x5f,
    0x80, 0xfd, 0x5b, 0x34, 0x61, 0x00, 0xb3, 0x57, 0x5f, 0x36, 0x60, 0x03, 0x19, 0x01, 0x12, 0x61,
    0x00, 0xb3, 0x57, 0x60, 0x40, 0x51, 0x65, 0x1c, 0xae, 0x8c, 0x13, 0xe0, 0x00, 0x81, 0x52, 0x60,
    0x20, 0x90, 0xf3, 0x5b, 0x5f, 0x80, 0xfd, 0x5b, 0x34, 0x61, 0x00, 0xb3, 0x57, 0x5f, 0x36, 0x60,
    0x03, 0x19, 0x01, 0x12, 0x61, 0x00, 0xb3, 0x57, 0x60, 0x40, 0x51, 0x63, 0xd6, 0x93, 0xa4, 0x00,
    0x81, 0x52, 0x60, 0x20, 0x90, 0xf3, 0x5b, 0x34, 0x61, 0x00, 0xb3, 0x57, 0x5f, 0x36, 0x60, 0x03,
    0x19, 0x01, 0x12, 0x61, 0x00, 0xb3, 0x57, 0x60, 0x20, 0x60, 0x01, 0x54, 0x60, 0x40, 0x51, 0x90,
    0x81, 0x52, 0xf3, 0x5b, 0x34, 0x61, 0x00, 0xb3, 0x57, 0x61, 0x01, 0x01, 0x36, 0x61, 0x03, 0xcd,
    0x56, 0x5b, 0x90, 0x91, 0x64, 0x01, 0x62, 0x5f, 0x00, 0x01, 0x33, 0x03, 0x61, 0x01, 0xa2, 0x57,
    0x60, 0x06, 0x54, 0x91, 0x60, 0xff, 0x83, 0x60, 0x08, 0x1c, 0x16, 0x61, 0x01, 0x94, 0x57, 0x83,
    0x60, 0x01, 0x60, 0x01, 0x60, 0x80, 0x1b, 0x03, 0x83, 0x61, 0x01, 0x3f, 0x84, 0x61, 0x01, 0x00,
    0x98, 0x67, 0xff, 0xff, 0xff, 0xff, 0xff, 0xff, 0xff, 0xff, 0x97, 0x61, 0x05, 0x37, 0x56, 0x5b,
    0x16, 0x60, 0x01, 0x60, 0x01, 0x60, 0x80, 0x1b, 0x03, 0x19, 0x5f, 0x54, 0x16, 0x17, 0x5f, 0x55,
    0x60, 0x01, 0x55, 0x16, 0x67, 0xff, 0xff, 0xff, 0xff, 0xff, 0xff, 0xff, 0xff, 0x19, 0x60, 0x02,
    0x54, 0x16, 0x17, 0x60, 0x02, 0x55, 0x61, 0xff, 0x00, 0x19, 0x16, 0x17, 0x60, 0x06, 0x55, 0x7f,
    0xef, 0xb1, 0x32, 0xdf, 0x76, 0x34, 0xb5, 0xf0, 0x95, 0x2f, 0x33, 0xd2, 0xfd, 0x54, 0xb9, 0x55,
    0x36, 0x19, 0xb8, 0xed, 0x5d, 0xb7, 0x52, 0xb4, 0x95, 0xb5, 0x99, 0x70, 0x21, 0x90, 0x12, 0xd9,
    0x5f, 0x80, 0xa1, 0x00, 0x5b, 0x62, 0xdc, 0x14, 0x9f, 0x60, 0xe4, 0x1b, 0x5f, 0x52, 0x60, 0x04,
    0x5f, 0xfd, 0x5b, 0x63, 0x02, 0x72, 0xd0, 0x29, 0x60, 0xe6, 0x1b, 0x5f, 0x52, 0x33, 0x60, 0x04,
    0x52, 0x64, 0x01, 0x62, 0x5f, 0x00, 0x01, 0x60, 0x24, 0x52, 0x60, 0x44, 0x5f, 0xfd, 0x5b, 0x34,
    0x61, 0x00, 0xb3, 0x57, 0x5f, 0x36, 0x60, 0x03, 0x19, 0x01, 0x12, 0x61, 0x00, 0xb3, 0x57, 0x60,
    0x20, 0x60, 0xff, 0x60, 0x06, 0x54, 0x16, 0x60, 0x40, 0x51, 0x90, 0x15, 0x15, 0x81, 0x52, 0xf3,
    0x5b, 0x34, 0x61, 0x00, 0xb3, 0x57, 0x5f, 0x36, 0x60, 0x03, 0x19, 0x01, 0x12, 0x61, 0x00, 0xb3,
    0x57, 0x60, 0x20, 0x67, 0xff, 0xff, 0xff, 0xff, 0xff, 0xff, 0xff, 0xff, 0x60, 0x02, 0x54, 0x16,
    0x60, 0x40, 0x51, 0x90, 0x81, 0x52, 0xf3, 0x5b, 0x34, 0x61, 0x00, 0xb3, 0x57, 0x5f, 0x36, 0x60,
    0x03, 0x19, 0x01, 0x12, 0x61, 0x00, 0xb3, 0x57, 0x61, 0x02, 0x1f, 0x61, 0x04, 0x3c, 0x56, 0x5b,
    0x00, 0x5b, 0x34, 0x61, 0x00, 0xb3, 0x57, 0x5f, 0x36, 0x60, 0x03, 0x19, 0x01, 0x12, 0x61, 0x00,
    0xb3, 0x57, 0x60, 0x20, 0x60, 0xff, 0x60, 0x06, 0x54, 0x60, 0x08, 0x1c, 0x16, 0x60, 0x40, 0x51,
    0x90, 0x15, 0x15, 0x81, 0x52, 0xf3, 0x5b, 0x34, 0x61, 0x00, 0xb3, 0x57, 0x5f, 0x36, 0x60, 0x03,
    0x19, 0x01, 0x12, 0x61, 0x00, 0xb3, 0x57, 0x60, 0x20, 0x60, 0x01, 0x60, 0x01, 0x60, 0x80, 0x1b,
    0x03, 0x5f, 0x54, 0x16, 0x60, 0x40, 0x51, 0x90, 0x81, 0x52, 0xf3, 0x5b, 0x34, 0x61, 0x00, 0xb3,
    0x57, 0x5f, 0x36, 0x60, 0x03, 0x19, 0x01, 0x12, 0x61, 0x00, 0xb3, 0x57, 0x5f, 0x60, 0x40, 0x61,
    0x02, 0x86, 0x61, 0x04, 0x08, 0x56, 0x5b, 0x82, 0x81, 0x52, 0x82, 0x60, 0x20, 0x82, 0x01, 0x52,
    0x01, 0x52, 0x61, 0x02, 0x99, 0x61, 0x05, 0x18, 0x56, 0x5b, 0x60, 0x80, 0x60, 0xff, 0x60, 0x06,
    0x54, 0x16, 0x67, 0xff, 0xff, 0xff, 0xff, 0xff, 0xff, 0xff, 0xff, 0x61, 0x02, 0xb2, 0x61, 0x04,
    0x08, 0x56, 0x5b, 0x60, 0x01, 0x60, 0x01, 0x60, 0x80, 0x1b, 0x03, 0x60, 0x03, 0x54, 0x16, 0x81,
    0x52, 0x60, 0x04, 0x54, 0x60, 0x20, 0x82, 0x01, 0x90, 0x81, 0x52, 0x60, 0x01, 0x60, 0x01, 0x60,
    0x80, 0x1b, 0x03, 0x83, 0x60, 0x05, 0x54, 0x16, 0x92, 0x60, 0x40, 0x81, 0x01, 0x93, 0x84, 0x52,
    0x60, 0x40, 0x51, 0x95, 0x15, 0x15, 0x86, 0x52, 0x51, 0x16, 0x60, 0x20, 0x85, 0x01, 0x52, 0x51,
    0x60, 0x40, 0x84, 0x01, 0x52, 0x51, 0x16, 0x60, 0x60, 0x82, 0x01, 0x52, 0xf3, 0x5b, 0x34, 0x61,
    0x00, 0xb3, 0x57, 0x61, 0x03, 0x0b, 0x36, 0x61, 0x03, 0xcd, 0x56, 0x5b, 0x64, 0x01, 0x62, 0x5f,
    0x30, 0x00, 0x33, 0x03, 0x61, 0x03, 0xb1, 0x57, 0x60, 0x40, 0x92, 0x61, 0x03, 0x22, 0x61, 0x05,
    0x18, 0x56, 0x5b, 0x61, 0x03, 0x2d, 0x82, 0x84, 0x83, 0x61, 0x05, 0x37, 0x56, 0x5b, 0x67, 0xff,
    0xff, 0xff, 0xff, 0xff, 0xff, 0xff, 0xff, 0x60, 0x01, 0x60, 0x01, 0x60, 0x80, 0x1b, 0x03, 0x61,
    0x03, 0x46, 0x61, 0x04, 0x08, 0x56, 0x5b, 0x92, 0x16, 0x92, 0x83, 0x83, 0x52, 0x84, 0x60, 0x20,
    0x84, 0x01, 0x52, 0x16, 0x93, 0x84, 0x91, 0x01, 0x52, 0x60, 0x01, 0x60, 0x01, 0x60, 0x80, 0x1b,
    0x03, 0x19, 0x60, 0x03, 0x54, 0x16, 0x17, 0x60, 0x03, 0x55, 0x60, 0x04, 0x55, 0x67, 0xff, 0xff,
    0xff, 0xff, 0xff, 0xff, 0xff, 0xff, 0x19, 0x60, 0x05, 0x54, 0x16, 0x17, 0x60, 0x05, 0x55, 0x60,
    0x01, 0x60, 0xff, 0x19, 0x60, 0x06, 0x54, 0x16, 0x17, 0x60, 0x06, 0x55, 0x7f, 0x03, 0x71, 0x2b,
    0xdf, 0xc6, 0xd1, 0xdf, 0x48, 0xd5, 0xac, 0xca, 0xa6, 0x20, 0x1c, 0x54, 0x6b, 0x6a, 0x7b, 0x3e,
    0x0e, 0xfc, 0xd0, 0xa8, 0x7c, 0x8f, 0x31, 0x3f, 0x0d, 0xb0, 0x3a, 0xfa, 0xad, 0x5f, 0x80, 0xa1,
    0x00, 0x5b, 0x63, 0x02, 0x72, 0xd0, 0x29, 0x60, 0xe6, 0x1b, 0x5f, 0x52, 0x33, 0x60, 0x04, 0x52,
    0x64, 0x01, 0x62, 0x5f, 0x30, 0x00, 0x60, 0x24, 0x52, 0x60, 0x44, 0x5f, 0xfd, 0x5b, 0x60, 0x60,
    0x90, 0x60, 0x03, 0x19, 0x01, 0x12, 0x61, 0x00, 0xb3, 0x57, 0x60, 0x04, 0x35, 0x60, 0x01, 0x60,
    0x01, 0x60, 0x80, 0x1b, 0x03, 0x81, 0x16, 0x81, 0x03, 0x61, 0x00, 0xb3, 0x57, 0x90, 0x60, 0x24,
    0x35, 0x90, 0x60, 0x44, 0x35, 0x67, 0xff, 0xff, 0xff, 0xff, 0xff, 0xff, 0xff, 0xff, 0x81, 0x16,
    0x81, 0x03, 0x61, 0x00, 0xb3, 0x57, 0x90, 0x56, 0x5b, 0x60, 0x40, 0x51, 0x90, 0x60, 0x60, 0x82,
    0x01, 0x82, 0x81, 0x10, 0x67, 0xff, 0xff, 0xff, 0xff, 0xff, 0xff, 0xff, 0xff, 0x82, 0x11, 0x17,
    0x61, 0x04, 0x28, 0x57, 0x60, 0x40, 0x52, 0x56, 0x5b, 0x63, 0x4e, 0x48, 0x7b, 0x71, 0x60, 0xe0,
    0x1b, 0x5f, 0x52, 0x60, 0x41, 0x60, 0x04, 0x52, 0x60, 0x24, 0x5f, 0xfd, 0x5b, 0x64, 0x01, 0x62,
    0x5f, 0x20, 0x03, 0x33, 0x03, 0x61, 0x04, 0xfc, 0x57, 0x61, 0x04, 0x50, 0x61, 0x05, 0x18, 0x56,
    0x5b, 0x60, 0x06, 0x54, 0x60, 0xff, 0x81, 0x16, 0x15, 0x61, 0x04, 0xf9, 0x57, 0x60, 0x01, 0x60,
    0x01, 0x60, 0x80, 0x1b, 0x03, 0x60, 0x03, 0x54, 0x16, 0x60, 0x01, 0x60, 0x01, 0x60, 0x80, 0x1b,
    0x03, 0x19, 0x5f, 0x54, 0x16, 0x17, 0x5f, 0x55, 0x60, 0x04, 0x54, 0x60, 0x01, 0x55, 0x67, 0xff,
    0xff, 0xff, 0xff, 0xff, 0xff, 0xff, 0xff, 0x60, 0x05, 0x54, 0x16, 0x67, 0xff, 0xff, 0xff, 0xff,
    0xff, 0xff, 0xff, 0xff, 0x19, 0x60, 0x02, 0x54, 0x16, 0x17, 0x60, 0x02, 0x55, 0x60, 0xff, 0x19,
    0x16, 0x60, 0x06, 0x55, 0x5f, 0x60, 0x03, 0x55, 0x5f, 0x60, 0x04, 0x55, 0x5f, 0x60, 0x05, 0x55,
    0x7f, 0xef, 0xb1, 0x32, 0xdf, 0x76, 0x34, 0xb5, 0xf0, 0x95, 0x2f, 0x33, 0xd2, 0xfd, 0x54, 0xb9,
    0x55, 0x36, 0x19, 0xb8, 0xed, 0x5d, 0xb7, 0x52, 0xb4, 0x95, 0xb5, 0x99, 0x70, 0x21, 0x90, 0x12,
    0xd9, 0x5f, 0x80, 0xa1, 0x7f, 0x14, 0x6d, 0xba, 0x57, 0xfd, 0xe6, 0xcf, 0xaf, 0xd5, 0xde, 0xee,
    0x43, 0x00, 0x40, 0x67, 0x84, 0xcc, 0x20, 0xd8, 0x11, 0xee, 0xcc, 0xf1, 0x06, 0x05, 0x27, 0x98,
    0x4a, 0x94, 0x76, 0xf3, 0x30, 0x5f, 0x80, 0xa1, 0x56, 0x5b, 0x50, 0x56, 0x5b, 0x63, 0x02, 0x72,
    0xd0, 0x29, 0x60, 0xe6, 0x1b, 0x5f, 0x52, 0x33, 0x60, 0x04, 0x52, 0x64, 0x01, 0x62, 0x5f, 0x20,
    0x03, 0x60, 0x24, 0x52, 0x60, 0x44, 0x5f, 0xfd, 0x5b, 0x60, 0xff, 0x60, 0x06, 0x54, 0x60, 0x08,
    0x1c, 0x16, 0x15, 0x61, 0x05, 0x28, 0x57, 0x56, 0x5b, 0x63, 0xd4, 0xf7, 0x53, 0xb5, 0x60, 0xe0,
    0x1b, 0x5f, 0x52, 0x60, 0x04, 0x5f, 0xfd, 0x5b, 0x60, 0x01, 0x60, 0x01, 0x60, 0x80, 0x1b, 0x03,
    0x16, 0x80, 0x15, 0x61, 0x05, 0xe2, 0x57, 0x60, 0x01, 0x60, 0x01, 0x60, 0x80, 0x1b, 0x03, 0x14,
    0x61, 0x05, 0xd3, 0x57, 0x80, 0x15, 0x61, 0x05, 0xc4, 0x57, 0x5f, 0x19, 0x14, 0x61, 0x05, 0xb5,
    0x57, 0x67, 0xff, 0xff, 0xff, 0xff, 0xff, 0xff, 0xff, 0xff, 0x16, 0x63, 0xd6, 0x93, 0xa4, 0x00,
    0x80, 0x82, 0x10, 0x61, 0x05, 0x9f, 0x57, 0x50, 0x65, 0x1c, 0xae, 0x8c, 0x13, 0xe0, 0x00, 0x90,
    0x81, 0x81, 0x11, 0x61, 0x05, 0x8a, 0x57, 0x50, 0x50, 0x56, 0x5b, 0x63, 0x3e, 0x6e, 0x26, 0x09,
    0x60, 0xe2, 0x1b, 0x5f, 0x52, 0x60, 0x04, 0x52, 0x60, 0x24, 0x52, 0x60, 0x44, 0x5f, 0xfd, 0x5b,
    0x90, 0x63, 0x96, 0x8a, 0x65, 0xb1, 0x60, 0xe0, 0x1b, 0x5f, 0x52, 0x60, 0x04, 0x52, 0x60, 0x24,
    0x52, 0x60, 0x44, 0x5f, 0xfd, 0x5b, 0x63, 0xfb, 0x1f, 0x84, 0xf1, 0x60, 0xe0, 0x1b, 0x5f, 0x52,
    0x60, 0x04, 0x5f, 0xfd, 0x5b, 0x63, 0xa7, 0x80, 0x30, 0x89, 0x60, 0xe0, 0x1b, 0x5f, 0x52, 0x60,
    0x04, 0x5f, 0xfd, 0x5b, 0x63, 0x1a, 0xb9, 0x3e, 0x9f, 0x60, 0xe0, 0x1b, 0x5f, 0x52, 0x60, 0x04,
    0x5f, 0xfd, 0x5b, 0x63, 0x0a, 0x6e, 0x30, 0xf7, 0x60, 0xe0, 0x1b, 0x5f, 0x52, 0x60, 0x04, 0x5f,
    0xfd, 0xfe, 0xa2, 0x64, 0x69, 0x70, 0x66, 0x73, 0x58, 0x22, 0x12, 0x20, 0x05, 0xab, 0xe4, 0x27,
    0xad, 0x47, 0xca, 0x1b, 0x38, 0xbc, 0x98, 0x94, 0x7e, 0xfd, 0xe7, 0x8d, 0xf6, 0x6c, 0x34, 0xf9,
    0x4c, 0x23, 0xb7, 0xef, 0x9a, 0x68, 0x65, 0xb1, 0x9e, 0x9f, 0xe2, 0xa0, 0x64, 0x73, 0x6f, 0x6c,
    0x63, 0x43, 0x00, 0x08, 0x1e, 0x00, 0x33,
];
/// `GovernanceConfig` system address
pub const GOVERNANCE_CONFIG_ADDRESS: Address = address!("00000000000000000000000000000001625F1004");

/// Staking runtime bytecode (from current HEAD)
pub const STAKING_BYTECODE: &[u8] = &[
    0x60, 0x80, 0x60, 0x40, 0x52, 0x60, 0x04, 0x36, 0x10, 0x15, 0x61, 0x00, 0x11, 0x57, 0x5f, 0x80,
    0xfd, 0x5b, 0x5f, 0x5f, 0x35, 0x60, 0xe0, 0x1c, 0x80, 0x63, 0x06, 0x8b, 0xcd, 0x8d, 0x14, 0x61,
    0x0b, 0x9b, 0x57, 0x80, 0x63, 0x16, 0xae, 0x20, 0xc7, 0x14, 0x61, 0x0a, 0xe6, 0x57, 0x80, 0x63,
    0x3b, 0x7a, 0x74, 0x04, 0x14, 0x61, 0x0a, 0x75, 0x57, 0x80, 0x63, 0x4f, 0xf0, 0x29, 0x3b, 0x14,
    0x61, 0x0a, 0x0f, 0x57, 0x80, 0x63, 0x51, 0x67, 0xb6, 0xfc, 0x14, 0x61, 0x09, 0x88, 0x57, 0x80,
    0x63, 0x5b, 0x16, 0xeb, 0xb7, 0x14, 0x61, 0x09, 0x4b, 0x57, 0x80, 0x63, 0x5d, 0xd7, 0x22, 0x3b,
    0x14, 0x61, 0x08, 0xe5, 0x57, 0x80, 0x63, 0x6b, 0x48, 0x23, 0x5b, 0x14, 0x61, 0x06, 0x3e, 0x57,
    0x80, 0x63, 0x74, 0xa9, 0x43, 0x0b, 0x14, 0x61, 0x05, 0xcd, 0x57, 0x80, 0x63, 0x7c, 0xf2, 0x55,
    0x17, 0x14, 0x61, 0x05, 0x5c, 0x57, 0x80, 0x63, 0x8e, 0xec, 0x5d, 0x70, 0x14, 0x61, 0x05, 0x40,
    0x57, 0x80, 0x63, 0x92, 0x08, 0x79, 0xe6, 0x14, 0x61, 0x04, 0xc1, 0x57, 0x80, 0x63, 0x9f, 0xdb,
    0xd4, 0xd7, 0x14, 0x61, 0x04, 0xa4, 0x57, 0x80, 0x63, 0xb8, 0xc2, 0xde, 0xc4, 0x14, 0x61, 0x04,
    0x12, 0x57, 0x80, 0x63, 0xd8, 0x8f, 0xf1, 0xf4, 0x14, 0x61, 0x03, 0x4c, 0x57, 0x80, 0x63, 0xd9,
    0xbb, 0xd2, 0x78, 0x14, 0x61, 0x03, 0x0a, 0x57, 0x80, 0x63, 0xdb, 0xcd, 0x70, 0x4b, 0x14, 0x61,
    0x02, 0x6b, 0x57, 0x80, 0x63, 0xec, 0x91, 0x4b, 0xb4, 0x14, 0x61, 0x01, 0xd2, 0x57, 0x80, 0x63,
    0xf0, 0x24, 0x65, 0xca, 0x14, 0x61, 0x01, 0x16, 0x57, 0x63, 0xfd, 0x2d, 0xbe, 0xa1, 0x14, 0x61,
    0x00, 0xf6, 0x57, 0x5f, 0x80, 0xfd, 0x5b, 0x34, 0x61, 0x01, 0x13, 0x57, 0x80, 0x60, 0x03, 0x19,
    0x36, 0x01, 0x12, 0x61, 0x01, 0x13, 0x57, 0x60, 0x20, 0x60, 0x02, 0x54, 0x60, 0x40, 0x51, 0x90,
    0x81, 0x52, 0xf3, 0x5b, 0x80, 0xfd, 0x5b, 0x50, 0x34, 0x61, 0x01, 0xa0, 0x57, 0x60, 0x20, 0x36,
    0x60, 0x03, 0x19, 0x01, 0x12, 0x61, 0x01, 0xa0, 0x57, 0x60, 0x01, 0x60, 0x01, 0x60, 0xa0, 0x1b,
    0x03, 0x61, 0x01, 0x38, 0x61, 0x0b, 0xf3, 0x56, 0x5b, 0x16, 0x80, 0x5f, 0x52, 0x60, 0x01, 0x60,
    0x20, 0x52, 0x60, 0xff, 0x60, 0x40, 0x5f, 0x20, 0x54, 0x16, 0x15, 0x61, 0x01, 0xc0, 0x57, 0x64,
    0x01, 0x62, 0x5f, 0x20, 0x01, 0x33, 0x03, 0x61, 0x01, 0xa4, 0x57, 0x80, 0x3b, 0x15, 0x61, 0x01,
    0xa0, 0x57, 0x5f, 0x80, 0x91, 0x60, 0x04, 0x60, 0x40, 0x51, 0x80, 0x94, 0x81, 0x93, 0x63, 0x43,
    0x12, 0x91, 0x05, 0x60, 0xe1, 0x1b, 0x83, 0x52, 0x5a, 0xf1, 0x80, 0x15, 0x61, 0x01, 0x95, 0x57,
    0x61, 0x01, 0x87, 0x57, 0x50, 0x80, 0xf3, 0x5b, 0x61, 0x01, 0x93, 0x91, 0x50, 0x5f, 0x90, 0x61,
    0x0c, 0x4a, 0x56, 0x5b, 0x00, 0x5b, 0x60, 0x40, 0x51, 0x3d, 0x5f, 0x82, 0x3e, 0x3d, 0x90, 0xfd,
    0x5b, 0x5f, 0x80, 0xfd, 0x5b, 0x63, 0x02, 0x72, 0xd0, 0x29, 0x60, 0xe6, 0x1b, 0x5f, 0x52, 0x33,
    0x60, 0x04, 0x52, 0x64, 0x01, 0x62, 0x5f, 0x20, 0x01, 0x60, 0x24, 0x52, 0x60, 0x44, 0x5f, 0xfd,
    0x5b, 0x63, 0x0f, 0x4c, 0x97, 0x1b, 0x60, 0xe2, 0x1b, 0x5f, 0x52, 0x60, 0x04, 0x52, 0x60, 0x24,
    0x5f, 0xfd, 0x5b, 0x34, 0x61, 0x01, 0xa0, 0x57, 0x60, 0x20, 0x36, 0x60, 0x03, 0x19, 0x01, 0x12,
    0x61, 0x01, 0xa0, 0x57, 0x60, 0x01, 0x60, 0x01, 0x60, 0xa0, 0x1b, 0x03, 0x61, 0x01, 0xf3, 0x61,
    0x0b, 0xf3, 0x56, 0x5b, 0x16, 0x80, 0x5f, 0x52, 0x60, 0x01, 0x60, 0x20, 0x52, 0x60, 0xff, 0x60,
    0x40, 0x5f, 0x20, 0x54, 0x16, 0x15, 0x61, 0x01, 0xc0, 0x57, 0x60, 0x20, 0x60, 0x04, 0x91, 0x60,
    0x40, 0x51, 0x92, 0x83, 0x80, 0x92, 0x62, 0x0e, 0xf4, 0x15, 0x60, 0xea, 0x1b, 0x82, 0x52, 0x5a,
    0xfa, 0x80, 0x15, 0x61, 0x01, 0x95, 0x57, 0x5f, 0x90, 0x61, 0x02, 0x38, 0x57, 0x5b, 0x60, 0x20,
    0x90, 0x60, 0x40, 0x51, 0x90, 0x81, 0x52, 0xf3, 0x5b, 0x50, 0x60, 0x20, 0x81, 0x3d, 0x60, 0x20,
    0x11, 0x61, 0x02, 0x63, 0x57, 0x5b, 0x81, 0x61, 0x02, 0x52, 0x60, 0x20, 0x93, 0x83, 0x61, 0x0c,
    0x4a, 0x56, 0x5b, 0x81, 0x01, 0x03, 0x12, 0x61, 0x01, 0xa0, 0x57, 0x60, 0x20, 0x90, 0x51, 0x61,
    0x02, 0x2d, 0x56, 0x5b, 0x3d, 0x91, 0x50, 0x61, 0x02, 0x45, 0x56, 0x5b, 0x34, 0x61, 0x01, 0xa0,
    0x57, 0x60, 0x20, 0x36, 0x60, 0x03, 0x19, 0x01, 0x12, 0x61, 0x01, 0xa0, 0x57, 0x60, 0x01, 0x60,
    0x01, 0x60, 0xa0, 0x1b, 0x03, 0x61, 0x02, 0x8c, 0x61, 0x0b, 0xf3, 0x56, 0x5b, 0x16, 0x80, 0x5f,
    0x52, 0x60, 0x01, 0x60, 0x20, 0x52, 0x60, 0xff, 0x60, 0x40, 0x5f, 0x20, 0x54, 0x16, 0x15, 0x61,
    0x01, 0xc0, 0x57, 0x60, 0x20, 0x60, 0x04, 0x91, 0x60, 0x40, 0x51, 0x92, 0x83, 0x80, 0x92, 0x63,
    0x1c, 0xfe, 0x87, 0x8d, 0x60, 0xe3, 0x1b, 0x82, 0x52, 0x5a, 0xfa, 0x80, 0x15, 0x61, 0x01, 0x95,
    0x57, 0x60, 0x20, 0x91, 0x5f, 0x91, 0x61, 0x02, 0xdd, 0x57, 0x5b, 0x50, 0x60, 0x40, 0x51, 0x60,
    0x01, 0x60, 0x01, 0x60, 0xa0, 0x1b, 0x03, 0x90, 0x91, 0x16, 0x81, 0x52, 0xf3, 0x5b, 0x61, 0x02,
    0xfd, 0x91, 0x50, 0x82, 0x3d, 0x84, 0x11, 0x61, 0x03, 0x03, 0x57, 0x5b, 0x61, 0x02, 0xf5, 0x81,
    0x83, 0x61, 0x0c, 0x4a, 0x56, 0x5b, 0x81, 0x01, 0x90, 0x61, 0x0c, 0x6c, 0x56, 0x5b, 0x82, 0x61,
    0x02, 0xca, 0x56, 0x5b, 0x50, 0x3d, 0x61, 0x02, 0xeb, 0x56, 0x5b, 0x34, 0x61, 0x01, 0xa0, 0x57,
    0x5f, 0x36, 0x60, 0x03, 0x19, 0x01, 0x12, 0x61, 0x01, 0xa0, 0x57, 0x60, 0x40, 0x51, 0x63, 0x76,
    0x2f, 0xfd, 0x61, 0x60, 0xe1, 0x1b, 0x81, 0x52, 0x60, 0x20, 0x81, 0x60, 0x04, 0x81, 0x64, 0x01,
    0x62, 0x5f, 0x10, 0x01, 0x5a, 0xfa, 0x80, 0x15, 0x61, 0x01, 0x95, 0x57, 0x5f, 0x90, 0x61, 0x02,
    0x38, 0x57, 0x60, 0x20, 0x90, 0x60, 0x40, 0x51, 0x90, 0x81, 0x52, 0xf3, 0x5b, 0x34, 0x61, 0x01,
    0xa0, 0x57, 0x5f, 0x36, 0x60, 0x03, 0x19, 0x01, 0x12, 0x61, 0x01, 0xa0, 0x57, 0x60, 0x40, 0x51,
    0x80, 0x60, 0x20, 0x5f, 0x54, 0x92, 0x83, 0x81, 0x52, 0x01, 0x80, 0x92, 0x5f, 0x80, 0x52, 0x7f,
    0x29, 0x0d, 0xec, 0xd9, 0x54, 0x8b, 0x62, 0xa8, 0xd6, 0x03, 0x45, 0xa9, 0x88, 0x38, 0x6f, 0xc8,
    0x4b, 0xa6, 0xbc, 0x95, 0x48, 0x40, 0x08, 0xf6, 0x36, 0x2f, 0x93, 0x16, 0x0e, 0xf3, 0xe5, 0x63,
    0x90, 0x5f, 0x5b, 0x81, 0x81, 0x10, 0x61, 0x03, 0xf3, 0x57, 0x50, 0x50, 0x50, 0x81, 0x61, 0x03,
    0xa8, 0x91, 0x03, 0x82, 0x61, 0x0c, 0x4a, 0x56, 0x5b, 0x60, 0x40, 0x51, 0x91, 0x82, 0x91, 0x60,
    0x20, 0x83, 0x01, 0x90, 0x60, 0x20, 0x84, 0x52, 0x51, 0x80, 0x91, 0x52, 0x60, 0x40, 0x83, 0x01,
    0x91, 0x90, 0x5f, 0x5b, 0x81, 0x81, 0x10, 0x61, 0x03, 0xd1, 0x57, 0x50, 0x50, 0x50, 0x03, 0x90,
    0xf3, 0x5b, 0x82, 0x51, 0x60, 0x01, 0x60, 0x01, 0x60, 0xa0, 0x1b, 0x03, 0x16, 0x84, 0x52, 0x85,
    0x94, 0x50, 0x60, 0x20, 0x93, 0x84, 0x01, 0x93, 0x90, 0x92, 0x01, 0x91, 0x60, 0x01, 0x01, 0x61,
    0x03, 0xc3, 0x56, 0x5b, 0x82, 0x54, 0x60, 0x01, 0x60, 0x01, 0x60, 0xa0, 0x1b, 0x03, 0x16, 0x84,
    0x52, 0x60, 0x20, 0x90, 0x93, 0x01, 0x92, 0x60, 0x01, 0x92, 0x83, 0x01, 0x92, 0x01, 0x61, 0x03,
    0x92, 0x56, 0x5b, 0x34, 0x61, 0x01, 0xa0, 0x57, 0x60, 0x40, 0x36, 0x60, 0x03, 0x19, 0x01, 0x12,
    0x61, 0x01, 0xa0, 0x57, 0x61, 0x04, 0x2b, 0x61, 0x0b, 0xf3, 0x56, 0x5b, 0x61, 0x04, 0x33, 0x61,
    0x0c, 0x09, 0x56, 0x5b, 0x90, 0x60, 0x01, 0x80, 0x60, 0xa0, 0x1b, 0x03, 0x16, 0x90, 0x81, 0x5f,
    0x52, 0x60, 0x01, 0x60, 0x20, 0x52, 0x60, 0xff, 0x60, 0x40, 0x5f, 0x20, 0x54, 0x16, 0x15, 0x61,
    0x04, 0x91, 0x57, 0x67, 0xff, 0xff, 0xff, 0xff, 0xff, 0xff, 0xff, 0xff, 0x60, 0x24, 0x60, 0x20,
    0x92, 0x60, 0x40, 0x51, 0x94, 0x85, 0x93, 0x84, 0x92, 0x63, 0x51, 0xcb, 0x86, 0xcd, 0x60, 0xe0,
    0x1b, 0x84, 0x52, 0x16, 0x60, 0x04, 0x83, 0x01, 0x52, 0x5a, 0xfa, 0x80, 0x15, 0x61, 0x01, 0x95,
    0x57, 0x5f, 0x90, 0x61, 0x02, 0x38, 0x57, 0x60, 0x20, 0x90, 0x60, 0x40, 0x51, 0x90, 0x81, 0x52,
    0xf3, 0x5b, 0x50, 0x63, 0x0f, 0x4c, 0x97, 0x1b, 0x60, 0xe2, 0x1b, 0x5f, 0x52, 0x60, 0x04, 0x52,
    0x60, 0x24, 0x5f, 0xfd, 0x5b, 0x34, 0x61, 0x01, 0xa0, 0x57, 0x5f, 0x36, 0x60, 0x03, 0x19, 0x01,
    0x12, 0x61, 0x01, 0xa0, 0x57, 0x60, 0x20, 0x60, 0x02, 0x54, 0x60, 0x40, 0x51, 0x90, 0x81, 0x52,
    0xf3, 0x5b, 0x34, 0x61, 0x01, 0xa0, 0x57, 0x60, 0x40, 0x36, 0x60, 0x03, 0x19, 0x01, 0x12, 0x61,
    0x01, 0xa0, 0x57, 0x61, 0x04, 0xda, 0x61, 0x0b, 0xf3, 0x56, 0x5b, 0x61, 0x04, 0xe2, 0x61, 0x0c,
    0x09, 0x56, 0x5b, 0x90, 0x60, 0x01, 0x80, 0x60, 0xa0, 0x1b, 0x03, 0x16, 0x90, 0x81, 0x5f, 0x52,
    0x60, 0x01, 0x60, 0x20, 0x52, 0x60, 0xff, 0x60, 0x40, 0x5f, 0x20, 0x54, 0x16, 0x15, 0x61, 0x04,
    0x91, 0x57, 0x67, 0xff, 0xff, 0xff, 0xff, 0xff, 0xff, 0xff, 0xff, 0x60, 0x24, 0x60, 0x20, 0x92,
    0x60, 0x40, 0x51, 0x94, 0x85, 0x93, 0x84, 0x92, 0x63, 0xb3, 0x92, 0xfb, 0xfb, 0x60, 0xe0, 0x1b,
    0x84, 0x52, 0x16, 0x60, 0x04, 0x83, 0x01, 0x52, 0x5a, 0xfa, 0x80, 0x15, 0x61, 0x01, 0x95, 0x57,
    0x5f, 0x90, 0x61, 0x02, 0x38, 0x57, 0x60, 0x20, 0x90, 0x60, 0x40, 0x51, 0x90, 0x81, 0x52, 0xf3,
    0x5b, 0x34, 0x61, 0x01, 0xa0, 0x57, 0x5f, 0x36, 0x60, 0x03, 0x19, 0x01, 0x12, 0x61, 0x01, 0xa0,
    0x57, 0x60, 0x20, 0x5f, 0x54, 0x60, 0x40, 0x51, 0x90, 0x81, 0x52, 0xf3, 0x5b, 0x34, 0x61, 0x01,
    0xa0, 0x57, 0x60, 0x20, 0x36, 0x60, 0x03, 0x19, 0x01, 0x12, 0x61, 0x01, 0xa0, 0x57, 0x60, 0x01,
    0x60, 0x01, 0x60, 0xa0, 0x1b, 0x03, 0x61, 0x05, 0x7d, 0x61, 0x0b, 0xf3, 0x56, 0x5b, 0x16, 0x80,
    0x5f, 0x52, 0x60, 0x01, 0x60, 0x20, 0x52, 0x60, 0xff, 0x60, 0x40, 0x5f, 0x20, 0x54, 0x16, 0x15,
    0x61, 0x01, 0xc0, 0x57, 0x60, 0x20, 0x60, 0x04, 0x91, 0x60, 0x40, 0x51, 0x92, 0x83, 0x80, 0x92,
    0x63, 0x8d, 0xa5, 0xcb, 0x5b, 0x60, 0xe0, 0x1b, 0x82, 0x52, 0x5a, 0xfa, 0x80, 0x15, 0x61, 0x01,
    0x95, 0x57, 0x60, 0x20, 0x91, 0x5f, 0x91, 0x61, 0x02, 0xdd, 0x57, 0x50, 0x60, 0x40, 0x51, 0x60,
    0x01, 0x60, 0x01, 0x60, 0xa0, 0x1b, 0x03, 0x90, 0x91, 0x16, 0x81, 0x52, 0xf3, 0x5b, 0x34, 0x61,
    0x01, 0xa0, 0x57, 0x60, 0x20, 0x36, 0x60, 0x03, 0x19, 0x01, 0x12, 0x61, 0x01, 0xa0, 0x57, 0x60,
    0x01, 0x60, 0x01, 0x60, 0xa0, 0x1b, 0x03, 0x61, 0x05, 0xee, 0x61, 0x0b, 0xf3, 0x56, 0x5b, 0x16,
    0x80, 0x5f, 0x52, 0x60, 0x01, 0x60, 0x20, 0x52, 0x60, 0xff, 0x60, 0x40, 0x5f, 0x20, 0x54, 0x16,
    0x15, 0x61, 0x01, 0xc0, 0x57, 0x60, 0x20, 0x60, 0x04, 0x91, 0x60, 0x40, 0x51, 0x92, 0x83, 0x80,
    0x92, 0x63, 0x72, 0xb4, 0x5a, 0x55, 0x60, 0xe0, 0x1b, 0x82, 0x52, 0x5a, 0xfa, 0x80, 0x15, 0x61,
    0x01, 0x95, 0x57, 0x60, 0x20, 0x91, 0x5f, 0x91, 0x61, 0x02, 0xdd, 0x57, 0x50, 0x60, 0x40, 0x51,
    0x60, 0x01, 0x60, 0x01, 0x60, 0xa0, 0x1b, 0x03, 0x90, 0x91, 0x16, 0x81, 0x52, 0xf3, 0x5b, 0x60,
    0xa0, 0x36, 0x60, 0x03, 0x19, 0x01, 0x12, 0x61, 0x01, 0xa0, 0x57, 0x61, 0x06, 0x52, 0x61, 0x0b,
    0xf3, 0x56, 0x5b, 0x60, 0x24, 0x35, 0x60, 0x01, 0x60, 0x01, 0x60, 0xa0, 0x1b, 0x03, 0x81, 0x16,
    0x91, 0x90, 0x82, 0x90, 0x03, 0x61, 0x01, 0xa0, 0x57, 0x60, 0x44, 0x35, 0x60, 0x01, 0x60, 0x01,
    0x60, 0xa0, 0x1b, 0x03, 0x81, 0x16, 0x91, 0x90, 0x82, 0x90, 0x03, 0x61, 0x01, 0xa0, 0x57, 0x60,
    0x64, 0x35, 0x60, 0x01, 0x60, 0x01, 0x60, 0xa0, 0x1b, 0x03, 0x81, 0x16, 0x90, 0x81, 0x90, 0x03,
    0x61, 0x01, 0xa0, 0x57, 0x60, 0x84, 0x35, 0x91, 0x67, 0xff, 0xff, 0xff, 0xff, 0xff, 0xff, 0xff,
    0xff, 0x83, 0x16, 0x80, 0x93, 0x03, 0x61, 0x01, 0xa0, 0x57, 0x60, 0x40, 0x51, 0x63, 0x0b, 0xcf,
    0xee, 0x3f, 0x60, 0xe1, 0x1b, 0x81, 0x52, 0x60, 0x20, 0x81, 0x60, 0x04, 0x81, 0x64, 0x01, 0x62,
    0x5f, 0x20, 0x03, 0x5a, 0xfa, 0x90, 0x81, 0x15, 0x61, 0x01, 0x95, 0x57, 0x5f, 0x91, 0x61, 0x08,
    0xb6, 0x57, 0x5b, 0x50, 0x61, 0x08, 0xa7, 0x57, 0x60, 0x01, 0x60, 0x01, 0x60, 0xa0, 0x1b, 0x03,
    0x16, 0x92, 0x83, 0x15, 0x61, 0x08, 0x98, 0x57, 0x84, 0x15, 0x61, 0x08, 0x98, 0x57, 0x60, 0x40,
    0x51, 0x63, 0x76, 0x2f, 0xfd, 0x61, 0x60, 0xe1, 0x1b, 0x81, 0x52, 0x60, 0x20, 0x81, 0x60, 0x04,
    0x81, 0x64, 0x01, 0x62, 0x5f, 0x10, 0x01, 0x5a, 0xfa, 0x90, 0x81, 0x15, 0x61, 0x01, 0x95, 0x57,
    0x5f, 0x91, 0x61, 0x08, 0x66, 0x57, 0x5b, 0x50, 0x80, 0x34, 0x10, 0x61, 0x08, 0x50, 0x57, 0x50,
    0x60, 0x02, 0x54, 0x92, 0x5f, 0x19, 0x84, 0x14, 0x61, 0x08, 0x28, 0x57, 0x60, 0x01, 0x84, 0x01,
    0x60, 0x02, 0x55, 0x60, 0x40, 0x51, 0x92, 0x61, 0x1e, 0x55, 0x91, 0x82, 0x85, 0x01, 0x91, 0x85,
    0x83, 0x10, 0x67, 0xff, 0xff, 0xff, 0xff, 0xff, 0xff, 0xff, 0xff, 0x84, 0x11, 0x17, 0x61, 0x08,
    0x3c, 0x57, 0x60, 0xa0, 0x94, 0x86, 0x94, 0x61, 0x0c, 0xa4, 0x86, 0x39, 0x88, 0x84, 0x52, 0x89,
    0x60, 0x20, 0x85, 0x01, 0x52, 0x60, 0x40, 0x84, 0x01, 0x52, 0x60, 0x60, 0x83, 0x01, 0x52, 0x60,
    0x80, 0x82, 0x01, 0x52, 0x03, 0x01, 0x90, 0x34, 0xf5, 0x80, 0x15, 0x61, 0x01, 0x95, 0x57, 0x60,
    0x01, 0x80, 0x60, 0xa0, 0x1b, 0x03, 0x16, 0x90, 0x5f, 0x54, 0x68, 0x01, 0x00, 0x00, 0x00, 0x00,
    0x00, 0x00, 0x00, 0x00, 0x81, 0x10, 0x15, 0x61, 0x08, 0x3c, 0x57, 0x80, 0x60, 0x01, 0x61, 0x07,
    0xa9, 0x92, 0x01, 0x5f, 0x55, 0x61, 0x0c, 0x20, 0x56, 0x5b, 0x81, 0x54, 0x60, 0x01, 0x60, 0x01,
    0x60, 0xa0, 0x1b, 0x03, 0x60, 0x03, 0x92, 0x90, 0x92, 0x1b, 0x91, 0x82, 0x1b, 0x19, 0x16, 0x90,
    0x84, 0x90, 0x1b, 0x17, 0x90, 0x55, 0x5f, 0x82, 0x81, 0x52, 0x60, 0x01, 0x60, 0x20, 0x81, 0x90,
    0x52, 0x60, 0x40, 0x82, 0x20, 0x80, 0x54, 0x60, 0xff, 0x19, 0x16, 0x90, 0x91, 0x17, 0x90, 0x55,
    0x54, 0x5f, 0x19, 0x81, 0x01, 0x90, 0x81, 0x11, 0x61, 0x08, 0x28, 0x57, 0x60, 0x20, 0x93, 0x83,
    0x91, 0x60, 0x40, 0x51, 0x91, 0x82, 0x52, 0x85, 0x82, 0x01, 0x52, 0x7f, 0x45, 0xd4, 0x3f, 0x0d,
    0x67, 0x67, 0xb3, 0x7a, 0x70, 0xa4, 0x42, 0x98, 0x58, 0x66, 0xe6, 0xb5, 0x96, 0x77, 0x2c, 0x5a,
    0x7f, 0x52, 0x9f, 0x2b, 0x9f, 0x67, 0x98, 0x42, 0x3b, 0x26, 0xa3, 0xe8, 0x60, 0x40, 0x33, 0x92,
    0xa4, 0x60, 0x40, 0x51, 0x90, 0x81, 0x52, 0xf3, 0x5b, 0x63, 0x4e, 0x48, 0x7b, 0x71, 0x60, 0xe0,
    0x1b, 0x5f, 0x52, 0x60, 0x11, 0x60, 0x04, 0x52, 0x60, 0x24, 0x5f, 0xfd, 0x5b, 0x63, 0x4e, 0x48,
    0x7b, 0x71, 0x60, 0xe0, 0x1b, 0x5f, 0x52, 0x60, 0x41, 0x60, 0x04, 0x52, 0x60, 0x24, 0x5f, 0xfd,
    0x5b, 0x63, 0x53, 0xb5, 0xc2, 0xb9, 0x60, 0xe1, 0x1b, 0x5f, 0x52, 0x34, 0x60, 0x04, 0x52, 0x60,
    0x24, 0x52, 0x60, 0x44, 0x5f, 0xfd, 0x5b, 0x90, 0x50, 0x60, 0x20, 0x81, 0x3d, 0x60, 0x20, 0x11,
    0x61, 0x08, 0x90, 0x57, 0x5b, 0x81, 0x61, 0x08, 0x81, 0x60, 0x20, 0x93, 0x83, 0x61, 0x0c, 0x4a,
    0x56, 0x5b, 0x81, 0x01, 0x03, 0x12, 0x61, 0x01, 0xa0, 0x57, 0x51, 0x86, 0x61, 0x07, 0x16, 0x56,
    0x5b, 0x3d, 0x91, 0x50, 0x61, 0x08, 0x74, 0x56, 0x5b, 0x63, 0xd9, 0x2e, 0x23, 0x3d, 0x60, 0xe0,
    0x1b, 0x5f, 0x52, 0x60, 0x04, 0x5f, 0xfd, 0x5b, 0x63, 0xb7, 0xa1, 0x74, 0xcb, 0x60, 0xe0, 0x1b,
    0x5f, 0x52, 0x60, 0x04, 0x5f, 0xfd, 0x5b, 0x61, 0x08, 0xd8, 0x91, 0x50, 0x60, 0x20, 0x3d, 0x60,
    0x20, 0x11, 0x61, 0x08, 0xde, 0x57, 0x5b, 0x61, 0x08, 0xd0, 0x81, 0x83, 0x61, 0x0c, 0x4a, 0x56,
    0x5b, 0x81, 0x01, 0x90, 0x61, 0x0c, 0x8b, 0x56, 0x5b, 0x86, 0x61, 0x06, 0xd2, 0x56, 0x5b, 0x50,
    0x3d, 0x61, 0x08, 0xc6, 0x56, 0x5b, 0x34, 0x61, 0x01, 0xa0, 0x57, 0x60, 0x20, 0x36, 0x60, 0x03,
    0x19, 0x01, 0x12, 0x61, 0x01, 0xa0, 0x57, 0x60, 0x01, 0x60, 0x01, 0x60, 0xa0, 0x1b, 0x03, 0x61,
    0x09, 0x06, 0x61, 0x0b, 0xf3, 0x56, 0x5b, 0x16, 0x80, 0x5f, 0x52, 0x60, 0x01, 0x60, 0x20, 0x52,
    0x60, 0xff, 0x60, 0x40, 0x5f, 0x20, 0x54, 0x16, 0x15, 0x61, 0x01, 0xc0, 0x57, 0x60, 0x20, 0x60,
    0x04, 0x91, 0x60, 0x40, 0x51, 0x92, 0x83, 0x80, 0x92, 0x63, 0x02, 0xe7, 0x0f, 0x6b, 0x60, 0xe3,
    0x1b, 0x82, 0x52, 0x5a, 0xfa, 0x80, 0x15, 0x61, 0x01, 0x95, 0x57, 0x5f, 0x90, 0x61, 0x02, 0x38,
    0x57, 0x60, 0x20, 0x90, 0x60, 0x40, 0x51, 0x90, 0x81, 0x52, 0xf3, 0x5b, 0x34, 0x61, 0x01, 0xa0,
    0x57, 0x60, 0x20, 0x36, 0x60, 0x03, 0x19, 0x01, 0x12, 0x61, 0x01, 0xa0, 0x57, 0x60, 0x01, 0x60,
    0x01, 0x60, 0xa0, 0x1b, 0x03, 0x61, 0x09, 0x6c, 0x61, 0x0b, 0xf3, 0x56, 0x5b, 0x16, 0x5f, 0x52,
    0x60, 0x01, 0x60, 0x20, 0x52, 0x60, 0x20, 0x60, 0xff, 0x60, 0x40, 0x5f, 0x20, 0x54, 0x16, 0x60,
    0x40, 0x51, 0x90, 0x15, 0x15, 0x81, 0x52, 0xf3, 0x5b, 0x34, 0x61, 0x01, 0xa0, 0x57, 0x60, 0x20,
    0x36, 0x60, 0x03, 0x19, 0x01, 0x12, 0x61, 0x01, 0xa0, 0x57, 0x60, 0x01, 0x60, 0x01, 0x60, 0xa0,
    0x1b, 0x03, 0x61, 0x09, 0xa9, 0x61, 0x0b, 0xf3, 0x56, 0x5b, 0x16, 0x80, 0x5f, 0x52, 0x60, 0x01,
    0x60, 0x20, 0x52, 0x60, 0xff, 0x60, 0x40, 0x5f, 0x20, 0x54, 0x16, 0x15, 0x61, 0x01, 0xc0, 0x57,
    0x60, 0x20, 0x60, 0x04, 0x91, 0x60, 0x40, 0x51, 0x92, 0x83, 0x80, 0x92, 0x63, 0x29, 0x38, 0xb5,
    0x8d, 0x60, 0xe2, 0x1b, 0x82, 0x52, 0x5a, 0xfa, 0x80, 0x15, 0x61, 0x01, 0x95, 0x57, 0x60, 0x20,
    0x91, 0x5f, 0x91, 0x61, 0x09, 0xf2, 0x57, 0x5b, 0x50, 0x60, 0x40, 0x51, 0x90, 0x15, 0x15, 0x81,
    0x52, 0xf3, 0x5b, 0x61, 0x0a, 0x09, 0x91, 0x50, 0x82, 0x3d, 0x84, 0x11, 0x61, 0x08, 0xde, 0x57,
    0x61, 0x08, 0xd0, 0x81, 0x83, 0x61, 0x0c, 0x4a, 0x56, 0x5b, 0x82, 0x61, 0x09, 0xe7, 0x56, 0x5b,
    0x34, 0x61, 0x01, 0xa0, 0x57, 0x60, 0x20, 0x36, 0x60, 0x03, 0x19, 0x01, 0x12, 0x61, 0x01, 0xa0,
    0x57, 0x60, 0x01, 0x60, 0x01, 0x60, 0xa0, 0x1b, 0x03, 0x61, 0x0a, 0x30, 0x61, 0x0b, 0xf3, 0x56,
    0x5b, 0x16, 0x80, 0x5f, 0x52, 0x60, 0x01, 0x60, 0x20, 0x52, 0x60, 0xff, 0x60, 0x40, 0x5f, 0x20,
    0x54, 0x16, 0x15, 0x61, 0x01, 0xc0, 0x57, 0x60, 0x20, 0x60, 0x04, 0x91, 0x60, 0x40, 0x51, 0x92,
    0x83, 0x80, 0x92, 0x63, 0x09, 0x28, 0xe2, 0x31, 0x60, 0xe3, 0x1b, 0x82, 0x52, 0x5a, 0xfa, 0x80,
    0x15, 0x61, 0x01, 0x95, 0x57, 0x5f, 0x90, 0x61, 0x02, 0x38, 0x57, 0x60, 0x20, 0x90, 0x60, 0x40,
    0x51, 0x90, 0x81, 0x52, 0xf3, 0x5b, 0x34, 0x61, 0x01, 0xa0, 0x57, 0x60, 0x20, 0x36, 0x60, 0x03,
    0x19, 0x01, 0x12, 0x61, 0x01, 0xa0, 0x57, 0x60, 0x01, 0x60, 0x01, 0x60, 0xa0, 0x1b, 0x03, 0x61,
    0x0a, 0x96, 0x61, 0x0b, 0xf3, 0x56, 0x5b, 0x16, 0x80, 0x5f, 0x52, 0x60, 0x01, 0x60, 0x20, 0x52,
    0x60, 0xff, 0x60, 0x40, 0x5f, 0x20, 0x54, 0x16, 0x15, 0x61, 0x01, 0xc0, 0x57, 0x60, 0x20, 0x60,
    0x04, 0x91, 0x60, 0x40, 0x51, 0x92, 0x83, 0x80, 0x92, 0x63, 0x0a, 0xcd, 0xfd, 0x4f, 0x60, 0xe2,
    0x1b, 0x82, 0x52, 0x5a, 0xfa, 0x80, 0x15, 0x61, 0x01, 0x95, 0x57, 0x60, 0x20, 0x91, 0x5f, 0x91,
    0x61, 0x02, 0xdd, 0x57, 0x50, 0x60, 0x40, 0x51, 0x60, 0x01, 0x60, 0x01, 0x60, 0xa0, 0x1b, 0x03,
    0x90, 0x91, 0x16, 0x81, 0x52, 0xf3, 0x5b, 0x34, 0x61, 0x01, 0xa0, 0x57, 0x60, 0x20, 0x36, 0x60,
    0x03, 0x19, 0x01, 0x12, 0x61, 0x01, 0xa0, 0x57, 0x60, 0x01, 0x60, 0x01, 0x60, 0xa0, 0x1b, 0x03,
    0x61, 0x0b, 0x07, 0x61, 0x0b, 0xf3, 0x56, 0x5b, 0x16, 0x80, 0x5f, 0x52, 0x60, 0x01, 0x60, 0x20,
    0x52, 0x60, 0xff, 0x60, 0x40, 0x5f, 0x20, 0x54, 0x16, 0x15, 0x61, 0x01, 0xc0, 0x57, 0x60, 0x20,
    0x60, 0x04, 0x91, 0x60, 0x40, 0x51, 0x92, 0x83, 0x80, 0x92, 0x63, 0x14, 0xff, 0x59, 0x85, 0x60,
    0xe2, 0x1b, 0x82, 0x52, 0x5a, 0xfa, 0x80, 0x15, 0x61, 0x01, 0x95, 0x57, 0x5f, 0x90, 0x61, 0x0b,
    0x57, 0x57, 0x5b, 0x60, 0x20, 0x90, 0x67, 0xff, 0xff, 0xff, 0xff, 0xff, 0xff, 0xff, 0xff, 0x60,
    0x40, 0x51, 0x91, 0x16, 0x81, 0x52, 0xf3, 0x5b, 0x50, 0x60, 0x20, 0x81, 0x3d, 0x60, 0x20, 0x11,
    0x61, 0x0b, 0x93, 0x57, 0x5b, 0x81, 0x61, 0x0b, 0x71, 0x60, 0x20, 0x93, 0x83, 0x61, 0x0c, 0x4a,
    0x56, 0x5b, 0x81, 0x01, 0x03, 0x12, 0x61, 0x01, 0xa0, 0x57, 0x51, 0x67, 0xff, 0xff, 0xff, 0xff,
    0xff, 0xff, 0xff, 0xff, 0x81, 0x16, 0x81, 0x03, 0x61, 0x01, 0xa0, 0x57, 0x60, 0x20, 0x90, 0x61,
    0x0b, 0x42, 0x56, 0x5b, 0x3d, 0x91, 0x50, 0x61, 0x0b, 0x64, 0x56, 0x5b, 0x34, 0x61, 0x01, 0xa0,
    0x57, 0x60, 0x20, 0x36, 0x60, 0x03, 0x19, 0x01, 0x12, 0x61, 0x01, 0xa0, 0x57, 0x60, 0x04, 0x35,
    0x5f, 0x54, 0x80, 0x82, 0x10, 0x15, 0x61, 0x0b, 0xdd, 0x57, 0x60, 0x20, 0x61, 0x0b, 0xc4, 0x83,
    0x61, 0x0c, 0x20, 0x56, 0x5b, 0x90, 0x54, 0x60, 0x40, 0x51, 0x60, 0x03, 0x92, 0x90, 0x92, 0x1b,
    0x1c, 0x60, 0x01, 0x60, 0x01, 0x60, 0xa0, 0x1b, 0x03, 0x16, 0x81, 0x52, 0xf3, 0x5b, 0x90, 0x63,
    0x06, 0xa7, 0x47, 0x5b, 0x60, 0xe1, 0x1b, 0x5f, 0x52, 0x60, 0x04, 0x52, 0x60, 0x24, 0x52, 0x60,
    0x44, 0x5f, 0xfd, 0x5b, 0x60, 0x04, 0x35, 0x90, 0x60, 0x01, 0x60, 0x01, 0x60, 0xa0, 0x1b, 0x03,
    0x82, 0x16, 0x82, 0x03, 0x61, 0x01, 0xa0, 0x57, 0x56, 0x5b, 0x60, 0x24, 0x35, 0x90, 0x67, 0xff,
    0xff, 0xff, 0xff, 0xff, 0xff, 0xff, 0xff, 0x82, 0x16, 0x82, 0x03, 0x61, 0x01, 0xa0, 0x57, 0x56,
    0x5b, 0x5f, 0x54, 0x81, 0x10, 0x15, 0x61, 0x0c, 0x36, 0x57, 0x5f, 0x80, 0x52, 0x60, 0x20, 0x5f,
    0x20, 0x01, 0x90, 0x5f, 0x90, 0x56, 0x5b, 0x63, 0x4e, 0x48, 0x7b, 0x71, 0x60, 0xe0, 0x1b, 0x5f,
    0x52, 0x60, 0x32, 0x60, 0x04, 0x52, 0x60, 0x24, 0x5f, 0xfd, 0x5b, 0x90, 0x60, 0x1f, 0x80, 0x19,
    0x91, 0x01, 0x16, 0x81, 0x01, 0x90, 0x81, 0x10, 0x67, 0xff, 0xff, 0xff, 0xff, 0xff, 0xff, 0xff,
    0xff, 0x82, 0x11, 0x17, 0x61, 0x08, 0x3c, 0x57, 0x60, 0x40, 0x52, 0x56, 0x5b, 0x90, 0x81, 0x60,
    0x20, 0x91, 0x03, 0x12, 0x61, 0x01, 0xa0, 0x57, 0x51, 0x60, 0x01, 0x60, 0x01, 0x60, 0xa0, 0x1b,
    0x03, 0x81, 0x16, 0x81, 0x03, 0x61, 0x01, 0xa0, 0x57, 0x90, 0x56, 0x5b, 0x90, 0x81, 0x60, 0x20,
    0x91, 0x03, 0x12, 0x61, 0x01, 0xa0, 0x57, 0x51, 0x80, 0x15, 0x15, 0x81, 0x03, 0x61, 0x01, 0xa0,
    0x57, 0x90, 0x56, 0xfe, 0x60, 0xa0, 0x80, 0x60, 0x40, 0x52, 0x60, 0xa0, 0x81, 0x61, 0x1e, 0x55,
    0x80, 0x38, 0x03, 0x80, 0x91, 0x61, 0x00, 0x1a, 0x82, 0x85, 0x61, 0x02, 0xcb, 0x56, 0x5b, 0x83,
    0x39, 0x81, 0x01, 0x03, 0x12, 0x61, 0x02, 0x67, 0x57, 0x61, 0x00, 0x2d, 0x81, 0x61, 0x03, 0x02,
    0x56, 0x5b, 0x90, 0x61, 0x00, 0x3a, 0x60, 0x20, 0x82, 0x01, 0x61, 0x03, 0x02, 0x56, 0x5b, 0x61,
    0x00, 0x46, 0x60, 0x40, 0x83, 0x01, 0x61, 0x03, 0x02, 0x56, 0x5b, 0x90, 0x61, 0x00, 0x5f, 0x60,
    0x80, 0x61, 0x00, 0x58, 0x60, 0x60, 0x86, 0x01, 0x61, 0x03, 0x02, 0x56, 0x5b, 0x94, 0x01, 0x61,
    0x03, 0x16, 0x56, 0x5b, 0x93, 0x60, 0x01, 0x60, 0x01, 0x60, 0xa0, 0x1b, 0x03, 0x16, 0x80, 0x15,
    0x61, 0x02, 0xb8, 0x57, 0x60, 0x01, 0x80, 0x54, 0x60, 0x01, 0x60, 0x01, 0x60, 0xa0, 0x1b, 0x03,
    0x19, 0x90, 0x81, 0x16, 0x90, 0x91, 0x55, 0x5f, 0x80, 0x54, 0x91, 0x82, 0x16, 0x83, 0x17, 0x81,
    0x55, 0x60, 0x40, 0x51, 0x92, 0x91, 0x60, 0x01, 0x60, 0x01, 0x60, 0xa0, 0x1b, 0x03, 0x16, 0x90,
    0x7f, 0x8b, 0xe0, 0x07, 0x9c, 0x53, 0x16, 0x59, 0x14, 0x13, 0x44, 0xcd, 0x1f, 0xd0, 0xa4, 0xf2,
    0x84, 0x19, 0x49, 0x7f, 0x97, 0x22, 0xa3, 0xda, 0xaf, 0xe3, 0xb4, 0x18, 0x6f, 0x6b, 0x64, 0x57,
    0xe0, 0x90, 0x80, 0xa3, 0x60, 0x01, 0x7f, 0x9b, 0x77, 0x9b, 0x17, 0x42, 0x2d, 0x0d, 0xf9, 0x22,
    0x23, 0x01, 0x8b, 0x32, 0xb4, 0xd1, 0xfa, 0x46, 0xe0, 0x71, 0x72, 0x3d, 0x68, 0x17, 0xe2, 0x48,
    0x6d, 0x00, 0x3b, 0xec, 0xc5, 0x5f, 0x00, 0x55, 0x33, 0x60, 0x80, 0x52, 0x63, 0x7e, 0x34, 0x5d,
    0xef, 0x60, 0xe1, 0x1b, 0x81, 0x52, 0x60, 0x20, 0x81, 0x60, 0x04, 0x81, 0x64, 0x01, 0x62, 0x5f,
    0x10, 0x00, 0x5a, 0xfa, 0x90, 0x81, 0x15, 0x61, 0x02, 0x73, 0x57, 0x5f, 0x91, 0x61, 0x02, 0x7e,
    0x57, 0x5b, 0x50, 0x60, 0x40, 0x51, 0x63, 0x4f, 0x0f, 0x2a, 0x39, 0x60, 0xe1, 0x1b, 0x81, 0x52,
    0x90, 0x60, 0x20, 0x82, 0x60, 0x04, 0x81, 0x64, 0x01, 0x62, 0x5f, 0x10, 0x01, 0x5a, 0xfa, 0x91,
    0x82, 0x15, 0x61, 0x02, 0x73, 0x57, 0x5f, 0x92, 0x61, 0x02, 0x33, 0x57, 0x5b, 0x50, 0x60, 0x01,
    0x60, 0x01, 0x60, 0x40, 0x1b, 0x03, 0x61, 0x01, 0x4b, 0x83, 0x83, 0x61, 0x03, 0x2a, 0x56, 0x5b,
    0x60, 0x01, 0x60, 0x01, 0x60, 0x40, 0x1b, 0x03, 0x90, 0x97, 0x16, 0x96, 0x16, 0x86, 0x10, 0x61,
    0x02, 0x05, 0x57, 0x50, 0x50, 0x60, 0x02, 0x80, 0x54, 0x60, 0x01, 0x60, 0x01, 0x60, 0xa0, 0x1b,
    0x03, 0x19, 0x90, 0x81, 0x16, 0x60, 0x01, 0x60, 0x01, 0x60, 0xa0, 0x1b, 0x03, 0x93, 0x84, 0x16,
    0x17, 0x90, 0x91, 0x55, 0x60, 0x03, 0x80, 0x54, 0x82, 0x16, 0x93, 0x83, 0x16, 0x93, 0x90, 0x93,
    0x17, 0x90, 0x92, 0x55, 0x60, 0x04, 0x80, 0x54, 0x90, 0x92, 0x16, 0x92, 0x16, 0x91, 0x90, 0x91,
    0x17, 0x90, 0x55, 0x60, 0x06, 0x80, 0x54, 0x60, 0x01, 0x60, 0x01, 0x60, 0x40, 0x1b, 0x03, 0x19,
    0x16, 0x91, 0x90, 0x91, 0x17, 0x90, 0x55, 0x34, 0x60, 0x05, 0x81, 0x90, 0x55, 0x60, 0x40, 0x51,
    0x90, 0x81, 0x52, 0x30, 0x90, 0x7f, 0x7c, 0x71, 0x79, 0x85, 0xac, 0x27, 0x3e, 0x66, 0x3b, 0x7f,
    0x30, 0x50, 0xf5, 0xb1, 0x5a, 0x43, 0x88, 0xff, 0x6e, 0xd9, 0x52, 0x33, 0x89, 0x54, 0xf6, 0x50,
    0xe2, 0x09, 0x3e, 0x13, 0x93, 0x7f, 0x90, 0x60, 0x20, 0x90, 0xa2, 0x60, 0x40, 0x51, 0x61, 0x1a,
    0xfd, 0x90, 0x81, 0x61, 0x03, 0x58, 0x82, 0x39, 0x60, 0x80, 0x51, 0x81, 0x81, 0x81, 0x61, 0x08,
    0xa4, 0x01, 0x52, 0x61, 0x0f, 0x57, 0x01, 0x52, 0xf3, 0x5b, 0x85, 0x91, 0x61, 0x02, 0x10, 0x91,
    0x61, 0x03, 0x2a, 0x56, 0x5b, 0x63, 0x20, 0x41, 0x57, 0x89, 0x60, 0xe1, 0x1b, 0x5f, 0x90, 0x81,
    0x52, 0x60, 0x04, 0x92, 0x90, 0x92, 0x52, 0x60, 0x01, 0x60, 0x01, 0x60, 0x40, 0x1b, 0x03, 0x16,
    0x60, 0x24, 0x52, 0x60, 0x44, 0x90, 0xfd, 0x5b, 0x90, 0x91, 0x50, 0x60, 0x20, 0x81, 0x3d, 0x60,
    0x20, 0x11, 0x61, 0x02, 0x6b, 0x57, 0x5b, 0x81, 0x61, 0x02, 0x4f, 0x60, 0x20, 0x93, 0x83, 0x61,
    0x02, 0xcb, 0x56, 0x5b, 0x81, 0x01, 0x03, 0x12, 0x61, 0x02, 0x67, 0x57, 0x61, 0x02, 0x60, 0x90,
    0x61, 0x03, 0x16, 0x56, 0x5b, 0x90, 0x5f, 0x61, 0x01, 0x38, 0x56, 0x5b, 0x5f, 0x80, 0xfd, 0x5b,
    0x3d, 0x91, 0x50, 0x61, 0x02, 0x42, 0x56, 0x5b, 0x60, 0x40, 0x51, 0x3d, 0x5f, 0x82, 0x3e, 0x3d,
    0x90, 0xfd, 0x5b, 0x90, 0x50, 0x60, 0x20, 0x81, 0x3d, 0x60, 0x20, 0x11, 0x61, 0x02, 0xb0, 0x57,
    0x5b, 0x81, 0x61, 0x02, 0x99, 0x60, 0x20, 0x93, 0x83, 0x61, 0x02, 0xcb, 0x56, 0x5b, 0x81, 0x01,
    0x03, 0x12, 0x61, 0x02, 0x67, 0x57, 0x61, 0x02, 0xaa, 0x90, 0x61, 0x03, 0x16, 0x56, 0x5b, 0x5f,
    0x61, 0x01, 0x0d, 0x56, 0x5b, 0x3d, 0x91, 0x50, 0x61, 0x02, 0x8c, 0x56, 0x5b, 0x63, 0x1e, 0x4f,
    0xbd, 0xf7, 0x60, 0xe0, 0x1b, 0x5f, 0x52, 0x5f, 0x60, 0x04, 0x52, 0x60, 0x24, 0x5f, 0xfd, 0x5b,
    0x60, 0x1f, 0x90, 0x91, 0x01, 0x60, 0x1f, 0x19, 0x16, 0x81, 0x01, 0x90, 0x60, 0x01, 0x60, 0x01,
    0x60, 0x40, 0x1b, 0x03, 0x82, 0x11, 0x90, 0x82, 0x10, 0x17, 0x61, 0x02, 0xee, 0x57, 0x60, 0x40,
    0x52, 0x56, 0x5b, 0x63, 0x4e, 0x48, 0x7b, 0x71, 0x60, 0xe0, 0x1b, 0x5f, 0x52, 0x60, 0x41, 0x60,
    0x04, 0x52, 0x60, 0x24, 0x5f, 0xfd, 0x5b, 0x51, 0x90, 0x60, 0x01, 0x60, 0x01, 0x60, 0xa0, 0x1b,
    0x03, 0x82, 0x16, 0x82, 0x03, 0x61, 0x02, 0x67, 0x57, 0x56, 0x5b, 0x51, 0x90, 0x60, 0x01, 0x60,
    0x01, 0x60, 0x40, 0x1b, 0x03, 0x82, 0x16, 0x82, 0x03, 0x61, 0x02, 0x67, 0x57, 0x56, 0x5b, 0x60,
    0x01, 0x60, 0x01, 0x60, 0x40, 0x1b, 0x03, 0x91, 0x82, 0x16, 0x90, 0x82, 0x16, 0x01, 0x91, 0x90,
    0x82, 0x11, 0x61, 0x03, 0x43, 0x57, 0x56, 0x5b, 0x63, 0x4e, 0x48, 0x7b, 0x71, 0x60, 0xe0, 0x1b,
    0x5f, 0x52, 0x60, 0x11, 0x60, 0x04, 0x52, 0x60, 0x24, 0x5f, 0xfd, 0xfe, 0x60, 0x80, 0x80, 0x60,
    0x40, 0x52, 0x60, 0x04, 0x36, 0x10, 0x15, 0x61, 0x00, 0x12, 0x57, 0x5f, 0x80, 0xfd, 0x5b, 0x5f,
    0x35, 0x60, 0xe0, 0x1c, 0x90, 0x81, 0x63, 0x17, 0x38, 0x7b, 0x58, 0x14, 0x61, 0x0f, 0x86, 0x57,
    0x50, 0x80, 0x63, 0x2b, 0x37, 0xf5, 0x3c, 0x14, 0x61, 0x0e, 0x18, 0x57, 0x80, 0x63, 0x2d, 0xd3,
    0x10, 0x00, 0x14, 0x61, 0x0f, 0x42, 0x57, 0x80, 0x63, 0x2e, 0x17, 0xde, 0x78, 0x14, 0x61, 0x0e,
    0xc5, 0x57, 0x80, 0x63, 0x3b, 0xd0, 0x54, 0x00, 0x14, 0x61, 0x0e, 0xab, 0x57, 0x80, 0x63, 0x41,
    0x60, 0x53, 0x2f, 0x14, 0x61, 0x0e, 0x80, 0x57, 0x80, 0x63, 0x42, 0xd8, 0x66, 0x93, 0x14, 0x61,
    0x0e, 0x40, 0x57, 0x80, 0x63, 0x46, 0xc9, 0x6a, 0xac, 0x14, 0x61, 0x0e, 0x18, 0x57, 0x80, 0x63,
    0x49, 0x47, 0x11, 0x88, 0x14, 0x61, 0x0d, 0x4f, 0x57, 0x80, 0x63, 0x4b, 0xc2, 0xa6, 0x57, 0x14,
    0x61, 0x0d, 0x26, 0x57, 0x80, 0x63, 0x51, 0xcb, 0x86, 0xcd, 0x14, 0x61, 0x06, 0x3c, 0x57, 0x80,
    0x63, 0x53, 0xfd, 0x66, 0x14, 0x14, 0x61, 0x02, 0xbb, 0x57, 0x80, 0x63, 0x57, 0x0c, 0xa7, 0x35,
    0x14, 0x61, 0x02, 0x6b, 0x57, 0x80, 0x63, 0x5a, 0x62, 0x7d, 0xbc, 0x14, 0x61, 0x0b, 0x2a, 0x57,
    0x80, 0x63, 0x5e, 0x42, 0xb4, 0x55, 0x14, 0x61, 0x0b, 0x10, 0x57, 0x80, 0x63, 0x5e, 0xba, 0xf1,
    0xdb, 0x14, 0x61, 0x0a, 0x85, 0x57, 0x80, 0x63, 0x71, 0x50, 0x18, 0xa6, 0x14, 0x61, 0x0a, 0xad,
    0x57, 0x80, 0x63, 0x72, 0xb4, 0x5a, 0x55, 0x14, 0x61, 0x0a, 0x85, 0x57, 0x80, 0x63, 0x79, 0xba,
    0x50, 0x97, 0x14, 0x61, 0x0a, 0x00, 0x57, 0x80, 0x63, 0x86, 0x21, 0x01, 0x30, 0x14, 0x61, 0x08,
    0x4e, 0x57, 0x80, 0x63, 0x86, 0x25, 0x22, 0x0a, 0x14, 0x61, 0x08, 0x92, 0x57, 0x80, 0x63, 0x8d,
    0xa5, 0xcb, 0x5b, 0x14, 0x61, 0x08, 0x6b, 0x57, 0x80, 0x63, 0x96, 0x68, 0xce, 0xb8, 0x14, 0x61,
    0x08, 0x4e, 0x57, 0x80, 0x63, 0x9f, 0x0d, 0xee, 0xd7, 0x14, 0x61, 0x08, 0x32, 0x57, 0x80, 0x63,
    0xa2, 0x9a, 0x43, 0xbb, 0x14, 0x61, 0x08, 0x09, 0x57, 0x80, 0x63, 0xa4, 0xe2, 0xd6, 0x34, 0x14,
    0x61, 0x07, 0x92, 0x57, 0x80, 0x63, 0xac, 0xc2, 0x21, 0x6a, 0x14, 0x61, 0x06, 0xfb, 0x57, 0x80,
    0x63, 0xb2, 0xa2, 0x5b, 0x52, 0x14, 0x61, 0x06, 0x41, 0x57, 0x80, 0x63, 0xb3, 0x92, 0xfb, 0xfb,
    0x14, 0x61, 0x06, 0x3c, 0x57, 0x80, 0x63, 0xb3, 0xab, 0x15, 0xfb, 0x14, 0x61, 0x06, 0x11, 0x57,
    0x80, 0x63, 0xb9, 0x61, 0x30, 0xa9, 0x14, 0x61, 0x03, 0xa2, 0x57, 0x80, 0x63, 0xbd, 0x49, 0xc3,
    0x5f, 0x14, 0x61, 0x03, 0x85, 0x57, 0x80, 0x63, 0xc0, 0x31, 0x02, 0xec, 0x14, 0x61, 0x03, 0x68,
    0x57, 0x80, 0x63, 0xc3, 0x54, 0xbd, 0x6e, 0x14, 0x61, 0x03, 0x46, 0x57, 0x80, 0x63, 0xc4, 0x85,
    0xa4, 0xd8, 0x14, 0x61, 0x02, 0xe1, 0x57, 0x80, 0x63, 0xce, 0x06, 0x17, 0xec, 0x14, 0x61, 0x02,
    0xbb, 0x57, 0x80, 0x63, 0xe3, 0x0c, 0x39, 0x78, 0x14, 0x61, 0x02, 0x93, 0x57, 0x80, 0x63, 0xe7,
    0xf4, 0x3c, 0x68, 0x14, 0x61, 0x02, 0x6b, 0x57, 0x80, 0x63, 0xef, 0x43, 0xbd, 0x63, 0x14, 0x61,
    0x02, 0x4a, 0x57, 0x63, 0xf2, 0xfd, 0xe3, 0x8b, 0x14, 0x61, 0x01, 0xd4, 0x57, 0x5f, 0x80, 0xfd,
    0x5b, 0x34, 0x61, 0x02, 0x46, 0x57, 0x60, 0x20, 0x36, 0x60, 0x03, 0x19, 0x01, 0x12, 0x61, 0x02,
    0x46, 0x57, 0x61, 0x01, 0xed, 0x61, 0x0f, 0xa0, 0x56, 0x5b, 0x61, 0x01, 0xf5, 0x61, 0x17, 0x7d,
    0x56, 0x5b, 0x60, 0x01, 0x80, 0x60, 0xa0, 0x1b, 0x03, 0x16, 0x80, 0x6b, 0xff, 0xff, 0xff, 0xff,
    0xff, 0xff, 0xff, 0xff, 0xff, 0xff, 0xff, 0xff, 0x60, 0xa0, 0x1b, 0x60, 0x01, 0x54, 0x16, 0x17,
    0x60, 0x01, 0x55, 0x60, 0x01, 0x80, 0x60, 0xa0, 0x1b, 0x03, 0x5f, 0x54, 0x16, 0x7f, 0x38, 0xd1,
    0x6b, 0x8c, 0xac, 0x22, 0xd9, 0x9f, 0xc7, 0xc1, 0x24, 0xb9, 0xcd, 0x0d, 0xe2, 0xd3, 0xfa, 0x1f,
    0xae, 0xf4, 0x20, 0xbf, 0xe7, 0x91, 0xd8, 0xc3, 0x62, 0xd7, 0x65, 0xe2, 0x27, 0x00, 0x5f, 0x80,
    0xa3, 0x00, 0x5b, 0x5f, 0x80, 0xfd, 0x5b, 0x34, 0x61, 0x02, 0x46, 0x57, 0x5f, 0x36, 0x60, 0x03,
    0x19, 0x01, 0x12, 0x61, 0x02, 0x46, 0x57, 0x60, 0x20, 0x65, 0x72, 0xba, 0x30, 0x4f, 0x80, 0x00,
    0x60, 0x40, 0x51, 0x90, 0x81, 0x52, 0xf3, 0x5b, 0x34, 0x61, 0x02, 0x46, 0x57, 0x5f, 0x36, 0x60,
    0x03, 0x19, 0x01, 0x12, 0x61, 0x02, 0x46, 0x57, 0x60, 0x03, 0x54, 0x60, 0x40, 0x51, 0x60, 0x01,
    0x60, 0x01, 0x60, 0xa0, 0x1b, 0x03, 0x90, 0x91, 0x16, 0x81, 0x52, 0x60, 0x20, 0x90, 0xf3, 0x5b,
    0x34, 0x61, 0x02, 0x46, 0x57, 0x5f, 0x36, 0x60, 0x03, 0x19, 0x01, 0x12, 0x61, 0x02, 0x46, 0x57,
    0x60, 0x01, 0x54, 0x60, 0x40, 0x51, 0x60, 0x01, 0x60, 0x01, 0x60, 0xa0, 0x1b, 0x03, 0x90, 0x91,
    0x16, 0x81, 0x52, 0x60, 0x20, 0x90, 0xf3, 0x5b, 0x34, 0x61, 0x02, 0x46, 0x57, 0x5f, 0x36, 0x60,
    0x03, 0x19, 0x01, 0x12, 0x61, 0x02, 0x46, 0x57, 0x60, 0x20, 0x60, 0x01, 0x60, 0x01, 0x60, 0x40,
    0x1b, 0x03, 0x60, 0x06, 0x54, 0x16, 0x60, 0x40, 0x51, 0x90, 0x81, 0x52, 0xf3, 0x5b, 0x34, 0x61,
    0x02, 0x46, 0x57, 0x60, 0x20, 0x36, 0x60, 0x03, 0x19, 0x01, 0x12, 0x61, 0x02, 0x46, 0x57, 0x5f,
    0x60, 0x20, 0x60, 0x40, 0x51, 0x61, 0x03, 0x01, 0x81, 0x61, 0x0f, 0xe5, 0x56, 0x5b, 0x82, 0x81,
    0x52, 0x01, 0x52, 0x60, 0x40, 0x61, 0x03, 0x13, 0x60, 0x04, 0x35, 0x61, 0x10, 0x5a, 0x56, 0x5b,
    0x50, 0x81, 0x51, 0x61, 0x03, 0x1f, 0x81, 0x61, 0x0f, 0xe5, 0x56, 0x5b, 0x60, 0x20, 0x60, 0x01,
    0x60, 0x01, 0x60, 0x01, 0x60, 0x40, 0x1b, 0x03, 0x84, 0x54, 0x16, 0x93, 0x84, 0x84, 0x52, 0x01,
    0x54, 0x91, 0x01, 0x90, 0x81, 0x52, 0x82, 0x51, 0x91, 0x82, 0x52, 0x51, 0x60, 0x20, 0x82, 0x01,
    0x52, 0xf3, 0x5b, 0x34, 0x61, 0x02, 0x46, 0x57, 0x5f, 0x36, 0x60, 0x03, 0x19, 0x01, 0x12, 0x61,
    0x02, 0x46, 0x57, 0x60, 0x20, 0x61, 0x03, 0x60, 0x61, 0x18, 0x98, 0x56, 0x5b, 0x60, 0x40, 0x51,
    0x90, 0x81, 0x52, 0xf3, 0x5b, 0x34, 0x61, 0x02, 0x46, 0x57, 0x5f, 0x36, 0x60, 0x03, 0x19, 0x01,
    0x12, 0x61, 0x02, 0x46, 0x57, 0x60, 0x20, 0x60, 0x07, 0x54, 0x60, 0x40, 0x51, 0x90, 0x81, 0x52,
    0xf3, 0x5b, 0x34, 0x61, 0x02, 0x46, 0x57, 0x5f, 0x36, 0x60, 0x03, 0x19, 0x01, 0x12, 0x61, 0x02,
    0x46, 0x57, 0x60, 0x20, 0x60, 0x05, 0x54, 0x60, 0x40, 0x51, 0x90, 0x81, 0x52, 0xf3, 0x5b, 0x34,
    0x61, 0x02, 0x46, 0x57, 0x60, 0x20, 0x36, 0x60, 0x03, 0x19, 0x01, 0x12, 0x61, 0x02, 0x46, 0x57,
    0x60, 0x04, 0x35, 0x60, 0x01, 0x60, 0x01, 0x60, 0x40, 0x1b, 0x03, 0x81, 0x16, 0x80, 0x82, 0x03,
    0x61, 0x02, 0x46, 0x57, 0x60, 0x02, 0x54, 0x60, 0x01, 0x60, 0x01, 0x60, 0xa0, 0x1b, 0x03, 0x16,
    0x33, 0x81, 0x90, 0x03, 0x61, 0x05, 0xfb, 0x57, 0x50, 0x60, 0x40, 0x51, 0x63, 0x0b, 0xcf, 0xee,
    0x3f, 0x60, 0xe1, 0x1b, 0x81, 0x52, 0x60, 0x20, 0x81, 0x60, 0x04, 0x81, 0x64, 0x01, 0x62, 0x5f,
    0x20, 0x03, 0x5a, 0xfa, 0x90, 0x81, 0x15, 0x61, 0x05, 0x67, 0x57, 0x5f, 0x91, 0x61, 0x05, 0xcc,
    0x57, 0x5b, 0x50, 0x61, 0x05, 0xbd, 0x57, 0x65, 0x72, 0xba, 0x30, 0x4f, 0x80, 0x00, 0x80, 0x82,
    0x11, 0x61, 0x05, 0xa7, 0x57, 0x50, 0x60, 0x06, 0x54, 0x90, 0x61, 0x04, 0x31, 0x60, 0x01, 0x60,
    0x01, 0x60, 0x40, 0x1b, 0x03, 0x83, 0x16, 0x93, 0x84, 0x61, 0x12, 0xc5, 0x56, 0x5b, 0x91, 0x60,
    0x01, 0x60, 0x01, 0x60, 0x40, 0x1b, 0x03, 0x83, 0x16, 0x91, 0x84, 0x83, 0x11, 0x15, 0x61, 0x05,
    0x91, 0x57, 0x50, 0x60, 0x40, 0x51, 0x63, 0x7e, 0x34, 0x5d, 0xef, 0x60, 0xe1, 0x1b, 0x81, 0x52,
    0x60, 0x20, 0x81, 0x60, 0x04, 0x81, 0x64, 0x01, 0x62, 0x5f, 0x10, 0x00, 0x5a, 0xfa, 0x90, 0x81,
    0x15, 0x61, 0x05, 0x67, 0x57, 0x5f, 0x91, 0x61, 0x05, 0x72, 0x57, 0x5b, 0x50, 0x60, 0x40, 0x51,
    0x63, 0x4f, 0x0f, 0x2a, 0x39, 0x60, 0xe1, 0x1b, 0x81, 0x52, 0x90, 0x60, 0x20, 0x82, 0x60, 0x04,
    0x81, 0x64, 0x01, 0x62, 0x5f, 0x10, 0x01, 0x5a, 0xfa, 0x91, 0x82, 0x15, 0x61, 0x05, 0x67, 0x57,
    0x5f, 0x92, 0x61, 0x05, 0x36, 0x57, 0x5b, 0x50, 0x60, 0x01, 0x60, 0x01, 0x60, 0x40, 0x1b, 0x03,
    0x61, 0x04, 0xad, 0x83, 0x83, 0x61, 0x12, 0xc5, 0x56, 0x5b, 0x16, 0x84, 0x10, 0x61, 0x05, 0x0c,
    0x57, 0x67, 0xff, 0xff, 0xff, 0xff, 0xff, 0xff, 0xff, 0xff, 0x19, 0x83, 0x16, 0x84, 0x17, 0x60,
    0x06, 0x55, 0x60, 0x40, 0x80, 0x51, 0x60, 0x01, 0x60, 0x01, 0x60, 0x40, 0x1b, 0x03, 0x80, 0x89,
    0x16, 0x82, 0x52, 0x87, 0x16, 0x60, 0x20, 0x82, 0x01, 0x52, 0x30, 0x91, 0x7f, 0x7e, 0x4f, 0x3c,
    0xcb, 0x2c, 0x7c, 0xa7, 0x6e, 0xee, 0x66, 0x82, 0xc0, 0xe8, 0x6f, 0xef, 0xbb, 0xd6, 0xfe, 0x24,
    0xe4, 0xaf, 0x19, 0x38, 0x1a, 0x85, 0x4a, 0x14, 0xea, 0x09, 0x1b, 0xd9, 0xaf, 0x91, 0x90, 0x81,
    0x90, 0x81, 0x01, 0x5b, 0x03, 0x90, 0xa2, 0x00, 0x5b, 0x61, 0x05, 0x1f, 0x60, 0x01, 0x60, 0x01,
    0x60, 0x40, 0x1b, 0x03, 0x92, 0x85, 0x92, 0x61, 0x12, 0xc5, 0x56, 0x5b, 0x90, 0x63, 0x20, 0x41,
    0x57, 0x89, 0x60, 0xe1, 0x1b, 0x5f, 0x52, 0x60, 0x04, 0x52, 0x16, 0x60, 0x24, 0x52, 0x60, 0x44,
    0x5f, 0xfd, 0x5b, 0x61, 0x05, 0x59, 0x91, 0x92, 0x50, 0x60, 0x20, 0x3d, 0x60, 0x20, 0x11, 0x61,
    0x05, 0x60, 0x57, 0x5b, 0x61, 0x05, 0x51, 0x81, 0x83, 0x61, 0x10, 0x14, 0x56, 0x5b, 0x81, 0x01,
    0x90, 0x61, 0x10, 0xc0, 0x56, 0x5b, 0x90, 0x86, 0x61, 0x04, 0x9a, 0x56, 0x5b, 0x50, 0x3d, 0x61,
    0x05, 0x47, 0x56, 0x5b, 0x60, 0x40, 0x51, 0x3d, 0x5f, 0x82, 0x3e, 0x3d, 0x90, 0xfd, 0x5b, 0x61,
    0x05, 0x8b, 0x91, 0x50, 0x60, 0x20, 0x3d, 0x60, 0x20, 0x11, 0x61, 0x05, 0x60, 0x57, 0x61, 0x05,
    0x51, 0x81, 0x83, 0x61, 0x10, 0x14, 0x56, 0x5b, 0x85, 0x61, 0x04, 0x6f, 0x56, 0x5b, 0x84, 0x63,
    0x8a, 0x36, 0xf6, 0x43, 0x60, 0xe0, 0x1b, 0x5f, 0x52, 0x60, 0x04, 0x52, 0x60, 0x24, 0x52, 0x60,
    0x44, 0x5f, 0xfd, 0x5b, 0x90, 0x63, 0x7e, 0xda, 0x69, 0x9b, 0x60, 0xe1, 0x1b, 0x5f, 0x52, 0x60,
    0x04, 0x52, 0x60, 0x24, 0x52, 0x60, 0x44, 0x5f, 0xfd, 0x5b, 0x63, 0xb7, 0xa1, 0x74, 0xcb, 0x60,
    0xe0, 0x1b, 0x5f, 0x52, 0x60, 0x04, 0x5f, 0xfd, 0x5b, 0x61, 0x05, 0xee, 0x91, 0x50, 0x60, 0x20,
    0x3d, 0x60, 0x20, 0x11, 0x61, 0x05, 0xf4, 0x57, 0x5b, 0x61, 0x05, 0xe6, 0x81, 0x83, 0x61, 0x10,
    0x14, 0x56, 0x5b, 0x81, 0x01, 0x90, 0x61, 0x10, 0x35, 0x56, 0x5b, 0x83, 0x61, 0x04, 0x05, 0x56,
    0x5b, 0x50, 0x3d, 0x61, 0x05, 0xdc, 0x56, 0x5b, 0x63, 0xe8, 0x37, 0xad, 0xd9, 0x60, 0xe0, 0x1b,
    0x5f, 0x52, 0x33, 0x60, 0x04, 0x52, 0x60, 0x24, 0x52, 0x60, 0x44, 0x5f, 0xfd, 0x5b, 0x34, 0x61,
    0x02, 0x46, 0x57, 0x60, 0x20, 0x36, 0x60, 0x03, 0x19, 0x01, 0x12, 0x61, 0x02, 0x46, 0x57, 0x61,
    0x06, 0x3a, 0x61, 0x06, 0x2d, 0x61, 0x0f, 0xa0, 0x56, 0x5b, 0x61, 0x06, 0x35, 0x61, 0x17, 0x7d,
    0x56, 0x5b, 0x61, 0x13, 0x63, 0x56, 0x5b, 0x00, 0x5b, 0x61, 0x0f, 0xb6, 0x56, 0x5b, 0x34, 0x61,
    0x02, 0x46, 0x57, 0x60, 0x20, 0x36, 0x60, 0x03, 0x19, 0x01, 0x12, 0x61, 0x02, 0x46, 0x57, 0x61,
    0x06, 0x5a, 0x61, 0x0f, 0xa0, 0x56, 0x5b, 0x60, 0x02, 0x54, 0x60, 0x01, 0x60, 0x01, 0x60, 0xa0,
    0x1b, 0x03, 0x16, 0x33, 0x81, 0x90, 0x03, 0x61, 0x05, 0xfb, 0x57, 0x50, 0x60, 0x40, 0x51, 0x63,
    0x0b, 0xcf, 0xee, 0x3f, 0x60, 0xe1, 0x1b, 0x81, 0x52, 0x60, 0x20, 0x81, 0x60, 0x04, 0x81, 0x64,
    0x01, 0x62, 0x5f, 0x20, 0x03, 0x5a, 0xfa, 0x90, 0x81, 0x15, 0x61, 0x05, 0x67, 0x57, 0x5f, 0x91,
    0x61, 0x06, 0xdc, 0x57, 0x5b, 0x50, 0x61, 0x05, 0xbd, 0x57, 0x61, 0x06, 0xb0, 0x60, 0x20, 0x91,
    0x61, 0x06, 0xab, 0x61, 0x16, 0xcd, 0x56, 0x5b, 0x61, 0x18, 0x34, 0x56, 0x5b, 0x60, 0x01, 0x7f,
    0x9b, 0x77, 0x9b, 0x17, 0x42, 0x2d, 0x0d, 0xf9, 0x22, 0x23, 0x01, 0x8b, 0x32, 0xb4, 0xd1, 0xfa,
    0x46, 0xe0, 0x71, 0x72, 0x3d, 0x68, 0x17, 0xe2, 0x48, 0x6d, 0x00, 0x3b, 0xec, 0xc5, 0x5f, 0x00,
    0x55, 0x60, 0x40, 0x51, 0x90, 0x81, 0x52, 0xf3, 0x5b, 0x61, 0x06, 0xf5, 0x91, 0x50, 0x60, 0x20,
    0x3d, 0x60, 0x20, 0x11, 0x61, 0x05, 0xf4, 0x57, 0x61, 0x05, 0xe6, 0x81, 0x83, 0x61, 0x10, 0x14,
    0x56, 0x5b, 0x82, 0x61, 0x06, 0x98, 0x56, 0x5b, 0x34, 0x61, 0x02, 0x46, 0x57, 0x60, 0x40, 0x36,
    0x60, 0x03, 0x19, 0x01, 0x12, 0x61, 0x02, 0x46, 0x57, 0x60, 0x24, 0x35, 0x60, 0x01, 0x60, 0x01,
    0x60, 0xa0, 0x1b, 0x03, 0x81, 0x16, 0x81, 0x03, 0x61, 0x02, 0x46, 0x57, 0x60, 0x02, 0x54, 0x60,
    0x01, 0x60, 0x01, 0x60, 0xa0, 0x1b, 0x03, 0x16, 0x33, 0x81, 0x90, 0x03, 0x61, 0x05, 0xfb, 0x57,
    0x50, 0x60, 0x40, 0x51, 0x63, 0x0b, 0xcf, 0xee, 0x3f, 0x60, 0xe1, 0x1b, 0x81, 0x52, 0x60, 0x20,
    0x81, 0x60, 0x04, 0x81, 0x64, 0x01, 0x62, 0x5f, 0x20, 0x03, 0x5a, 0xfa, 0x90, 0x81, 0x15, 0x61,
    0x05, 0x67, 0x57, 0x5f, 0x91, 0x61, 0x07, 0x73, 0x57, 0x5b, 0x50, 0x61, 0x05, 0xbd, 0x57, 0x61,
    0x03, 0x60, 0x60, 0x20, 0x91, 0x61, 0x06, 0xab, 0x60, 0x04, 0x35, 0x61, 0x13, 0xe1, 0x56, 0x5b,
    0x61, 0x07, 0x8c, 0x91, 0x50, 0x60, 0x20, 0x3d, 0x60, 0x20, 0x11, 0x61, 0x05, 0xf4, 0x57, 0x61,
    0x05, 0xe6, 0x81, 0x83, 0x61, 0x10, 0x14, 0x56, 0x5b, 0x82, 0x61, 0x07, 0x5d, 0x56, 0x5b, 0x34,
    0x61, 0x02, 0x46, 0x57, 0x5f, 0x36, 0x60, 0x03, 0x19, 0x01, 0x12, 0x61, 0x02, 0x46, 0x57, 0x60,
    0x40, 0x51, 0x63, 0x7e, 0x34, 0x5d, 0xef, 0x60, 0xe1, 0x1b, 0x81, 0x52, 0x60, 0x20, 0x81, 0x60,
    0x04, 0x81, 0x64, 0x01, 0x62, 0x5f, 0x10, 0x00, 0x5a, 0xfa, 0x80, 0x15, 0x61, 0x05, 0x67, 0x57,
    0x60, 0x20, 0x91, 0x5f, 0x91, 0x61, 0x07, 0xec, 0x57, 0x5b, 0x50, 0x60, 0x01, 0x60, 0x01, 0x60,
    0x40, 0x1b, 0x03, 0x60, 0x06, 0x54, 0x16, 0x60, 0x01, 0x60, 0x01, 0x60, 0x40, 0x1b, 0x03, 0x60,
    0x40, 0x51, 0x92, 0x16, 0x10, 0x81, 0x52, 0xf3, 0x5b, 0x61, 0x08, 0x03, 0x91, 0x50, 0x82, 0x3d,
    0x84, 0x11, 0x61, 0x05, 0x60, 0x57, 0x61, 0x05, 0x51, 0x81, 0x83, 0x61, 0x10, 0x14, 0x56, 0x5b,
    0x82, 0x61, 0x07, 0xcd, 0x56, 0x5b, 0x34, 0x61, 0x02, 0x46, 0x57, 0x60, 0x20, 0x36, 0x60, 0x03,
    0x19, 0x01, 0x12, 0x61, 0x02, 0x46, 0x57, 0x61, 0x06, 0x3a, 0x61, 0x08, 0x25, 0x61, 0x0f, 0xa0,
    0x56, 0x5b, 0x61, 0x08, 0x2d, 0x61, 0x17, 0x7d, 0x56, 0x5b, 0x61, 0x12, 0xe5, 0x56, 0x5b, 0x34,
    0x61, 0x02, 0x46, 0x57, 0x5f, 0x36, 0x60, 0x03, 0x19, 0x01, 0x12, 0x61, 0x02, 0x46, 0x57, 0x60,
    0x20, 0x60, 0x40, 0x51, 0x61, 0x03, 0xe8, 0x81, 0x52, 0xf3, 0x5b, 0x34, 0x61, 0x02, 0x46, 0x57,
    0x5f, 0x36, 0x60, 0x03, 0x19, 0x01, 0x12, 0x61, 0x02, 0x46, 0x57, 0x60, 0x20, 0x60, 0x08, 0x54,
    0x60, 0x40, 0x51, 0x90, 0x81, 0x52, 0xf3, 0x5b, 0x34, 0x61, 0x02, 0x46, 0x57, 0x5f, 0x36, 0x60,
    0x03, 0x19, 0x01, 0x12, 0x61, 0x02, 0x46, 0x57, 0x5f, 0x54, 0x60, 0x40, 0x51, 0x60, 0x01, 0x60,
    0x01, 0x60, 0xa0, 0x1b, 0x03, 0x90, 0x91, 0x16, 0x81, 0x52, 0x60, 0x20, 0x90, 0xf3, 0x5b, 0x34,
    0x61, 0x02, 0x46, 0x57, 0x5f, 0x36, 0x60, 0x03, 0x19, 0x01, 0x12, 0x61, 0x02, 0x46, 0x57, 0x7f,
    0x00, 0x00, 0x00, 0x00, 0x00, 0x00, 0x00, 0x00, 0x00, 0x00, 0x00, 0x00, 0x00, 0x00, 0x00, 0x00,
    0x00, 0x00, 0x00, 0x00, 0x00, 0x00, 0x00, 0x00, 0x00, 0x00, 0x00, 0x00, 0x00, 0x00, 0x00, 0x00,
    0x60, 0x01, 0x60, 0x01, 0x60, 0xa0, 0x1b, 0x03, 0x16, 0x33, 0x03, 0x61, 0x09, 0xed, 0x57, 0x60,
    0x40, 0x51, 0x63, 0x7e, 0x34, 0x5d, 0xef, 0x60, 0xe1, 0x1b, 0x81, 0x52, 0x60, 0x20, 0x81, 0x60,
    0x04, 0x81, 0x64, 0x01, 0x62, 0x5f, 0x10, 0x00, 0x5a, 0xfa, 0x90, 0x81, 0x15, 0x61, 0x05, 0x67,
    0x57, 0x5f, 0x91, 0x61, 0x09, 0xce, 0x57, 0x5b, 0x50, 0x60, 0x40, 0x51, 0x63, 0x4f, 0x0f, 0x2a,
    0x39, 0x60, 0xe1, 0x1b, 0x81, 0x52, 0x90, 0x60, 0x20, 0x82, 0x60, 0x04, 0x81, 0x64, 0x01, 0x62,
    0x5f, 0x10, 0x01, 0x5a, 0xfa, 0x90, 0x81, 0x15, 0x61, 0x05, 0x67, 0x57, 0x61, 0x09, 0x30, 0x92,
    0x5f, 0x92, 0x61, 0x09, 0xad, 0x57, 0x5b, 0x50, 0x61, 0x12, 0xc5, 0x56, 0x5b, 0x60, 0x06, 0x54,
    0x90, 0x60, 0x01, 0x60, 0x01, 0x60, 0x40, 0x1b, 0x03, 0x82, 0x16, 0x91, 0x60, 0x01, 0x60, 0x01,
    0x60, 0x40, 0x1b, 0x03, 0x82, 0x16, 0x91, 0x83, 0x83, 0x11, 0x61, 0x09, 0x53, 0x57, 0x00, 0x5b,
    0x7f, 0x7e, 0x4f, 0x3c, 0xcb, 0x2c, 0x7c, 0xa7, 0x6e, 0xee, 0x66, 0x82, 0xc0, 0xe8, 0x6f, 0xef,
    0xbb, 0xd6, 0xfe, 0x24, 0xe4, 0xaf, 0x19, 0x38, 0x1a, 0x85, 0x4a, 0x14, 0xea, 0x09, 0x1b, 0xd9,
    0xaf, 0x92, 0x61, 0x05, 0x07, 0x92, 0x60, 0x01, 0x60, 0x01, 0x60, 0x40, 0x1b, 0x03, 0x19, 0x16,
    0x17, 0x60, 0x06, 0x55, 0x60, 0x40, 0x51, 0x91, 0x82, 0x91, 0x30, 0x95, 0x83, 0x90, 0x92, 0x91,
    0x60, 0x01, 0x60, 0x01, 0x60, 0x40, 0x1b, 0x03, 0x60, 0x20, 0x91, 0x81, 0x60, 0x40, 0x85, 0x01,
    0x96, 0x16, 0x84, 0x52, 0x16, 0x91, 0x01, 0x52, 0x56, 0x5b, 0x61, 0x09, 0xc7, 0x91, 0x92, 0x50,
    0x60, 0x20, 0x3d, 0x60, 0x20, 0x11, 0x61, 0x05, 0x60, 0x57, 0x61, 0x05, 0x51, 0x81, 0x83, 0x61,
    0x10, 0x14, 0x56, 0x5b, 0x90, 0x83, 0x61, 0x09, 0x2a, 0x56, 0x5b, 0x61, 0x09, 0xe7, 0x91, 0x50,
    0x60, 0x20, 0x3d, 0x60, 0x20, 0x11, 0x61, 0x05, 0x60, 0x57, 0x61, 0x05, 0x51, 0x81, 0x83, 0x61,
    0x10, 0x14, 0x56, 0x5b, 0x81, 0x61, 0x08, 0xfb, 0x56, 0x5b, 0x63, 0xd3, 0x7c, 0xee, 0xfd, 0x60,
    0xe0, 0x1b, 0x5f, 0x52, 0x33, 0x60, 0x04, 0x52, 0x60, 0x24, 0x5f, 0xfd, 0x5b, 0x34, 0x61, 0x02,
    0x46, 0x57, 0x5f, 0x36, 0x60, 0x03, 0x19, 0x01, 0x12, 0x61, 0x02, 0x46, 0x57, 0x60, 0x01, 0x54,
    0x33, 0x60, 0x01, 0x60, 0x01, 0x60, 0xa0, 0x1b, 0x03, 0x90, 0x91, 0x16, 0x03, 0x61, 0x0a, 0x72,
    0x57, 0x60, 0x01, 0x80, 0x54, 0x60, 0x01, 0x60, 0x01, 0x60, 0xa0, 0x1b, 0x03, 0x19, 0x90, 0x81,
    0x16, 0x90, 0x91, 0x55, 0x5f, 0x80, 0x54, 0x33, 0x92, 0x81, 0x16, 0x83, 0x17, 0x82, 0x55, 0x60,
    0x01, 0x60, 0x01, 0x60, 0xa0, 0x1b, 0x03, 0x16, 0x90, 0x7f, 0x8b, 0xe0, 0x07, 0x9c, 0x53, 0x16,
    0x59, 0x14, 0x13, 0x44, 0xcd, 0x1f, 0xd0, 0xa4, 0xf2, 0x84, 0x19, 0x49, 0x7f, 0x97, 0x22, 0xa3,
    0xda, 0xaf, 0xe3, 0xb4, 0x18, 0x6f, 0x6b, 0x64, 0x57, 0xe0, 0x90, 0x80, 0xa3, 0x00, 0x5b, 0x63,
    0x11, 0x8c, 0xda, 0xa7, 0x60, 0xe0, 0x1b, 0x5f, 0x52, 0x33, 0x60, 0x04, 0x52, 0x60, 0x24, 0x5f,
    0xfd, 0x5b, 0x34, 0x61, 0x02, 0x46, 0x57, 0x5f, 0x36, 0x60, 0x03, 0x19, 0x01, 0x12, 0x61, 0x02,
    0x46, 0x57, 0x60, 0x02, 0x54, 0x60, 0x40, 0x51, 0x60, 0x01, 0x60, 0x01, 0x60, 0xa0, 0x1b, 0x03,
    0x90, 0x91, 0x16, 0x81, 0x52, 0x60, 0x20, 0x90, 0xf3, 0x5b, 0x34, 0x61, 0x02, 0x46, 0x57, 0x5f,
    0x36, 0x60, 0x03, 0x19, 0x01, 0x12, 0x61, 0x02, 0x46, 0x57, 0x61, 0x0a, 0xc5, 0x61, 0x17, 0x7d,
    0x56, 0x5b, 0x60, 0x01, 0x80, 0x54, 0x60, 0x01, 0x60, 0x01, 0x60, 0xa0, 0x1b, 0x03, 0x19, 0x90,
    0x81, 0x16, 0x90, 0x91, 0x55, 0x5f, 0x80, 0x54, 0x91, 0x82, 0x16, 0x81, 0x55, 0x90, 0x60, 0x01,
    0x60, 0x01, 0x60, 0xa0, 0x1b, 0x03, 0x16, 0x7f, 0x8b, 0xe0, 0x07, 0x9c, 0x53, 0x16, 0x59, 0x14,
    0x13, 0x44, 0xcd, 0x1f, 0xd0, 0xa4, 0xf2, 0x84, 0x19, 0x49, 0x7f, 0x97, 0x22, 0xa3, 0xda, 0xaf,
    0xe3, 0xb4, 0x18, 0x6f, 0x6b, 0x64, 0x57, 0xe0, 0x82, 0x80, 0xa3, 0x00, 0x5b, 0x34, 0x61, 0x02,
    0x46, 0x57, 0x5f, 0x36, 0x60, 0x03, 0x19, 0x01, 0x12, 0x61, 0x02, 0x46, 0x57, 0x60, 0x20, 0x61,
    0x03, 0x60, 0x61, 0x17, 0x2b, 0x56, 0x5b, 0x5f, 0x36, 0x60, 0x03, 0x19, 0x01, 0x12, 0x61, 0x02,
    0x46, 0x57, 0x60, 0x02, 0x54, 0x60, 0x01, 0x60, 0x01, 0x60, 0xa0, 0x1b, 0x03, 0x16, 0x33, 0x81,
    0x90, 0x03, 0x61, 0x05, 0xfb, 0x57, 0x60, 0x40, 0x51, 0x63, 0x0b, 0xcf, 0xee, 0x3f, 0x60, 0xe1,
    0x1b, 0x81, 0x52, 0x60, 0x20, 0x81, 0x60, 0x04, 0x81, 0x64, 0x01, 0x62, 0x5f, 0x20, 0x03, 0x5a,
    0xfa, 0x90, 0x81, 0x15, 0x61, 0x05, 0x67, 0x57, 0x5f, 0x91, 0x61, 0x0d, 0x07, 0x57, 0x5b, 0x50,
    0x61, 0x05, 0xbd, 0x57, 0x34, 0x15, 0x61, 0x0c, 0xf8, 0x57, 0x61, 0x0b, 0x89, 0x34, 0x60, 0x05,
    0x54, 0x61, 0x12, 0xb8, 0x56, 0x5b, 0x60, 0x05, 0x55, 0x60, 0x40, 0x51, 0x63, 0x7e, 0x34, 0x5d,
    0xef, 0x60, 0xe1, 0x1b, 0x81, 0x52, 0x60, 0x20, 0x81, 0x60, 0x04, 0x81, 0x64, 0x01, 0x62, 0x5f,
    0x10, 0x00, 0x5a, 0xfa, 0x90, 0x81, 0x15, 0x61, 0x05, 0x67, 0x57, 0x5f, 0x91, 0x61, 0x0c, 0xd9,
    0x57, 0x5b, 0x50, 0x60, 0x40, 0x51, 0x63, 0x4f, 0x0f, 0x2a, 0x39, 0x60, 0xe1, 0x1b, 0x81, 0x52,
    0x60, 0x20, 0x81, 0x60, 0x04, 0x81, 0x64, 0x01, 0x62, 0x5f, 0x10, 0x01, 0x5a, 0xfa, 0x90, 0x81,
    0x15, 0x61, 0x05, 0x67, 0x57, 0x5f, 0x91, 0x61, 0x0c, 0xba, 0x57, 0x5b, 0x50, 0x60, 0x01, 0x60,
    0x01, 0x60, 0x40, 0x1b, 0x03, 0x81, 0x16, 0x91, 0x82, 0x60, 0x01, 0x60, 0x01, 0x60, 0x40, 0x1b,
    0x03, 0x03, 0x60, 0x01, 0x60, 0x01, 0x60, 0x40, 0x1b, 0x03, 0x81, 0x11, 0x61, 0x0c, 0xa6, 0x57,
    0x60, 0x01, 0x60, 0x01, 0x60, 0x40, 0x1b, 0x03, 0x16, 0x60, 0x01, 0x60, 0x01, 0x60, 0x40, 0x1b,
    0x03, 0x82, 0x16, 0x11, 0x61, 0x0c, 0x88, 0x57, 0x61, 0x0c, 0x25, 0x92, 0x50, 0x61, 0x12, 0xc5,
    0x56, 0x5b, 0x60, 0x01, 0x60, 0x01, 0x60, 0x40, 0x1b, 0x03, 0x60, 0x06, 0x54, 0x91, 0x16, 0x90,
    0x60, 0x01, 0x60, 0x01, 0x60, 0x40, 0x1b, 0x03, 0x81, 0x16, 0x82, 0x11, 0x61, 0x0c, 0x72, 0x57,
    0x5b, 0x60, 0x40, 0x51, 0x34, 0x81, 0x52, 0x7f, 0x7c, 0x71, 0x79, 0x85, 0xac, 0x27, 0x3e, 0x66,
    0x3b, 0x7f, 0x30, 0x50, 0xf5, 0xb1, 0x5a, 0x43, 0x88, 0xff, 0x6e, 0xd9, 0x52, 0x33, 0x89, 0x54,
    0xf6, 0x50, 0xe2, 0x09, 0x3e, 0x13, 0x93, 0x7f, 0x60, 0x20, 0x30, 0x92, 0xa2, 0x00, 0x5b, 0x67,
    0xff, 0xff, 0xff, 0xff, 0xff, 0xff, 0xff, 0xff, 0x19, 0x16, 0x17, 0x60, 0x06, 0x55, 0x80, 0x80,
    0x61, 0x0c, 0x44, 0x56, 0x5b, 0x82, 0x65, 0x72, 0xba, 0x30, 0x4f, 0x80, 0x00, 0x90, 0x63, 0x7e,
    0xda, 0x69, 0x9b, 0x60, 0xe1, 0x1b, 0x5f, 0x52, 0x60, 0x04, 0x52, 0x60, 0x24, 0x52, 0x60, 0x44,
    0x5f, 0xfd, 0x5b, 0x63, 0x4e, 0x48, 0x7b, 0x71, 0x60, 0xe0, 0x1b, 0x5f, 0x52, 0x60, 0x11, 0x60,
    0x04, 0x52, 0x60, 0x24, 0x5f, 0xfd, 0x5b, 0x61, 0x0c, 0xd3, 0x91, 0x50, 0x60, 0x20, 0x3d, 0x60,
    0x20, 0x11, 0x61, 0x05, 0x60, 0x57, 0x61, 0x05, 0x51, 0x81, 0x83, 0x61, 0x10, 0x14, 0x56, 0x5b,
    0x82, 0x61, 0x0b, 0xdf, 0x56, 0x5b, 0x61, 0x0c, 0xf2, 0x91, 0x50, 0x60, 0x20, 0x3d, 0x60, 0x20,
    0x11, 0x61, 0x05, 0x60, 0x57, 0x61, 0x05, 0x51, 0x81, 0x83, 0x61, 0x10, 0x14, 0x56, 0x5b, 0x81,
    0x61, 0x0b, 0xb5, 0x56, 0x5b, 0x63, 0x1f, 0x2a, 0x20, 0x05, 0x60, 0xe0, 0x1b, 0x5f, 0x52, 0x60,
    0x04, 0x5f, 0xfd, 0x5b, 0x61, 0x0d, 0x20, 0x91, 0x50, 0x60, 0x20, 0x3d, 0x60, 0x20, 0x11, 0x61,
    0x05, 0xf4, 0x57, 0x61, 0x05, 0xe6, 0x81, 0x83, 0x61, 0x10, 0x14, 0x56, 0x5b, 0x81, 0x61, 0x0b,
    0x72, 0x56, 0x5b, 0x34, 0x61, 0x02, 0x46, 0x57, 0x60, 0x20, 0x36, 0x60, 0x03, 0x19, 0x01, 0x12,
    0x61, 0x02, 0x46, 0x57, 0x61, 0x06, 0x3a, 0x61, 0x0d, 0x42, 0x61, 0x0f, 0xa0, 0x56, 0x5b, 0x61,
    0x0d, 0x4a, 0x61, 0x17, 0x7d, 0x56, 0x5b, 0x61, 0x12, 0x24, 0x56, 0x5b, 0x34, 0x61, 0x02, 0x46,
    0x57, 0x5f, 0x36, 0x60, 0x03, 0x19, 0x01, 0x12, 0x61, 0x02, 0x46, 0x57, 0x60, 0x40, 0x51, 0x63,
    0x7e, 0x34, 0x5d, 0xef, 0x60, 0xe1, 0x1b, 0x81, 0x52, 0x60, 0x20, 0x81, 0x60, 0x04, 0x81, 0x64,
    0x01, 0x62, 0x5f, 0x10, 0x00, 0x5a, 0xfa, 0x90, 0x81, 0x15, 0x61, 0x05, 0x67, 0x57, 0x5f, 0x91,
    0x61, 0x0d, 0xf9, 0x57, 0x5b, 0x50, 0x60, 0x01, 0x60, 0x01, 0x60, 0x40, 0x1b, 0x03, 0x60, 0x40,
    0x51, 0x91, 0x63, 0x51, 0xcb, 0x86, 0xcd, 0x60, 0xe0, 0x1b, 0x83, 0x52, 0x16, 0x60, 0x04, 0x82,
    0x01, 0x52, 0x60, 0x20, 0x81, 0x60, 0x24, 0x81, 0x30, 0x5a, 0xfa, 0x80, 0x15, 0x61, 0x05, 0x67,
    0x57, 0x5f, 0x90, 0x61, 0x0d, 0xc6, 0x57, 0x5b, 0x60, 0x20, 0x90, 0x60, 0x40, 0x51, 0x90, 0x81,
    0x52, 0xf3, 0x5b, 0x50, 0x60, 0x20, 0x81, 0x3d, 0x60, 0x20, 0x11, 0x61, 0x0d, 0xf1, 0x57, 0x5b,
    0x81, 0x61, 0x0d, 0xe0, 0x60, 0x20, 0x93, 0x83, 0x61, 0x10, 0x14, 0x56, 0x5b, 0x81, 0x01, 0x03,
    0x12, 0x61, 0x02, 0x46, 0x57, 0x60, 0x20, 0x90, 0x51, 0x61, 0x0d, 0xbb, 0x56, 0x5b, 0x3d, 0x91,
    0x50, 0x61, 0x0d, 0xd3, 0x56, 0x5b, 0x61, 0x0e, 0x12, 0x91, 0x50, 0x60, 0x20, 0x3d, 0x60, 0x20,
    0x11, 0x61, 0x05, 0x60, 0x57, 0x61, 0x05, 0x51, 0x81, 0x83, 0x61, 0x10, 0x14, 0x56, 0x5b, 0x81,
    0x61, 0x0d, 0x88, 0x56, 0x5b, 0x34, 0x61, 0x02, 0x46, 0x57, 0x5f, 0x36, 0x60, 0x03, 0x19, 0x01,
    0x12, 0x61, 0x02, 0x46, 0x57, 0x60, 0x04, 0x54, 0x60, 0x40, 0x51, 0x60, 0x01, 0x60, 0x01, 0x60,
    0xa0, 0x1b, 0x03, 0x90, 0x91, 0x16, 0x81, 0x52, 0x60, 0x20, 0x90, 0xf3, 0x5b, 0x34, 0x61, 0x02,
    0x46, 0x57, 0x60, 0x20, 0x36, 0x60, 0x03, 0x19, 0x01, 0x12, 0x61, 0x02, 0x46, 0x57, 0x61, 0x0e,
    0x59, 0x61, 0x0f, 0xa0, 0x56, 0x5b, 0x60, 0x02, 0x54, 0x60, 0x01, 0x60, 0x01, 0x60, 0xa0, 0x1b,
    0x03, 0x16, 0x33, 0x81, 0x90, 0x03, 0x61, 0x05, 0xfb, 0x57, 0x60, 0x20, 0x61, 0x06, 0xb0, 0x83,
    0x61, 0x0e, 0x7b, 0x61, 0x16, 0xcd, 0x56, 0x5b, 0x61, 0x11, 0xb2, 0x56, 0x5b, 0x34, 0x61, 0x02,
    0x46, 0x57, 0x5f, 0x36, 0x60, 0x03, 0x19, 0x01, 0x12, 0x61, 0x02, 0x46, 0x57, 0x60, 0x20, 0x61,
    0x0e, 0x9a, 0x61, 0x10, 0xff, 0x56, 0x5b, 0x60, 0x01, 0x60, 0x01, 0x60, 0x40, 0x1b, 0x03, 0x60,
    0x40, 0x51, 0x91, 0x16, 0x81, 0x52, 0xf3, 0x5b, 0x34, 0x61, 0x02, 0x46, 0x57, 0x5f, 0x36, 0x60,
    0x03, 0x19, 0x01, 0x12, 0x61, 0x02, 0x46, 0x57, 0x60, 0x20, 0x61, 0x03, 0x60, 0x61, 0x10, 0x8a,
    0x56, 0x5b, 0x34, 0x61, 0x02, 0x46, 0x57, 0x60, 0x20, 0x36, 0x60, 0x03, 0x19, 0x01, 0x12, 0x61,
    0x02, 0x46, 0x57, 0x60, 0x02, 0x54, 0x60, 0x01, 0x60, 0x01, 0x60, 0xa0, 0x1b, 0x03, 0x16, 0x33,
    0x81, 0x90, 0x03, 0x61, 0x05, 0xfb, 0x57, 0x60, 0x40, 0x51, 0x63, 0x0b, 0xcf, 0xee, 0x3f, 0x60,
    0xe1, 0x1b, 0x81, 0x52, 0x60, 0x20, 0x81, 0x60, 0x04, 0x81, 0x64, 0x01, 0x62, 0x5f, 0x20, 0x03,
    0x5a, 0xfa, 0x90, 0x81, 0x15, 0x61, 0x05, 0x67, 0x57, 0x5f, 0x91, 0x61, 0x0f, 0x23, 0x57, 0x5b,
    0x50, 0x61, 0x05, 0xbd, 0x57, 0x61, 0x06, 0x3a, 0x60, 0x04, 0x35, 0x61, 0x13, 0xe1, 0x56, 0x5b,
    0x61, 0x0f, 0x3c, 0x91, 0x50, 0x60, 0x20, 0x3d, 0x60, 0x20, 0x11, 0x61, 0x05, 0xf4, 0x57, 0x61,
    0x05, 0xe6, 0x81, 0x83, 0x61, 0x10, 0x14, 0x56, 0x5b, 0x81, 0x61, 0x0f, 0x13, 0x56, 0x5b, 0x34,
    0x61, 0x02, 0x46, 0x57, 0x5f, 0x36, 0x60, 0x03, 0x19, 0x01, 0x12, 0x61, 0x02, 0x46, 0x57, 0x60,
    0x40, 0x51, 0x7f, 0x00, 0x00, 0x00, 0x00, 0x00, 0x00, 0x00, 0x00, 0x00, 0x00, 0x00, 0x00, 0x00,
    0x00, 0x00, 0x00, 0x00, 0x00, 0x00, 0x00, 0x00, 0x00, 0x00, 0x00, 0x00, 0x00, 0x00, 0x00, 0x00,
    0x00, 0x00, 0x00, 0x60, 0x01, 0x60, 0x01, 0x60, 0xa0, 0x1b, 0x03, 0x16, 0x81, 0x52, 0x60, 0x20,
    0x90, 0xf3, 0x5b, 0x34, 0x61, 0x02, 0x46, 0x57, 0x5f, 0x36, 0x60, 0x03, 0x19, 0x01, 0x12, 0x61,
    0x02, 0x46, 0x57, 0x60, 0x20, 0x90, 0x60, 0x05, 0x54, 0x81, 0x52, 0xf3, 0x5b, 0x60, 0x04, 0x35,
    0x90, 0x60, 0x01, 0x60, 0x01, 0x60, 0xa0, 0x1b, 0x03, 0x82, 0x16, 0x82, 0x03, 0x61, 0x02, 0x46,
    0x57, 0x56, 0x5b, 0x34, 0x61, 0x02, 0x46, 0x57, 0x60, 0x20, 0x36, 0x60, 0x03, 0x19, 0x01, 0x12,
    0x61, 0x02, 0x46, 0x57, 0x60, 0x04, 0x35, 0x60, 0x01, 0x60, 0x01, 0x60, 0x40, 0x1b, 0x03, 0x81,
    0x16, 0x81, 0x03, 0x61, 0x02, 0x46, 0x57, 0x61, 0x03, 0x60, 0x60, 0x20, 0x91, 0x61, 0x17, 0x90,
    0x56, 0x5b, 0x60, 0x40, 0x81, 0x01, 0x90, 0x81, 0x10, 0x60, 0x01, 0x60, 0x01, 0x60, 0x40, 0x1b,
    0x03, 0x82, 0x11, 0x17, 0x61, 0x10, 0x00, 0x57, 0x60, 0x40, 0x52, 0x56, 0x5b, 0x63, 0x4e, 0x48,
    0x7b, 0x71, 0x60, 0xe0, 0x1b, 0x5f, 0x52, 0x60, 0x41, 0x60, 0x04, 0x52, 0x60, 0x24, 0x5f, 0xfd,
    0x5b, 0x90, 0x60, 0x1f, 0x80, 0x19, 0x91, 0x01, 0x16, 0x81, 0x01, 0x90, 0x81, 0x10, 0x60, 0x01,
    0x60, 0x01, 0x60, 0x40, 0x1b, 0x03, 0x82, 0x11, 0x17, 0x61, 0x10, 0x00, 0x57, 0x60, 0x40, 0x52,
    0x56, 0x5b, 0x90, 0x81, 0x60, 0x20, 0x91, 0x03, 0x12, 0x61, 0x02, 0x46, 0x57, 0x51, 0x80, 0x15,
    0x15, 0x81, 0x03, 0x61, 0x02, 0x46, 0x57, 0x90, 0x56, 0x5b, 0x91, 0x90, 0x82, 0x03, 0x91, 0x82,
    0x11, 0x61, 0x0c, 0xa6, 0x57, 0x56, 0x5b, 0x60, 0x07, 0x54, 0x81, 0x10, 0x15, 0x61, 0x10, 0x76,
    0x57, 0x60, 0x07, 0x5f, 0x52, 0x60, 0x20, 0x5f, 0x20, 0x90, 0x60, 0x01, 0x1b, 0x01, 0x90, 0x5f,
    0x90, 0x56, 0x5b, 0x63, 0x4e, 0x48, 0x7b, 0x71, 0x60, 0xe0, 0x1b, 0x5f, 0x52, 0x60, 0x32, 0x60,
    0x04, 0x52, 0x60, 0x24, 0x5f, 0xfd, 0x5b, 0x60, 0x07, 0x54, 0x80, 0x15, 0x61, 0x10, 0xbb, 0x57,
    0x5f, 0x19, 0x81, 0x01, 0x90, 0x81, 0x11, 0x61, 0x0c, 0xa6, 0x57, 0x60, 0x01, 0x61, 0x10, 0xac,
    0x61, 0x10, 0xb8, 0x92, 0x61, 0x10, 0x5a, 0x56, 0x5b, 0x50, 0x01, 0x54, 0x60, 0x08, 0x54, 0x90,
    0x61, 0x10, 0x4d, 0x56, 0x5b, 0x90, 0x56, 0x5b, 0x50, 0x5f, 0x90, 0x56, 0x5b, 0x90, 0x81, 0x60,
    0x20, 0x91, 0x03, 0x12, 0x61, 0x02, 0x46, 0x57, 0x51, 0x60, 0x01, 0x60, 0x01, 0x60, 0x40, 0x1b,
    0x03, 0x81, 0x16, 0x81, 0x03, 0x61, 0x02, 0x46, 0x57, 0x90, 0x56, 0x5b, 0x90, 0x60, 0x01, 0x60,
    0x01, 0x60, 0x40, 0x1b, 0x03, 0x80, 0x91, 0x16, 0x91, 0x16, 0x03, 0x90, 0x60, 0x01, 0x60, 0x01,
    0x60, 0x40, 0x1b, 0x03, 0x82, 0x11, 0x61, 0x0c, 0xa6, 0x57, 0x56, 0x5b, 0x60, 0x40, 0x51, 0x63,
    0x7e, 0x34, 0x5d, 0xef, 0x60, 0xe1, 0x1b, 0x81, 0x52, 0x60, 0x20, 0x81, 0x60, 0x04, 0x81, 0x64,
    0x01, 0x62, 0x5f, 0x10, 0x00, 0x5a, 0xfa, 0x90, 0x81, 0x15, 0x61, 0x05, 0x67, 0x57, 0x5f, 0x91,
    0x61, 0x11, 0x55, 0x57, 0x5b, 0x50, 0x60, 0x01, 0x60, 0x01, 0x60, 0x40, 0x1b, 0x03, 0x60, 0x06,
    0x54, 0x16, 0x90, 0x60, 0x01, 0x60, 0x01, 0x60, 0x40, 0x1b, 0x03, 0x81, 0x16, 0x82, 0x11, 0x61,
    0x11, 0x4c, 0x57, 0x50, 0x50, 0x5f, 0x90, 0x56, 0x5b, 0x61, 0x10, 0xb8, 0x91, 0x61, 0x10, 0xdf,
    0x56, 0x5b, 0x61, 0x11, 0x6e, 0x91, 0x50, 0x60, 0x20, 0x3d, 0x60, 0x20, 0x11, 0x61, 0x05, 0x60,
    0x57, 0x61, 0x05, 0x51, 0x81, 0x83, 0x61, 0x10, 0x14, 0x56, 0x5b, 0x5f, 0x61, 0x11, 0x28, 0x56,
    0x5b, 0x3d, 0x15, 0x61, 0x11, 0xad, 0x57, 0x3d, 0x90, 0x60, 0x01, 0x60, 0x01, 0x60, 0x40, 0x1b,
    0x03, 0x82, 0x11, 0x61, 0x10, 0x00, 0x57, 0x60, 0x40, 0x51, 0x91, 0x61, 0x11, 0xa2, 0x60, 0x1f,
    0x82, 0x01, 0x60, 0x1f, 0x19, 0x16, 0x60, 0x20, 0x01, 0x84, 0x61, 0x10, 0x14, 0x56, 0x5b, 0x82,
    0x52, 0x3d, 0x5f, 0x60, 0x20, 0x84, 0x01, 0x3e, 0x56, 0x5b, 0x60, 0x60, 0x90, 0x56, 0x5b, 0x90,
    0x61, 0x11, 0xbb, 0x61, 0x17, 0x2b, 0x56, 0x5b, 0x91, 0x82, 0x15, 0x61, 0x12, 0x1e, 0x57, 0x5f,
    0x80, 0x80, 0x85, 0x81, 0x94, 0x60, 0x01, 0x80, 0x60, 0xa0, 0x1b, 0x03, 0x16, 0x80, 0x60, 0x40,
    0x51, 0x83, 0x81, 0x52, 0x7f, 0x52, 0x02, 0xb7, 0x90, 0xbb, 0xfc, 0x60, 0xcd, 0xee, 0xc9, 0x26,
    0x3f, 0xb3, 0x5a, 0x33, 0x8a, 0xc1, 0xcd, 0xf6, 0x79, 0x8a, 0xb4, 0x16, 0x3b, 0xfc, 0xed, 0x25,
    0x51, 0x75, 0x9a, 0x74, 0xa9, 0x60, 0x20, 0x30, 0x92, 0xa3, 0x5a, 0xf1, 0x61, 0x12, 0x07, 0x61,
    0x11, 0x74, 0x56, 0x5b, 0x50, 0x15, 0x61, 0x12, 0x0f, 0x57, 0x56, 0x5b, 0x63, 0x12, 0x17, 0x1d,
    0x83, 0x60, 0xe3, 0x1b, 0x5f, 0x52, 0x60, 0x04, 0x5f, 0xfd, 0x5b, 0x50, 0x5f, 0x91, 0x50, 0x56,
    0x5b, 0x60, 0x01, 0x60, 0x01, 0x60, 0xa0, 0x1b, 0x03, 0x81, 0x16, 0x80, 0x15, 0x61, 0x12, 0xa9,
    0x57, 0x60, 0x04, 0x54, 0x60, 0x01, 0x60, 0x01, 0x60, 0xa0, 0x1b, 0x03, 0x81, 0x16, 0x92, 0x82,
    0x84, 0x14, 0x61, 0x12, 0xa3, 0x57, 0x60, 0x01, 0x60, 0x01, 0x60, 0xa0, 0x1b, 0x03, 0x19, 0x90,
    0x91, 0x16, 0x90, 0x91, 0x17, 0x60, 0x04, 0x55, 0x60, 0x40, 0x80, 0x51, 0x60, 0x01, 0x60, 0x01,
    0x60, 0xa0, 0x1b, 0x03, 0x93, 0x84, 0x16, 0x81, 0x52, 0x92, 0x90, 0x91, 0x16, 0x60, 0x20, 0x83,
    0x01, 0x52, 0x30, 0x91, 0x7f, 0x92, 0x68, 0xb9, 0x72, 0x6f, 0x38, 0x82, 0x49, 0x65, 0x64, 0x9b,
    0xfc, 0xf3, 0xb0, 0xd3, 0x2f, 0xf5, 0x08, 0x16, 0x21, 0x6b, 0xf7, 0xcd, 0xbd, 0x57, 0xab, 0xc3,
    0xcc, 0x8c, 0x5d, 0xab, 0x12, 0x91, 0x81, 0x90, 0x81, 0x01, 0x5b, 0x03, 0x90, 0xa2, 0x56, 0x5b,
    0x50, 0x50, 0x50, 0x50, 0x56, 0x5b, 0x63, 0xd9, 0x2e, 0x23, 0x3d, 0x60, 0xe0, 0x1b, 0x5f, 0x52,
    0x60, 0x04, 0x5f, 0xfd, 0x5b, 0x91, 0x90, 0x82, 0x01, 0x80, 0x92, 0x11, 0x61, 0x0c, 0xa6, 0x57,
    0x56, 0x5b, 0x90, 0x60, 0x01, 0x60, 0x01, 0x60, 0x40, 0x1b, 0x03, 0x80, 0x91, 0x16, 0x91, 0x16,
    0x01, 0x90, 0x60, 0x01, 0x60, 0x01, 0x60, 0x40, 0x1b, 0x03, 0x82, 0x11, 0x61, 0x0c, 0xa6, 0x57,
    0x56, 0x5b, 0x60, 0x01, 0x60, 0x01, 0x60, 0xa0, 0x1b, 0x03, 0x81, 0x16, 0x80, 0x15, 0x61, 0x12,
    0xa9, 0x57, 0x60, 0x02, 0x54, 0x60, 0x01, 0x60, 0x01, 0x60, 0xa0, 0x1b, 0x03, 0x81, 0x16, 0x92,
    0x82, 0x84, 0x14, 0x61, 0x12, 0xa3, 0x57, 0x60, 0x01, 0x60, 0x01, 0x60, 0xa0, 0x1b, 0x03, 0x19,
    0x90, 0x91, 0x16, 0x90, 0x91, 0x17, 0x60, 0x02, 0x55, 0x60, 0x40, 0x80, 0x51, 0x60, 0x01, 0x60,
    0x01, 0x60, 0xa0, 0x1b, 0x03, 0x93, 0x84, 0x16, 0x81, 0x52, 0x92, 0x90, 0x91, 0x16, 0x60, 0x20,
    0x83, 0x01, 0x52, 0x30, 0x91, 0x7f, 0x98, 0x39, 0x26, 0x75, 0x67, 0x55, 0x1f, 0x9b, 0x01, 0x77,
    0xb3, 0x29, 0x39, 0x43, 0x08, 0xfa, 0x17, 0xd5, 0xb8, 0x54, 0x67, 0x60, 0x19, 0xa9, 0x62, 0x01,
    0x02, 0x83, 0xcb, 0xa2, 0xc3, 0xd4, 0x91, 0x81, 0x90, 0x81, 0x01, 0x61, 0x12, 0x9e, 0x56, 0x5b,
    0x60, 0x01, 0x60, 0x01, 0x60, 0xa0, 0x1b, 0x03, 0x81, 0x16, 0x80, 0x15, 0x61, 0x12, 0xa9, 0x57,
    0x60, 0x03, 0x54, 0x60, 0x01, 0x60, 0x01, 0x60, 0xa0, 0x1b, 0x03, 0x81, 0x16, 0x92, 0x82, 0x84,
    0x14, 0x61, 0x12, 0xa3, 0x57, 0x60, 0x01, 0x60, 0x01, 0x60, 0xa0, 0x1b, 0x03, 0x19, 0x90, 0x91,
    0x16, 0x90, 0x91, 0x17, 0x60, 0x03, 0x55, 0x60, 0x40, 0x80, 0x51, 0x60, 0x01, 0x60, 0x01, 0x60,
    0xa0, 0x1b, 0x03, 0x93, 0x84, 0x16, 0x81, 0x52, 0x92, 0x90, 0x91, 0x16, 0x60, 0x20, 0x83, 0x01,
    0x52, 0x30, 0x91, 0x7f, 0x01, 0xc8, 0x73, 0x01, 0x22, 0xff, 0x73, 0x36, 0x96, 0x29, 0x94, 0x0a,
    0x52, 0x96, 0xf4, 0xe7, 0x10, 0x0e, 0xf1, 0x63, 0x17, 0xd9, 0x43, 0xfb, 0xbb, 0xfa, 0x1b, 0x01,
    0x93, 0xac, 0x35, 0xcb, 0x91, 0x81, 0x90, 0x81, 0x01, 0x61, 0x12, 0x9e, 0x56, 0x5b, 0x80, 0x15,
    0x61, 0x0c, 0xf8, 0x57, 0x60, 0x05, 0x54, 0x80, 0x82, 0x11, 0x61, 0x16, 0xb7, 0x57, 0x60, 0x40,
    0x51, 0x63, 0xfa, 0xcd, 0x74, 0x3b, 0x60, 0xe0, 0x1b, 0x81, 0x52, 0x30, 0x60, 0x04, 0x82, 0x01,
    0x52, 0x60, 0x20, 0x81, 0x60, 0x24, 0x81, 0x64, 0x01, 0x62, 0x5f, 0x20, 0x01, 0x5a, 0xfa, 0x80,
    0x15, 0x61, 0x05, 0x67, 0x57, 0x83, 0x91, 0x5f, 0x91, 0x61, 0x16, 0x98, 0x57, 0x5b, 0x50, 0x61,
    0x15, 0x5d, 0x57, 0x5b, 0x61, 0x14, 0x30, 0x91, 0x61, 0x10, 0x4d, 0x56, 0x5b, 0x60, 0x05, 0x55,
    0x60, 0x01, 0x60, 0x01, 0x60, 0x40, 0x1b, 0x03, 0x60, 0x06, 0x54, 0x16, 0x60, 0x07, 0x54, 0x80,
    0x15, 0x5f, 0x14, 0x61, 0x14, 0xa7, 0x57, 0x50, 0x60, 0x40, 0x51, 0x61, 0x14, 0x68, 0x91, 0x61,
    0x14, 0x5b, 0x82, 0x61, 0x0f, 0xe5, 0x56, 0x5b, 0x81, 0x52, 0x82, 0x60, 0x20, 0x82, 0x01, 0x52,
    0x61, 0x19, 0x79, 0x56, 0x5b, 0x60, 0x01, 0x60, 0x01, 0x60, 0x40, 0x1b, 0x03, 0x60, 0x06, 0x54,
    0x16, 0x60, 0x40, 0x51, 0x91, 0x82, 0x52, 0x60, 0x20, 0x82, 0x01, 0x52, 0x7f, 0x53, 0x6c, 0x53,
    0xe1, 0x1d, 0xb8, 0x10, 0x5c, 0x78, 0x7d, 0x8d, 0x5f, 0xce, 0x8b, 0x01, 0xf6, 0x89, 0xae, 0xfd,
    0x57, 0x77, 0x1d, 0xad, 0x0d, 0x0c, 0x62, 0xc3, 0x3a, 0xf2, 0xec, 0xc1, 0xf9, 0x60, 0x40, 0x30,
    0x92, 0xa2, 0x56, 0x5b, 0x5f, 0x19, 0x81, 0x01, 0x81, 0x81, 0x11, 0x61, 0x0c, 0xa6, 0x57, 0x61,
    0x14, 0xbb, 0x90, 0x61, 0x10, 0x5a, 0x56, 0x5b, 0x50, 0x90, 0x60, 0x01, 0x60, 0x01, 0x60, 0x40,
    0x1b, 0x03, 0x82, 0x54, 0x16, 0x83, 0x81, 0x14, 0x5f, 0x14, 0x61, 0x14, 0xea, 0x57, 0x50, 0x50,
    0x60, 0x01, 0x91, 0x50, 0x01, 0x61, 0x14, 0xe3, 0x82, 0x82, 0x54, 0x61, 0x12, 0xb8, 0x56, 0x5b,
    0x90, 0x55, 0x61, 0x14, 0x68, 0x56, 0x5b, 0x83, 0x81, 0x10, 0x15, 0x61, 0x15, 0x46, 0x57, 0x50,
    0x61, 0x03, 0xe8, 0x81, 0x10, 0x15, 0x61, 0x15, 0x2e, 0x57, 0x50, 0x90, 0x61, 0x15, 0x10, 0x83,
    0x60, 0x01, 0x61, 0x15, 0x29, 0x94, 0x01, 0x54, 0x61, 0x12, 0xb8, 0x56, 0x5b, 0x60, 0x40, 0x51,
    0x91, 0x61, 0x15, 0x1d, 0x83, 0x61, 0x0f, 0xe5, 0x56, 0x5b, 0x82, 0x52, 0x60, 0x20, 0x82, 0x01,
    0x52, 0x61, 0x19, 0x79, 0x56, 0x5b, 0x61, 0x14, 0x68, 0x56, 0x5b, 0x63, 0x49, 0x38, 0x45, 0xf7,
    0x60, 0xe0, 0x1b, 0x5f, 0x52, 0x60, 0x04, 0x52, 0x61, 0x03, 0xe8, 0x60, 0x24, 0x52, 0x60, 0x44,
    0x5f, 0xfd, 0x5b, 0x83, 0x90, 0x63, 0x50, 0x57, 0x9b, 0x29, 0x60, 0xe0, 0x1b, 0x5f, 0x52, 0x60,
    0x04, 0x52, 0x60, 0x24, 0x52, 0x60, 0x44, 0x5f, 0xfd, 0x5b, 0x50, 0x60, 0x40, 0x51, 0x63, 0xa3,
    0x10, 0x62, 0x4f, 0x60, 0xe0, 0x1b, 0x81, 0x52, 0x30, 0x60, 0x04, 0x82, 0x01, 0x52, 0x60, 0x20,
    0x81, 0x60, 0x24, 0x81, 0x64, 0x01, 0x62, 0x5f, 0x20, 0x01, 0x5a, 0xfa, 0x90, 0x81, 0x15, 0x61,
    0x05, 0x67, 0x57, 0x5f, 0x91, 0x61, 0x16, 0x5d, 0x57, 0x5b, 0x50, 0x60, 0x04, 0x81, 0x10, 0x15,
    0x61, 0x16, 0x49, 0x57, 0x80, 0x60, 0x02, 0x84, 0x92, 0x14, 0x90, 0x81, 0x15, 0x61, 0x16, 0x3e,
    0x57, 0x5b, 0x50, 0x15, 0x61, 0x14, 0x27, 0x57, 0x50, 0x60, 0x40, 0x51, 0x63, 0xaa, 0x75, 0x17,
    0xe1, 0x60, 0xe0, 0x1b, 0x81, 0x52, 0x60, 0x20, 0x81, 0x60, 0x04, 0x81, 0x64, 0x01, 0x62, 0x5f,
    0x10, 0x02, 0x5a, 0xfa, 0x90, 0x81, 0x15, 0x61, 0x05, 0x67, 0x57, 0x5f, 0x91, 0x61, 0x16, 0x0c,
    0x57, 0x5b, 0x50, 0x80, 0x61, 0x15, 0xe1, 0x84, 0x84, 0x61, 0x10, 0x4d, 0x56, 0x5b, 0x10, 0x61,
    0x15, 0xed, 0x57, 0x50, 0x81, 0x61, 0x14, 0x27, 0x56, 0x5b, 0x91, 0x61, 0x15, 0xf7, 0x91, 0x61,
    0x10, 0x4d, 0x56, 0x5b, 0x63, 0x03, 0x98, 0xe3, 0xfb, 0x60, 0xe1, 0x1b, 0x5f, 0x52, 0x60, 0x04,
    0x52, 0x60, 0x24, 0x52, 0x60, 0x44, 0x5f, 0xfd, 0x5b, 0x90, 0x50, 0x60, 0x20, 0x81, 0x3d, 0x60,
    0x20, 0x11, 0x61, 0x16, 0x36, 0x57, 0x5b, 0x81, 0x61, 0x16, 0x27, 0x60, 0x20, 0x93, 0x83, 0x61,
    0x10, 0x14, 0x56, 0x5b, 0x81, 0x01, 0x03, 0x12, 0x61, 0x02, 0x46, 0x57, 0x51, 0x5f, 0x61, 0x15,
    0xd5, 0x56, 0x5b, 0x3d, 0x91, 0x50, 0x61, 0x16, 0x1a, 0x56, 0x5b, 0x60, 0x03, 0x91, 0x50, 0x14,
    0x5f, 0x61, 0x15, 0xa5, 0x56, 0x5b, 0x63, 0x4e, 0x48, 0x7b, 0x71, 0x60, 0xe0, 0x1b, 0x5f, 0x52,
    0x60, 0x21, 0x60, 0x04, 0x52, 0x60, 0x24, 0x5f, 0xfd, 0x5b, 0x90, 0x50, 0x60, 0x20, 0x81, 0x3d,
    0x60, 0x20, 0x11, 0x61, 0x16, 0x90, 0x57, 0x5b, 0x81, 0x61, 0x16, 0x78, 0x60, 0x20, 0x93, 0x83,
    0x61, 0x10, 0x14, 0x56, 0x5b, 0x81, 0x01, 0x03, 0x12, 0x61, 0x02, 0x46, 0x57, 0x51, 0x60, 0x04,
    0x81, 0x10, 0x15, 0x61, 0x02, 0x46, 0x57, 0x5f, 0x61, 0x15, 0x8d, 0x56, 0x5b, 0x3d, 0x91, 0x50,
    0x61, 0x16, 0x6b, 0x56, 0x5b, 0x61, 0x16, 0xb1, 0x91, 0x50, 0x60, 0x20, 0x3d, 0x60, 0x20, 0x11,
    0x61, 0x05, 0xf4, 0x57, 0x61, 0x05, 0xe6, 0x81, 0x83, 0x61, 0x10, 0x14, 0x56, 0x5b, 0x5f, 0x61,
    0x14, 0x21, 0x56, 0x5b, 0x90, 0x63, 0x50, 0x3a, 0x9f, 0xa3, 0x60, 0xe1, 0x1b, 0x5f, 0x52, 0x60,
    0x04, 0x52, 0x60, 0x24, 0x52, 0x60, 0x44, 0x5f, 0xfd, 0x5b, 0x60, 0x02, 0x7f, 0x9b, 0x77, 0x9b,
    0x17, 0x42, 0x2d, 0x0d, 0xf9, 0x22, 0x23, 0x01, 0x8b, 0x32, 0xb4, 0xd1, 0xfa, 0x46, 0xe0, 0x71,
    0x72, 0x3d, 0x68, 0x17, 0xe2, 0x48, 0x6d, 0x00, 0x3b, 0xec, 0xc5, 0x5f, 0x00, 0x54, 0x14, 0x61,
    0x17, 0x1c, 0x57, 0x60, 0x02, 0x7f, 0x9b, 0x77, 0x9b, 0x17, 0x42, 0x2d, 0x0d, 0xf9, 0x22, 0x23,
    0x01, 0x8b, 0x32, 0xb4, 0xd1, 0xfa, 0x46, 0xe0, 0x71, 0x72, 0x3d, 0x68, 0x17, 0xe2, 0x48, 0x6d,
    0x00, 0x3b, 0xec, 0xc5, 0x5f, 0x00, 0x55, 0x56, 0x5b, 0x63, 0x3e, 0xe5, 0xae, 0xb5, 0x60, 0xe0,
    0x1b, 0x5f, 0x52, 0x60, 0x04, 0x5f, 0xfd, 0x5b, 0x60, 0x07, 0x54, 0x5f, 0x81, 0x61, 0x17, 0x5b,
    0x57, 0x5b, 0x61, 0x17, 0x42, 0x91, 0x50, 0x60, 0x05, 0x54, 0x61, 0x12, 0xb8, 0x56, 0x5b, 0x47,
    0x90, 0x80, 0x82, 0x11, 0x15, 0x61, 0x17, 0x55, 0x57, 0x61, 0x10, 0xb8, 0x91, 0x61, 0x10, 0x4d,
    0x56, 0x5b, 0x50, 0x50, 0x5f, 0x90, 0x56, 0x5b, 0x50, 0x5f, 0x19, 0x81, 0x01, 0x90, 0x81, 0x11,
    0x61, 0x0c, 0xa6, 0x57, 0x61, 0x17, 0x78, 0x60, 0x01, 0x61, 0x10, 0xac, 0x61, 0x17, 0x42, 0x93,
    0x61, 0x10, 0x5a, 0x56, 0x5b, 0x61, 0x17, 0x35, 0x56, 0x5b, 0x5f, 0x54, 0x60, 0x01, 0x60, 0x01,
    0x60, 0xa0, 0x1b, 0x03, 0x16, 0x33, 0x03, 0x61, 0x0a, 0x72, 0x57, 0x56, 0x5b, 0x60, 0x06, 0x54,
    0x60, 0x01, 0x60, 0x01, 0x60, 0x40, 0x1b, 0x03, 0x90, 0x81, 0x16, 0x90, 0x82, 0x16, 0x11, 0x61,
    0x18, 0x2a, 0x57, 0x61, 0x17, 0xb2, 0x60, 0x05, 0x54, 0x91, 0x61, 0x19, 0xf0, 0x56, 0x5b, 0x60,
    0x08, 0x54, 0x90, 0x81, 0x80, 0x82, 0x11, 0x61, 0x18, 0x1b, 0x57, 0x50, 0x50, 0x5f, 0x90, 0x5b,
    0x60, 0x07, 0x54, 0x5f, 0x91, 0x81, 0x61, 0x17, 0xf1, 0x57, 0x5b, 0x50, 0x50, 0x80, 0x82, 0x10,
    0x15, 0x61, 0x17, 0xec, 0x57, 0x61, 0x10, 0xb8, 0x92, 0x91, 0x61, 0x17, 0xe6, 0x91, 0x61, 0x10,
    0x4d, 0x56, 0x5b, 0x90, 0x61, 0x12, 0xb8, 0x56, 0x5b, 0x50, 0x50, 0x90, 0x56, 0x5b, 0x5f, 0x19,
    0x82, 0x01, 0x92, 0x50, 0x90, 0x82, 0x11, 0x61, 0x0c, 0xa6, 0x57, 0x60, 0x01, 0x61, 0x18, 0x0c,
    0x61, 0x18, 0x14, 0x93, 0x61, 0x10, 0x5a, 0x56, 0x5b, 0x50, 0x01, 0x54, 0x61, 0x10, 0x4d, 0x56,
    0x5b, 0x5f, 0x80, 0x61, 0x17, 0xce, 0x56, 0x5b, 0x61, 0x18, 0x24, 0x91, 0x61, 0x10, 0x4d, 0x56,
    0x5b, 0x90, 0x61, 0x17, 0xc3, 0x56, 0x5b, 0x61, 0x17, 0xb2, 0x5f, 0x91, 0x61, 0x19, 0xf0, 0x56,
    0x5b, 0x90, 0x61, 0x18, 0x3d, 0x61, 0x18, 0x98, 0x56, 0x5b, 0x91, 0x82, 0x15, 0x61, 0x12, 0x1e,
    0x57, 0x5f, 0x80, 0x80, 0x85, 0x81, 0x94, 0x61, 0x18, 0x56, 0x82, 0x60, 0x08, 0x54, 0x61, 0x12,
    0xb8, 0x56, 0x5b, 0x60, 0x08, 0x55, 0x60, 0x01, 0x80, 0x60, 0xa0, 0x1b, 0x03, 0x16, 0x80, 0x60,
    0x40, 0x51, 0x83, 0x81, 0x52, 0x7f, 0xd0, 0xd8, 0x95, 0x37, 0xda, 0xf7, 0xd9, 0xf2, 0xb5, 0xb2,
    0x31, 0x5d, 0x3a, 0xf4, 0x7f, 0x1f, 0xe0, 0x44, 0x19, 0x96, 0x62, 0x47, 0xff, 0xb9, 0x63, 0xb1,
    0xfa, 0x5b, 0x07, 0x7c, 0x06, 0x36, 0x60, 0x20, 0x30, 0x92, 0xa3, 0x5a, 0xf1, 0x61, 0x12, 0x07,
    0x61, 0x11, 0x74, 0x56, 0x5b, 0x60, 0x07, 0x54, 0x15, 0x61, 0x19, 0x75, 0x57, 0x60, 0x40, 0x51,
    0x63, 0x7e, 0x34, 0x5d, 0xef, 0x60, 0xe1, 0x1b, 0x81, 0x52, 0x60, 0x20, 0x81, 0x60, 0x04, 0x81,
    0x64, 0x01, 0x62, 0x5f, 0x10, 0x00, 0x5a, 0xfa, 0x90, 0x81, 0x15, 0x61, 0x05, 0x67, 0x57, 0x5f,
    0x91, 0x61, 0x19, 0x56, 0x57, 0x5b, 0x50, 0x60, 0x40, 0x51, 0x63, 0xd8, 0xf0, 0x8a, 0xb5, 0x60,
    0xe0, 0x1b, 0x81, 0x52, 0x90, 0x60, 0x20, 0x82, 0x60, 0x04, 0x81, 0x64, 0x01, 0x62, 0x5f, 0x10,
    0x01, 0x5a, 0xfa, 0x91, 0x82, 0x15, 0x61, 0x05, 0x67, 0x57, 0x5f, 0x92, 0x61, 0x19, 0x35, 0x57,
    0x5b, 0x50, 0x60, 0x01, 0x60, 0x01, 0x60, 0x40, 0x1b, 0x03, 0x82, 0x16, 0x60, 0x01, 0x60, 0x01,
    0x60, 0x40, 0x1b, 0x03, 0x82, 0x16, 0x11, 0x15, 0x61, 0x17, 0x55, 0x57, 0x61, 0x19, 0x21, 0x91,
    0x61, 0x19, 0x1c, 0x91, 0x61, 0x10, 0xdf, 0x56, 0x5b, 0x61, 0x19, 0xf0, 0x56, 0x5b, 0x60, 0x08,
    0x54, 0x80, 0x82, 0x11, 0x15, 0x61, 0x17, 0x55, 0x57, 0x61, 0x10, 0xb8, 0x91, 0x61, 0x10, 0x4d,
    0x56, 0x5b, 0x61, 0x19, 0x4f, 0x91, 0x92, 0x50, 0x60, 0x20, 0x3d, 0x60, 0x20, 0x11, 0x61, 0x05,
    0x60, 0x57, 0x61, 0x05, 0x51, 0x81, 0x83, 0x61, 0x10, 0x14, 0x56, 0x5b, 0x90, 0x5f, 0x61, 0x18,
    0xf4, 0x56, 0x5b, 0x61, 0x19, 0x6f, 0x91, 0x50, 0x60, 0x20, 0x3d, 0x60, 0x20, 0x11, 0x61, 0x05,
    0x60, 0x57, 0x61, 0x05, 0x51, 0x81, 0x83, 0x61, 0x10, 0x14, 0x56, 0x5b, 0x5f, 0x61, 0x18, 0xc9,
    0x56, 0x5b, 0x5f, 0x90, 0x56, 0x5b, 0x60, 0x07, 0x54, 0x68, 0x01, 0x00, 0x00, 0x00, 0x00, 0x00,
    0x00, 0x00, 0x00, 0x81, 0x10, 0x15, 0x61, 0x10, 0x00, 0x57, 0x60, 0x01, 0x81, 0x01, 0x60, 0x07,
    0x55, 0x60, 0x07, 0x54, 0x81, 0x10, 0x15, 0x61, 0x10, 0x76, 0x57, 0x60, 0x07, 0x5f, 0x52, 0x60,
    0x01, 0x1b, 0x7f, 0xa6, 0x6c, 0xc9, 0x28, 0xb5, 0xed, 0xb8, 0x2a, 0xf9, 0xbd, 0x49, 0x92, 0x29,
    0x54, 0x15, 0x5a, 0xb7, 0xb0, 0x94, 0x26, 0x94, 0xbe, 0xa4, 0xce, 0x44, 0x66, 0x1d, 0x9a, 0x87,
    0x36, 0xc6, 0x88, 0x01, 0x90, 0x60, 0x20, 0x81, 0x60, 0x01, 0x60, 0x01, 0x60, 0x40, 0x1b, 0x03,
    0x80, 0x60, 0x01, 0x94, 0x51, 0x16, 0x16, 0x60, 0x01, 0x60, 0x01, 0x60, 0x40, 0x1b, 0x03, 0x19,
    0x85, 0x54, 0x16, 0x17, 0x84, 0x55, 0x01, 0x51, 0x91, 0x01, 0x55, 0x56, 0x5b, 0x60, 0x07, 0x54,
    0x80, 0x15, 0x61, 0x17, 0x55, 0x57, 0x60, 0x07, 0x54, 0x15, 0x61, 0x10, 0x76, 0x57, 0x60, 0x07,
    0x5f, 0x52, 0x7f, 0xa6, 0x6c, 0xc9, 0x28, 0xb5, 0xed, 0xb8, 0x2a, 0xf9, 0xbd, 0x49, 0x92, 0x29,
    0x54, 0x15, 0x5a, 0xb7, 0xb0, 0x94, 0x26, 0x94, 0xbe, 0xa4, 0xce, 0x44, 0x66, 0x1d, 0x9a, 0x87,
    0x36, 0xc6, 0x88, 0x54, 0x60, 0x01, 0x60, 0x01, 0x60, 0x40, 0x1b, 0x03, 0x92, 0x83, 0x16, 0x92,
    0x16, 0x82, 0x11, 0x15, 0x61, 0x17, 0x55, 0x57, 0x5f, 0x19, 0x81, 0x01, 0x90, 0x81, 0x11, 0x90,
    0x81, 0x61, 0x0c, 0xa6, 0x57, 0x82, 0x60, 0x01, 0x60, 0x01, 0x60, 0x40, 0x1b, 0x03, 0x61, 0x1a,
    0x5a, 0x83, 0x61, 0x10, 0x5a, 0x56, 0x5b, 0x50, 0x54, 0x16, 0x10, 0x61, 0x1a, 0xb3, 0x57, 0x5f,
    0x91, 0x61, 0x0c, 0xa6, 0x57, 0x90, 0x5b, 0x60, 0x01, 0x81, 0x01, 0x80, 0x82, 0x11, 0x61, 0x0c,
    0xa6, 0x57, 0x82, 0x11, 0x15, 0x61, 0x1a, 0xb3, 0x57, 0x61, 0x1a, 0x86, 0x82, 0x82, 0x61, 0x12,
    0xb8, 0x56, 0x5b, 0x60, 0x01, 0x1c, 0x90, 0x83, 0x60, 0x01, 0x60, 0x01, 0x60, 0x40, 0x1b, 0x03,
    0x61, 0x1a, 0x9c, 0x84, 0x61, 0x10, 0x5a, 0x56, 0x5b, 0x50, 0x54, 0x16, 0x10, 0x15, 0x61, 0x1a,
    0xab, 0x57, 0x50, 0x61, 0x1a, 0x6a, 0x56, 0x5b, 0x91, 0x50, 0x90, 0x61, 0x1a, 0x6a, 0x56, 0x5b,
    0x60, 0x01, 0x92, 0x50, 0x61, 0x1a, 0xc1, 0x91, 0x50, 0x61, 0x10, 0x5a, 0x56, 0x5b, 0x50, 0x01,
    0x54, 0x90, 0x56, 0xfe, 0xa2, 0x64, 0x69, 0x70, 0x66, 0x73, 0x58, 0x22, 0x12, 0x20, 0xc9, 0xe0,
    0x1f, 0xd8, 0xee, 0x14, 0x8f, 0xc5, 0x2f, 0xb8, 0x62, 0x9a, 0xfd, 0x7c, 0x0f, 0x37, 0x85, 0x08,
    0x58, 0xca, 0xa8, 0x52, 0x72, 0xf2, 0x1f, 0x72, 0x96, 0x70, 0x68, 0x8b, 0xf7, 0x99, 0x64, 0x73,
    0x6f, 0x6c, 0x63, 0x43, 0x00, 0x08, 0x1e, 0x00, 0x33, 0xa2, 0x64, 0x69, 0x70, 0x66, 0x73, 0x58,
    0x22, 0x12, 0x20, 0xf8, 0x3c, 0x24, 0xa7, 0xce, 0xb0, 0x39, 0x91, 0x9d, 0x09, 0x98, 0x0a, 0x88,
    0xa6, 0xcd, 0xee, 0x16, 0x1f, 0xad, 0x68, 0x4a, 0x91, 0x95, 0x31, 0xe1, 0xb7, 0x91, 0x64, 0xb4,
    0x55, 0x9d, 0x2c, 0x64, 0x73, 0x6f, 0x6c, 0x63, 0x43, 0x00, 0x08, 0x1e, 0x00, 0x33,
];
/// Staking system address
pub const STAKING_ADDRESS: Address = address!("00000000000000000000000000000001625F2000");

/// `ValidatorManagement` runtime bytecode (from current HEAD)
pub const VALIDATOR_MANAGEMENT_BYTECODE: &[u8] = &[
    0x60, 0x80, 0x80, 0x60, 0x40, 0x52, 0x60, 0x04, 0x36, 0x10, 0x15, 0x61, 0x00, 0x12, 0x57, 0x5f,
    0x80, 0xfd, 0x5b, 0x5f, 0x35, 0x60, 0xe0, 0x1c, 0x90, 0x81, 0x63, 0x11, 0xac, 0xc1, 0xa7, 0x14,
    0x61, 0x2c, 0x14, 0x57, 0x50, 0x80, 0x63, 0x19, 0x04, 0xbb, 0x2e, 0x14, 0x61, 0x29, 0x4a, 0x57,
    0x80, 0x63, 0x27, 0x04, 0x01, 0xcb, 0x14, 0x61, 0x27, 0xd6, 0x57, 0x80, 0x63, 0x37, 0xde, 0xea,
    0x70, 0x14, 0x61, 0x27, 0xb9, 0x57, 0x80, 0x63, 0x39, 0x2e, 0x53, 0xcd, 0x14, 0x61, 0x27, 0x97,
    0x57, 0x80, 0x63, 0x39, 0x6e, 0x1e, 0x47, 0x14, 0x61, 0x27, 0x7c, 0x57, 0x80, 0x63, 0x4e, 0xcc,
    0xdd, 0xaf, 0x14, 0x61, 0x26, 0xeb, 0x57, 0x80, 0x63, 0x53, 0xdc, 0x6a, 0x5e, 0x14, 0x61, 0x25,
    0xfc, 0x57, 0x80, 0x63, 0x56, 0xfb, 0x12, 0xde, 0x14, 0x61, 0x1d, 0xbe, 0x57, 0x80, 0x63, 0x67,
    0x1b, 0x37, 0x93, 0x14, 0x61, 0x1d, 0xa1, 0x57, 0x80, 0x63, 0x68, 0x33, 0x59, 0xe9, 0x14, 0x61,
    0x1d, 0x7a, 0x57, 0x80, 0x63, 0x6c, 0x34, 0x4e, 0xc5, 0x14, 0x61, 0x1d, 0x5f, 0x57, 0x80, 0x63,
    0x79, 0xfa, 0x79, 0x83, 0x14, 0x61, 0x17, 0x35, 0x57, 0x80, 0x63, 0x95, 0xd8, 0xab, 0xd7, 0x14,
    0x61, 0x17, 0x0d, 0x57, 0x80, 0x63, 0x9d, 0xe7, 0x02, 0x58, 0x14, 0x61, 0x16, 0x6a, 0x57, 0x80,
    0x63, 0x9f, 0xca, 0xa0, 0x80, 0x14, 0x61, 0x15, 0xc7, 0x57, 0x80, 0x63, 0xa3, 0x10, 0x62, 0x4f,
    0x14, 0x61, 0x15, 0x67, 0x57, 0x80, 0x63, 0xb4, 0xc0, 0xcf, 0x41, 0x14, 0x61, 0x15, 0x4f, 0x57,
    0x80, 0x63, 0xb9, 0x7d, 0xd9, 0xe2, 0x14, 0x61, 0x14, 0xc9, 0x57, 0x80, 0x63, 0xc0, 0x73, 0x52,
    0x51, 0x14, 0x61, 0x13, 0x9c, 0x57, 0x80, 0x63, 0xc4, 0x7d, 0x09, 0xf7, 0x14, 0x61, 0x10, 0x07,
    0x57, 0x80, 0x63, 0xdf, 0x55, 0xe2, 0x1d, 0x14, 0x61, 0x0f, 0x02, 0x57, 0x80, 0x63, 0xeb, 0x95,
    0x8f, 0x0b, 0x14, 0x61, 0x0b, 0x4e, 0x57, 0x80, 0x63, 0xf9, 0x34, 0xe3, 0xc5, 0x14, 0x61, 0x01,
    0x74, 0x57, 0x63, 0xfa, 0xcd, 0x74, 0x3b, 0x14, 0x61, 0x01, 0x2f, 0x57, 0x5f, 0x80, 0xfd, 0x5b,
    0x34, 0x61, 0x01, 0x70, 0x57, 0x60, 0x20, 0x36, 0x60, 0x03, 0x19, 0x01, 0x12, 0x61, 0x01, 0x70,
    0x57, 0x60, 0x01, 0x60, 0x01, 0x60, 0xa0, 0x1b, 0x03, 0x61, 0x01, 0x50, 0x61, 0x2c, 0x2e, 0x56,
    0x5b, 0x16, 0x5f, 0x52, 0x5f, 0x60, 0x20, 0x52, 0x60, 0x20, 0x60, 0x01, 0x80, 0x60, 0xa0, 0x1b,
    0x03, 0x60, 0x40, 0x5f, 0x20, 0x54, 0x16, 0x15, 0x15, 0x60, 0x40, 0x51, 0x90, 0x81, 0x52, 0xf3,
    0x5b, 0x5f, 0x80, 0xfd, 0x5b, 0x34, 0x61, 0x01, 0x70, 0x57, 0x60, 0xc0, 0x36, 0x60, 0x03, 0x19,
    0x01, 0x12, 0x61, 0x01, 0x70, 0x57, 0x61, 0x01, 0x8d, 0x61, 0x2c, 0x2e, 0x56, 0x5b, 0x60, 0x24,
    0x35, 0x60, 0x01, 0x60, 0x01, 0x60, 0x40, 0x1b, 0x03, 0x81, 0x11, 0x61, 0x01, 0x70, 0x57, 0x61,
    0x01, 0xac, 0x90, 0x36, 0x90, 0x60, 0x04, 0x01, 0x61, 0x2d, 0x5a, 0x56, 0x5b, 0x91, 0x90, 0x60,
    0x44, 0x35, 0x60, 0x01, 0x60, 0x01, 0x60, 0x40, 0x1b, 0x03, 0x81, 0x11, 0x61, 0x01, 0x70, 0x57,
    0x61, 0x01, 0xcd, 0x90, 0x36, 0x90, 0x60, 0x04, 0x01, 0x61, 0x2d, 0x5a, 0x56, 0x5b, 0x93, 0x90,
    0x92, 0x60, 0x64, 0x35, 0x60, 0x01, 0x60, 0x01, 0x60, 0x40, 0x1b, 0x03, 0x81, 0x11, 0x61, 0x01,
    0x70, 0x57, 0x61, 0x01, 0xef, 0x90, 0x36, 0x90, 0x60, 0x04, 0x01, 0x61, 0x2d, 0x5a, 0x56, 0x5b,
    0x91, 0x90, 0x95, 0x60, 0x84, 0x35, 0x60, 0x01, 0x60, 0x01, 0x60, 0x40, 0x1b, 0x03, 0x81, 0x11,
    0x61, 0x01, 0x70, 0x57, 0x61, 0x02, 0x11, 0x90, 0x36, 0x90, 0x60, 0x04, 0x01, 0x61, 0x2d, 0x5a,
    0x56, 0x5b, 0x90, 0x91, 0x60, 0xa4, 0x35, 0x60, 0x01, 0x60, 0x01, 0x60, 0x40, 0x1b, 0x03, 0x81,
    0x11, 0x61, 0x01, 0x70, 0x57, 0x61, 0x02, 0x32, 0x90, 0x36, 0x90, 0x60, 0x04, 0x01, 0x61, 0x2d,
    0x5a, 0x56, 0x5b, 0x99, 0x90, 0x95, 0x60, 0x40, 0x51, 0x63, 0x16, 0xd2, 0x5f, 0x21, 0x60, 0xe3,
    0x1b, 0x81, 0x52, 0x60, 0x20, 0x81, 0x60, 0x04, 0x81, 0x64, 0x01, 0x62, 0x5f, 0x10, 0x02, 0x5a,
    0xfa, 0x90, 0x81, 0x15, 0x61, 0x09, 0x40, 0x57, 0x5f, 0x91, 0x61, 0x0b, 0x2f, 0x57, 0x5b, 0x50,
    0x15, 0x61, 0x0b, 0x20, 0x57, 0x60, 0x40, 0x51, 0x63, 0x5b, 0x16, 0xeb, 0xb7, 0x60, 0xe0, 0x1b,
    0x81, 0x52, 0x60, 0x01, 0x60, 0x01, 0x60, 0xa0, 0x1b, 0x03, 0x87, 0x16, 0x60, 0x04, 0x82, 0x01,
    0x81, 0x90, 0x52, 0x9a, 0x90, 0x60, 0x20, 0x81, 0x60, 0x24, 0x81, 0x64, 0x01, 0x62, 0x5f, 0x20,
    0x00, 0x5a, 0xfa, 0x90, 0x81, 0x15, 0x61, 0x09, 0x40, 0x57, 0x5f, 0x91, 0x61, 0x0a, 0xf1, 0x57,
    0x5b, 0x50, 0x15, 0x61, 0x0a, 0xde, 0x57, 0x60, 0x40, 0x51, 0x63, 0xdb, 0xcd, 0x70, 0x4b, 0x60,
    0xe0, 0x1b, 0x81, 0x52, 0x60, 0x04, 0x81, 0x01, 0x8c, 0x90, 0x52, 0x60, 0x20, 0x81, 0x60, 0x24,
    0x81, 0x64, 0x01, 0x62, 0x5f, 0x20, 0x00, 0x5a, 0xfa, 0x90, 0x81, 0x15, 0x61, 0x09, 0x40, 0x57,
    0x5f, 0x91, 0x61, 0x0a, 0xbf, 0x57, 0x5b, 0x50, 0x60, 0x01, 0x60, 0x01, 0x60, 0xa0, 0x1b, 0x03,
    0x16, 0x33, 0x81, 0x90, 0x03, 0x61, 0x0a, 0xa9, 0x57, 0x50, 0x5f, 0x8b, 0x81, 0x52, 0x60, 0x20,
    0x81, 0x90, 0x52, 0x60, 0x40, 0x90, 0x20, 0x54, 0x60, 0x01, 0x60, 0x01, 0x60, 0xa0, 0x1b, 0x03,
    0x16, 0x61, 0x0a, 0x96, 0x57, 0x60, 0x40, 0x51, 0x63, 0x7e, 0x34, 0x5d, 0xef, 0x60, 0xe1, 0x1b,
    0x81, 0x52, 0x60, 0x20, 0x81, 0x60, 0x04, 0x81, 0x64, 0x01, 0x62, 0x5f, 0x10, 0x00, 0x5a, 0xfa,
    0x90, 0x81, 0x15, 0x61, 0x09, 0x40, 0x57, 0x5f, 0x91, 0x61, 0x0a, 0x56, 0x57, 0x5b, 0x50, 0x60,
    0x40, 0x51, 0x63, 0x2e, 0x30, 0xb7, 0xb1, 0x60, 0xe2, 0x1b, 0x81, 0x52, 0x60, 0x01, 0x60, 0x01,
    0x60, 0xa0, 0x1b, 0x03, 0x89, 0x16, 0x60, 0x04, 0x82, 0x01, 0x52, 0x60, 0x01, 0x60, 0x01, 0x60,
    0x40, 0x1b, 0x03, 0x90, 0x91, 0x16, 0x60, 0x24, 0x82, 0x01, 0x52, 0x60, 0x20, 0x81, 0x80, 0x60,
    0x44, 0x81, 0x01, 0x5b, 0x03, 0x81, 0x64, 0x01, 0x62, 0x5f, 0x20, 0x00, 0x5a, 0xfa, 0x90, 0x81,
    0x15, 0x61, 0x09, 0x40, 0x57, 0x5f, 0x91, 0x61, 0x0a, 0x24, 0x57, 0x5b, 0x50, 0x60, 0x40, 0x51,
    0x63, 0xaa, 0x75, 0x17, 0xe1, 0x60, 0xe0, 0x1b, 0x81, 0x52, 0x60, 0x20, 0x81, 0x60, 0x04, 0x81,
    0x64, 0x01, 0x62, 0x5f, 0x10, 0x02, 0x5a, 0xfa, 0x90, 0x81, 0x15, 0x61, 0x09, 0x40, 0x57, 0x5f,
    0x91, 0x61, 0x09, 0xf2, 0x57, 0x5b, 0x50, 0x80, 0x82, 0x10, 0x61, 0x09, 0xdd, 0x57, 0x50, 0x50,
    0x60, 0x1f, 0x89, 0x11, 0x61, 0x09, 0xc5, 0x57, 0x61, 0x03, 0xc3, 0x82, 0x84, 0x86, 0x84, 0x61,
    0x3f, 0x34, 0x56, 0x5b, 0x8a, 0x5f, 0x52, 0x5f, 0x60, 0x20, 0x52, 0x60, 0x40, 0x5f, 0x20, 0x96,
    0x8b, 0x60, 0x01, 0x60, 0x01, 0x60, 0x60, 0x1b, 0x03, 0x60, 0xa0, 0x1b, 0x89, 0x54, 0x16, 0x17,
    0x88, 0x55, 0x60, 0x01, 0x88, 0x01, 0x60, 0x01, 0x60, 0x01, 0x60, 0x40, 0x1b, 0x03, 0x8b, 0x11,
    0x61, 0x07, 0x81, 0x57, 0x61, 0x04, 0x07, 0x8b, 0x61, 0x04, 0x01, 0x83, 0x54, 0x61, 0x2d, 0xdf,
    0x56, 0x5b, 0x83, 0x61, 0x37, 0xb8, 0x56, 0x5b, 0x5f, 0x8b, 0x80, 0x61, 0x09, 0xbc, 0x57, 0x5b,
    0x61, 0x04, 0x25, 0x91, 0x81, 0x60, 0x01, 0x1b, 0x91, 0x5f, 0x19, 0x90, 0x60, 0x03, 0x1b, 0x1c,
    0x19, 0x16, 0x17, 0x90, 0x56, 0x5b, 0x90, 0x55, 0x60, 0x0a, 0x88, 0x01, 0x80, 0x54, 0x60, 0x01,
    0x60, 0x01, 0x60, 0xa0, 0x1b, 0x03, 0x19, 0x16, 0x8d, 0x17, 0x90, 0x55, 0x60, 0x40, 0x51, 0x63,
    0x7c, 0xf2, 0x55, 0x17, 0x60, 0xe0, 0x1b, 0x81, 0x52, 0x60, 0x04, 0x81, 0x01, 0x8d, 0x90, 0x52,
    0x60, 0x20, 0x81, 0x60, 0x24, 0x81, 0x64, 0x01, 0x62, 0x5f, 0x20, 0x00, 0x5a, 0xfa, 0x90, 0x81,
    0x15, 0x61, 0x09, 0x40, 0x57, 0x5f, 0x91, 0x61, 0x09, 0x8d, 0x57, 0x5b, 0x50, 0x60, 0x08, 0x89,
    0x01, 0x80, 0x54, 0x60, 0x01, 0x60, 0x01, 0x60, 0xa0, 0x1b, 0x03, 0x19, 0x16, 0x60, 0x01, 0x60,
    0x01, 0x60, 0xa0, 0x1b, 0x03, 0x90, 0x92, 0x16, 0x91, 0x90, 0x91, 0x17, 0x90, 0x55, 0x60, 0x02,
    0x88, 0x01, 0x80, 0x54, 0x60, 0xff, 0x19, 0x16, 0x90, 0x55, 0x60, 0x40, 0x51, 0x63, 0x7e, 0x34,
    0x5d, 0xef, 0x60, 0xe1, 0x1b, 0x81, 0x52, 0x60, 0x20, 0x81, 0x60, 0x04, 0x81, 0x64, 0x01, 0x62,
    0x5f, 0x10, 0x00, 0x5a, 0xfa, 0x90, 0x81, 0x15, 0x61, 0x09, 0x40, 0x57, 0x5f, 0x91, 0x61, 0x09,
    0x4b, 0x57, 0x5b, 0x50, 0x60, 0x40, 0x51, 0x63, 0x2e, 0x30, 0xb7, 0xb1, 0x60, 0xe2, 0x1b, 0x81,
    0x52, 0x60, 0x01, 0x60, 0x01, 0x60, 0xa0, 0x1b, 0x03, 0x90, 0x92, 0x16, 0x60, 0x04, 0x83, 0x01,
    0x52, 0x60, 0x01, 0x60, 0x01, 0x60, 0x40, 0x1b, 0x03, 0x16, 0x60, 0x24, 0x82, 0x01, 0x52, 0x60,
    0x20, 0x81, 0x80, 0x60, 0x44, 0x81, 0x01, 0x5b, 0x03, 0x81, 0x64, 0x01, 0x62, 0x5f, 0x20, 0x00,
    0x5a, 0xfa, 0x90, 0x81, 0x15, 0x61, 0x09, 0x40, 0x57, 0x5f, 0x91, 0x61, 0x09, 0x0e, 0x57, 0x5b,
    0x50, 0x60, 0x03, 0x88, 0x01, 0x55, 0x61, 0x05, 0x20, 0x36, 0x85, 0x83, 0x61, 0x37, 0x4c, 0x56,
    0x5b, 0x60, 0x20, 0x81, 0x51, 0x91, 0x01, 0x20, 0x93, 0x84, 0x5f, 0x52, 0x60, 0x06, 0x60, 0x20,
    0x52, 0x60, 0x01, 0x80, 0x60, 0xa0, 0x1b, 0x03, 0x60, 0x40, 0x5f, 0x20, 0x54, 0x16, 0x61, 0x08,
    0xe6, 0x57, 0x60, 0x04, 0x88, 0x01, 0x91, 0x60, 0x01, 0x60, 0x01, 0x60, 0x40, 0x1b, 0x03, 0x82,
    0x11, 0x61, 0x07, 0x81, 0x57, 0x61, 0x05, 0x68, 0x82, 0x61, 0x05, 0x62, 0x85, 0x54, 0x61, 0x2d,
    0xdf, 0x56, 0x5b, 0x85, 0x61, 0x37, 0xb8, 0x56, 0x5b, 0x5f, 0x90, 0x60, 0x1f, 0x83, 0x11, 0x60,
    0x01, 0x14, 0x61, 0x08, 0x82, 0x57, 0x61, 0x05, 0x96, 0x92, 0x91, 0x5f, 0x91, 0x83, 0x61, 0x08,
    0x77, 0x57, 0x5b, 0x50, 0x50, 0x81, 0x60, 0x01, 0x1b, 0x91, 0x5f, 0x19, 0x90, 0x60, 0x03, 0x1b,
    0x1c, 0x19, 0x16, 0x17, 0x90, 0x56, 0x5b, 0x90, 0x55, 0x5b, 0x60, 0x05, 0x86, 0x01, 0x91, 0x60,
    0x01, 0x60, 0x01, 0x60, 0x40, 0x1b, 0x03, 0x82, 0x11, 0x61, 0x07, 0x81, 0x57, 0x61, 0x05, 0xba,
    0x82, 0x61, 0x05, 0x62, 0x85, 0x54, 0x61, 0x2d, 0xdf, 0x56, 0x5b, 0x5f, 0x90, 0x60, 0x1f, 0x83,
    0x11, 0x60, 0x01, 0x14, 0x61, 0x08, 0x13, 0x57, 0x61, 0x05, 0xe7, 0x92, 0x91, 0x5f, 0x91, 0x83,
    0x61, 0x08, 0x08, 0x57, 0x50, 0x50, 0x81, 0x60, 0x01, 0x1b, 0x91, 0x5f, 0x19, 0x90, 0x60, 0x03,
    0x1b, 0x1c, 0x19, 0x16, 0x17, 0x90, 0x56, 0x5b, 0x90, 0x55, 0x5b, 0x5f, 0x52, 0x60, 0x06, 0x60,
    0x20, 0x52, 0x60, 0x40, 0x5f, 0x20, 0x87, 0x60, 0x01, 0x60, 0x01, 0x60, 0x60, 0x1b, 0x03, 0x60,
    0xa0, 0x1b, 0x82, 0x54, 0x16, 0x17, 0x90, 0x55, 0x60, 0x06, 0x83, 0x01, 0x91, 0x60, 0x01, 0x60,
    0x01, 0x60, 0x40, 0x1b, 0x03, 0x82, 0x11, 0x61, 0x07, 0x81, 0x57, 0x61, 0x06, 0x28, 0x82, 0x61,
    0x05, 0x62, 0x85, 0x54, 0x61, 0x2d, 0xdf, 0x56, 0x5b, 0x5f, 0x90, 0x60, 0x1f, 0x83, 0x11, 0x60,
    0x01, 0x14, 0x61, 0x07, 0xa0, 0x57, 0x91, 0x80, 0x61, 0x06, 0x5a, 0x92, 0x60, 0x07, 0x96, 0x95,
    0x94, 0x5f, 0x92, 0x61, 0x07, 0x95, 0x57, 0x50, 0x50, 0x81, 0x60, 0x01, 0x1b, 0x91, 0x5f, 0x19,
    0x90, 0x60, 0x03, 0x1b, 0x1c, 0x19, 0x16, 0x17, 0x90, 0x56, 0x5b, 0x90, 0x55, 0x5b, 0x01, 0x90,
    0x60, 0x01, 0x60, 0x01, 0x60, 0x40, 0x1b, 0x03, 0x86, 0x11, 0x61, 0x07, 0x81, 0x57, 0x61, 0x06,
    0x81, 0x86, 0x61, 0x06, 0x7b, 0x84, 0x54, 0x61, 0x2d, 0xdf, 0x56, 0x5b, 0x84, 0x61, 0x37, 0xb8,
    0x56, 0x5b, 0x5f, 0x90, 0x60, 0x1f, 0x87, 0x11, 0x60, 0x01, 0x14, 0x61, 0x06, 0xfb, 0x57, 0x95,
    0x80, 0x61, 0x06, 0xd1, 0x92, 0x7f, 0x3a, 0xc9, 0x0d, 0x06, 0x9d, 0xcd, 0xe8, 0xad, 0x9a, 0xc7,
    0xff, 0x6e, 0xeb, 0x0d, 0xc4, 0xce, 0x2f, 0xea, 0xd5, 0xd9, 0x64, 0x04, 0x71, 0x88, 0x26, 0x47,
    0x7a, 0xa5, 0x8f, 0xca, 0x3d, 0xe4, 0x97, 0x98, 0x5f, 0x92, 0x61, 0x06, 0xf0, 0x57, 0x50, 0x50,
    0x81, 0x60, 0x01, 0x1b, 0x91, 0x5f, 0x19, 0x90, 0x60, 0x03, 0x1b, 0x1c, 0x19, 0x16, 0x17, 0x90,
    0x56, 0x5b, 0x90, 0x55, 0x5b, 0x61, 0x06, 0xeb, 0x60, 0x40, 0x51, 0x92, 0x83, 0x92, 0x60, 0x20,
    0x84, 0x52, 0x60, 0x20, 0x84, 0x01, 0x91, 0x61, 0x37, 0x82, 0x56, 0x5b, 0x03, 0x90, 0xa2, 0x00,
    0x5b, 0x01, 0x35, 0x90, 0x50, 0x88, 0x80, 0x61, 0x05, 0x82, 0x56, 0x5b, 0x60, 0x1f, 0x19, 0x87,
    0x16, 0x91, 0x83, 0x5f, 0x52, 0x60, 0x20, 0x5f, 0x20, 0x92, 0x5f, 0x5b, 0x81, 0x81, 0x10, 0x61,
    0x07, 0x69, 0x57, 0x50, 0x91, 0x60, 0x01, 0x93, 0x91, 0x89, 0x7f, 0x3a, 0xc9, 0x0d, 0x06, 0x9d,
    0xcd, 0xe8, 0xad, 0x9a, 0xc7, 0xff, 0x6e, 0xeb, 0x0d, 0xc4, 0xce, 0x2f, 0xea, 0xd5, 0xd9, 0x64,
    0x04, 0x71, 0x88, 0x26, 0x47, 0x7a, 0xa5, 0x8f, 0xca, 0x3d, 0xe4, 0x99, 0x9a, 0x94, 0x10, 0x61,
    0x07, 0x50, 0x57, 0x5b, 0x50, 0x50, 0x50, 0x81, 0x1b, 0x01, 0x90, 0x55, 0x61, 0x06, 0xd4, 0x56,
    0x5b, 0x01, 0x35, 0x5f, 0x19, 0x60, 0x03, 0x84, 0x90, 0x1b, 0x60, 0xf8, 0x16, 0x1c, 0x19, 0x16,
    0x90, 0x55, 0x87, 0x80, 0x80, 0x61, 0x07, 0x43, 0x56, 0x5b, 0x91, 0x93, 0x60, 0x20, 0x60, 0x01,
    0x81, 0x92, 0x87, 0x87, 0x01, 0x35, 0x81, 0x55, 0x01, 0x95, 0x01, 0x92, 0x01, 0x61, 0x07, 0x0b,
    0x56, 0x5b, 0x63, 0x4e, 0x48, 0x7b, 0x71, 0x60, 0xe0, 0x1b, 0x5f, 0x52, 0x60, 0x41, 0x60, 0x04,
    0x52, 0x60, 0x24, 0x5f, 0xfd, 0x5b, 0x01, 0x35, 0x90, 0x50, 0x8b, 0x80, 0x61, 0x05, 0x82, 0x56,
    0x5b, 0x60, 0x1f, 0x19, 0x83, 0x16, 0x91, 0x84, 0x5f, 0x52, 0x60, 0x20, 0x5f, 0x20, 0x92, 0x5f,
    0x5b, 0x81, 0x81, 0x10, 0x61, 0x07, 0xf0, 0x57, 0x50, 0x91, 0x60, 0x01, 0x93, 0x91, 0x85, 0x60,
    0x07, 0x98, 0x97, 0x96, 0x94, 0x10, 0x61, 0x07, 0xd7, 0x57, 0x5b, 0x50, 0x50, 0x50, 0x81, 0x1b,
    0x01, 0x90, 0x55, 0x61, 0x06, 0x5d, 0x56, 0x5b, 0x01, 0x35, 0x5f, 0x19, 0x60, 0x03, 0x84, 0x90,
    0x1b, 0x60, 0xf8, 0x16, 0x1c, 0x19, 0x16, 0x90, 0x55, 0x8a, 0x80, 0x80, 0x61, 0x07, 0xca, 0x56,
    0x5b, 0x91, 0x93, 0x60, 0x20, 0x60, 0x01, 0x81, 0x92, 0x87, 0x87, 0x01, 0x35, 0x81, 0x55, 0x01,
    0x95, 0x01, 0x92, 0x01, 0x61, 0x07, 0xb0, 0x56, 0x5b, 0x01, 0x35, 0x90, 0x50, 0x8d, 0x80, 0x61,
    0x05, 0x82, 0x56, 0x5b, 0x60, 0x1f, 0x19, 0x83, 0x16, 0x91, 0x84, 0x5f, 0x52, 0x60, 0x20, 0x5f,
    0x20, 0x92, 0x5f, 0x5b, 0x81, 0x81, 0x10, 0x61, 0x08, 0x5f, 0x57, 0x50, 0x90, 0x84, 0x60, 0x01,
    0x95, 0x94, 0x93, 0x92, 0x10, 0x61, 0x08, 0x46, 0x57, 0x5b, 0x50, 0x50, 0x50, 0x81, 0x1b, 0x01,
    0x90, 0x55, 0x61, 0x05, 0xea, 0x56, 0x5b, 0x01, 0x35, 0x5f, 0x19, 0x60, 0x03, 0x84, 0x90, 0x1b,
    0x60, 0xf8, 0x16, 0x1c, 0x19, 0x16, 0x90, 0x55, 0x8c, 0x80, 0x80, 0x61, 0x08, 0x39, 0x56, 0x5b,
    0x91, 0x93, 0x60, 0x20, 0x60, 0x01, 0x81, 0x92, 0x87, 0x87, 0x01, 0x35, 0x81, 0x55, 0x01, 0x95,
    0x01, 0x92, 0x01, 0x61, 0x08, 0x23, 0x56, 0x5b, 0x01, 0x35, 0x90, 0x50, 0x8f, 0x80, 0x61, 0x05,
    0x82, 0x56, 0x5b, 0x60, 0x1f, 0x19, 0x83, 0x16, 0x91, 0x84, 0x5f, 0x52, 0x60, 0x20, 0x5f, 0x20,
    0x92, 0x5f, 0x5b, 0x81, 0x81, 0x10, 0x61, 0x08, 0xce, 0x57, 0x50, 0x90, 0x84, 0x60, 0x01, 0x95,
    0x94, 0x93, 0x92, 0x10, 0x61, 0x08, 0xb5, 0x57, 0x5b, 0x50, 0x50, 0x50, 0x81, 0x1b, 0x01, 0x90,
    0x55, 0x61, 0x05, 0x99, 0x56, 0x5b, 0x01, 0x35, 0x5f, 0x19, 0x60, 0x03, 0x84, 0x90, 0x1b, 0x60,
    0xf8, 0x16, 0x1c, 0x19, 0x16, 0x90, 0x55, 0x8e, 0x80, 0x80, 0x61, 0x08, 0xa8, 0x56, 0x5b, 0x91,
    0x93, 0x60, 0x20, 0x60, 0x01, 0x81, 0x92, 0x87, 0x87, 0x01, 0x35, 0x81, 0x55, 0x01, 0x95, 0x01,
    0x92, 0x01, 0x61, 0x08, 0x92, 0x56, 0x5b, 0x61, 0x09, 0x0a, 0x60, 0x40, 0x51, 0x92, 0x83, 0x92,
    0x63, 0x35, 0x23, 0x98, 0xbf, 0x60, 0xe2, 0x1b, 0x84, 0x52, 0x60, 0x20, 0x60, 0x04, 0x85, 0x01,
    0x52, 0x60, 0x24, 0x84, 0x01, 0x91, 0x61, 0x37, 0x82, 0x56, 0x5b, 0x03, 0x90, 0xfd, 0x5b, 0x90,
    0x50, 0x60, 0x20, 0x81, 0x3d, 0x60, 0x20, 0x11, 0x61, 0x09, 0x38, 0x57, 0x5b, 0x81, 0x61, 0x09,
    0x29, 0x60, 0x20, 0x93, 0x83, 0x61, 0x2d, 0xbe, 0x56, 0x5b, 0x81, 0x01, 0x03, 0x12, 0x61, 0x01,
    0x70, 0x57, 0x51, 0x8d, 0x61, 0x05, 0x0f, 0x56, 0x5b, 0x3d, 0x91, 0x50, 0x61, 0x09, 0x1c, 0x56,
    0x5b, 0x60, 0x40, 0x51, 0x3d, 0x5f, 0x82, 0x3e, 0x3d, 0x90, 0xfd, 0x5b, 0x90, 0x50, 0x60, 0x20,
    0x81, 0x3d, 0x60, 0x20, 0x11, 0x61, 0x09, 0x85, 0x57, 0x5b, 0x81, 0x61, 0x09, 0x66, 0x60, 0x20,
    0x93, 0x83, 0x61, 0x2d, 0xbe, 0x56, 0x5b, 0x81, 0x01, 0x03, 0x12, 0x61, 0x01, 0x70, 0x57, 0x61,
    0x04, 0xf7, 0x91, 0x61, 0x09, 0x7d, 0x60, 0x20, 0x92, 0x61, 0x32, 0xb2, 0x56, 0x5b, 0x91, 0x50,
    0x91, 0x61, 0x04, 0xc2, 0x56, 0x5b, 0x3d, 0x91, 0x50, 0x61, 0x09, 0x59, 0x56, 0x5b, 0x61, 0x09,
    0xaf, 0x91, 0x50, 0x60, 0x20, 0x3d, 0x60, 0x20, 0x11, 0x61, 0x09, 0xb5, 0x57, 0x5b, 0x61, 0x09,
    0xa7, 0x81, 0x83, 0x61, 0x2d, 0xbe, 0x56, 0x5b, 0x81, 0x01, 0x90, 0x61, 0x2e, 0x98, 0x56, 0x5b,
    0x8e, 0x61, 0x04, 0x6b, 0x56, 0x5b, 0x50, 0x3d, 0x61, 0x09, 0x9d, 0x56, 0x5b, 0x8d, 0x35, 0x91,
    0x50, 0x61, 0x04, 0x0f, 0x56, 0x5b, 0x88, 0x63, 0x4e, 0xa1, 0x1d, 0xc7, 0x60, 0xe1, 0x1b, 0x5f,
    0x52, 0x60, 0x1f, 0x60, 0x04, 0x52, 0x60, 0x24, 0x52, 0x60, 0x44, 0x5f, 0xfd, 0x5b, 0x63, 0x44,
    0xd4, 0xca, 0xf7, 0x60, 0xe0, 0x1b, 0x5f, 0x52, 0x60, 0x04, 0x52, 0x60, 0x24, 0x52, 0x60, 0x44,
    0x5f, 0xfd, 0x5b, 0x90, 0x50, 0x60, 0x20, 0x81, 0x3d, 0x60, 0x20, 0x11, 0x61, 0x0a, 0x1c, 0x57,
    0x5b, 0x81, 0x61, 0x0a, 0x0d, 0x60, 0x20, 0x93, 0x83, 0x61, 0x2d, 0xbe, 0x56, 0x5b, 0x81, 0x01,
    0x03, 0x12, 0x61, 0x01, 0x70, 0x57, 0x51, 0x8e, 0x61, 0x03, 0xa5, 0x56, 0x5b, 0x3d, 0x91, 0x50,
    0x61, 0x0a, 0x00, 0x56, 0x5b, 0x90, 0x50, 0x60, 0x20, 0x81, 0x3d, 0x60, 0x20, 0x11, 0x61, 0x0a,
    0x4e, 0x57, 0x5b, 0x81, 0x61, 0x0a, 0x3f, 0x60, 0x20, 0x93, 0x83, 0x61, 0x2d, 0xbe, 0x56, 0x5b,
    0x81, 0x01, 0x03, 0x12, 0x61, 0x01, 0x70, 0x57, 0x51, 0x8d, 0x61, 0x03, 0x7b, 0x56, 0x5b, 0x3d,
    0x91, 0x50, 0x61, 0x0a, 0x32, 0x56, 0x5b, 0x90, 0x50, 0x60, 0x20, 0x81, 0x3d, 0x60, 0x20, 0x11,
    0x61, 0x0a, 0x8e, 0x57, 0x5b, 0x81, 0x61, 0x0a, 0x71, 0x60, 0x20, 0x93, 0x83, 0x61, 0x2d, 0xbe,
    0x56, 0x5b, 0x81, 0x01, 0x03, 0x12, 0x61, 0x01, 0x70, 0x57, 0x60, 0x20, 0x61, 0x0a, 0x87, 0x61,
    0x03, 0x63, 0x92, 0x61, 0x32, 0xb2, 0x56, 0x5b, 0x91, 0x50, 0x61, 0x03, 0x2d, 0x56, 0x5b, 0x3d,
    0x91, 0x50, 0x61, 0x0a, 0x64, 0x56, 0x5b, 0x8a, 0x63, 0x16, 0x46, 0x88, 0xdf, 0x60, 0xe2, 0x1b,
    0x5f, 0x52, 0x60, 0x04, 0x52, 0x60, 0x24, 0x5f, 0xfd, 0x5b, 0x63, 0x11, 0xce, 0x34, 0x15, 0x60,
    0xe2, 0x1b, 0x5f, 0x52, 0x60, 0x04, 0x52, 0x33, 0x60, 0x24, 0x52, 0x60, 0x44, 0x5f, 0xfd, 0x5b,
    0x61, 0x0a, 0xd8, 0x91, 0x50, 0x60, 0x20, 0x3d, 0x60, 0x20, 0x11, 0x61, 0x09, 0xb5, 0x57, 0x61,
    0x09, 0xa7, 0x81, 0x83, 0x61, 0x2d, 0xbe, 0x56, 0x5b, 0x8d, 0x61, 0x02, 0xd6, 0x56, 0x5b, 0x8a,
    0x63, 0x0f, 0x4c, 0x97, 0x1b, 0x60, 0xe2, 0x1b, 0x5f, 0x52, 0x60, 0x04, 0x52, 0x60, 0x24, 0x5f,
    0xfd, 0x5b, 0x61, 0x0b, 0x13, 0x91, 0x50, 0x60, 0x20, 0x3d, 0x60, 0x20, 0x11, 0x61, 0x0b, 0x19,
    0x57, 0x5b, 0x61, 0x0b, 0x0b, 0x81, 0x83, 0x61, 0x2d, 0xbe, 0x56, 0x5b, 0x81, 0x01, 0x90, 0x61,
    0x2e, 0xb7, 0x56, 0x5b, 0x8d, 0x61, 0x02, 0xa0, 0x56, 0x5b, 0x50, 0x3d, 0x61, 0x0b, 0x01, 0x56,
    0x5b, 0x63, 0x12, 0x48, 0x72, 0x53, 0x60, 0xe1, 0x1b, 0x5f, 0x52, 0x60, 0x04, 0x5f, 0xfd, 0x5b,
    0x61, 0x0b, 0x48, 0x91, 0x50, 0x60, 0x20, 0x3d, 0x60, 0x20, 0x11, 0x61, 0x0b, 0x19, 0x57, 0x61,
    0x0b, 0x0b, 0x81, 0x83, 0x61, 0x2d, 0xbe, 0x56, 0x5b, 0x8c, 0x61, 0x02, 0x5e, 0x56, 0x5b, 0x34,
    0x61, 0x01, 0x70, 0x57, 0x60, 0x60, 0x36, 0x60, 0x03, 0x19, 0x01, 0x12, 0x61, 0x01, 0x70, 0x57,
    0x61, 0x0b, 0x67, 0x61, 0x2c, 0x2e, 0x56, 0x5b, 0x60, 0x24, 0x35, 0x60, 0x01, 0x60, 0x01, 0x60,
    0x40, 0x1b, 0x03, 0x81, 0x11, 0x61, 0x01, 0x70, 0x57, 0x61, 0x0b, 0x86, 0x90, 0x36, 0x90, 0x60,
    0x04, 0x01, 0x61, 0x2d, 0x5a, 0x56, 0x5b, 0x91, 0x90, 0x60, 0x44, 0x35, 0x60, 0x01, 0x60, 0x01,
    0x60, 0x40, 0x1b, 0x03, 0x81, 0x11, 0x61, 0x01, 0x70, 0x57, 0x61, 0x0b, 0xa7, 0x90, 0x36, 0x90,
    0x60, 0x04, 0x01, 0x61, 0x2d, 0x5a, 0x56, 0x5b, 0x60, 0x01, 0x60, 0x01, 0x60, 0xa0, 0x1b, 0x03,
    0x93, 0x84, 0x16, 0x5f, 0x81, 0x81, 0x52, 0x60, 0x20, 0x81, 0x90, 0x52, 0x60, 0x40, 0x90, 0x20,
    0x54, 0x91, 0x95, 0x90, 0x94, 0x90, 0x92, 0x91, 0x16, 0x15, 0x61, 0x0e, 0xef, 0x57, 0x60, 0x40,
    0x51, 0x63, 0xdb, 0xcd, 0x70, 0x4b, 0x60, 0xe0, 0x1b, 0x81, 0x52, 0x60, 0x04, 0x81, 0x01, 0x85,
    0x90, 0x52, 0x60, 0x20, 0x81, 0x60, 0x24, 0x81, 0x64, 0x01, 0x62, 0x5f, 0x20, 0x00, 0x5a, 0xfa,
    0x90, 0x81, 0x15, 0x61, 0x09, 0x40, 0x57, 0x5f, 0x91, 0x61, 0x0e, 0xd0, 0x57, 0x5b, 0x50, 0x60,
    0x01, 0x60, 0x01, 0x60, 0xa0, 0x1b, 0x03, 0x16, 0x33, 0x81, 0x90, 0x03, 0x61, 0x0a, 0xa9, 0x57,
    0x50, 0x60, 0x40, 0x51, 0x63, 0x0b, 0xcf, 0xee, 0x3f, 0x60, 0xe1, 0x1b, 0x81, 0x52, 0x60, 0x20,
    0x81, 0x60, 0x04, 0x81, 0x64, 0x01, 0x62, 0x5f, 0x20, 0x03, 0x5a, 0xfa, 0x90, 0x81, 0x15, 0x61,
    0x09, 0x40, 0x57, 0x5f, 0x91, 0x61, 0x0e, 0xb1, 0x57, 0x5b, 0x50, 0x61, 0x0e, 0xa2, 0x57, 0x61,
    0x0c, 0x4a, 0x85, 0x82, 0x84, 0x86, 0x61, 0x3f, 0x34, 0x56, 0x5b, 0x83, 0x5f, 0x52, 0x5f, 0x60,
    0x20, 0x52, 0x60, 0x40, 0x5f, 0x20, 0x61, 0x0c, 0x60, 0x36, 0x84, 0x86, 0x61, 0x37, 0x4c, 0x56,
    0x5b, 0x60, 0x20, 0x81, 0x51, 0x91, 0x01, 0x20, 0x90, 0x81, 0x5f, 0x52, 0x60, 0x06, 0x60, 0x20,
    0x52, 0x60, 0x01, 0x80, 0x60, 0xa0, 0x1b, 0x03, 0x60, 0x40, 0x5f, 0x20, 0x54, 0x16, 0x61, 0x0e,
    0x7a, 0x57, 0x60, 0x04, 0x81, 0x01, 0x91, 0x60, 0x40, 0x51, 0x61, 0x0c, 0x9e, 0x81, 0x61, 0x0c,
    0x97, 0x81, 0x87, 0x61, 0x2e, 0x17, 0x56, 0x5b, 0x03, 0x82, 0x61, 0x2d, 0xbe, 0x56, 0x5b, 0x60,
    0x20, 0x81, 0x51, 0x91, 0x01, 0x20, 0x5f, 0x52, 0x60, 0x06, 0x60, 0x20, 0x52, 0x60, 0x40, 0x5f,
    0x20, 0x60, 0x01, 0x60, 0x01, 0x60, 0x60, 0x1b, 0x03, 0x60, 0xa0, 0x1b, 0x81, 0x54, 0x16, 0x90,
    0x55, 0x5f, 0x52, 0x60, 0x06, 0x60, 0x20, 0x52, 0x60, 0x40, 0x5f, 0x20, 0x86, 0x60, 0x01, 0x60,
    0x01, 0x60, 0x60, 0x1b, 0x03, 0x60, 0xa0, 0x1b, 0x82, 0x54, 0x16, 0x17, 0x90, 0x55, 0x60, 0x01,
    0x60, 0x01, 0x60, 0x40, 0x1b, 0x03, 0x84, 0x11, 0x61, 0x07, 0x81, 0x57, 0x61, 0x0c, 0xf9, 0x84,
    0x61, 0x06, 0x7b, 0x84, 0x54, 0x61, 0x2d, 0xdf, 0x56, 0x5b, 0x5f, 0x91, 0x84, 0x60, 0x1f, 0x81,
    0x11, 0x60, 0x01, 0x14, 0x61, 0x0e, 0x11, 0x57, 0x80, 0x61, 0x0d, 0x29, 0x91, 0x60, 0x05, 0x95,
    0x5f, 0x91, 0x61, 0x0e, 0x06, 0x57, 0x5b, 0x50, 0x81, 0x60, 0x01, 0x1b, 0x91, 0x5f, 0x19, 0x90,
    0x60, 0x03, 0x1b, 0x1c, 0x19, 0x16, 0x17, 0x90, 0x56, 0x5b, 0x90, 0x55, 0x5b, 0x01, 0x90, 0x60,
    0x01, 0x60, 0x01, 0x60, 0x40, 0x1b, 0x03, 0x86, 0x11, 0x61, 0x07, 0x81, 0x57, 0x61, 0x0d, 0x4a,
    0x86, 0x61, 0x06, 0x7b, 0x84, 0x54, 0x61, 0x2d, 0xdf, 0x56, 0x5b, 0x5f, 0x90, 0x60, 0x1f, 0x87,
    0x11, 0x60, 0x01, 0x14, 0x61, 0x0d, 0x9a, 0x57, 0x95, 0x80, 0x61, 0x06, 0xd1, 0x92, 0x7f, 0x4d,
    0xff, 0x72, 0xdf, 0x9b, 0x59, 0x35, 0x11, 0xd2, 0xf3, 0xe5, 0x6e, 0x13, 0xf5, 0xe8, 0x61, 0x5d,
    0x8e, 0xf6, 0x15, 0x95, 0xc4, 0x80, 0xd0, 0x76, 0x92, 0x6c, 0xcf, 0xcf, 0x13, 0xfe, 0x26, 0x97,
    0x98, 0x5f, 0x92, 0x61, 0x06, 0xf0, 0x57, 0x50, 0x50, 0x81, 0x60, 0x01, 0x1b, 0x91, 0x5f, 0x19,
    0x90, 0x60, 0x03, 0x1b, 0x1c, 0x19, 0x16, 0x17, 0x90, 0x56, 0x5b, 0x60, 0x1f, 0x19, 0x87, 0x16,
    0x91, 0x83, 0x5f, 0x52, 0x60, 0x20, 0x5f, 0x20, 0x92, 0x5f, 0x5b, 0x81, 0x81, 0x10, 0x61, 0x0d,
    0xee, 0x57, 0x50, 0x91, 0x60, 0x01, 0x93, 0x91, 0x89, 0x7f, 0x4d, 0xff, 0x72, 0xdf, 0x9b, 0x59,
    0x35, 0x11, 0xd2, 0xf3, 0xe5, 0x6e, 0x13, 0xf5, 0xe8, 0x61, 0x5d, 0x8e, 0xf6, 0x15, 0x95, 0xc4,
    0x80, 0xd0, 0x76, 0x92, 0x6c, 0xcf, 0xcf, 0x13, 0xfe, 0x26, 0x99, 0x9a, 0x94, 0x10, 0x61, 0x07,
    0x50, 0x57, 0x50, 0x50, 0x50, 0x81, 0x1b, 0x01, 0x90, 0x55, 0x61, 0x06, 0xd4, 0x56, 0x5b, 0x91,
    0x93, 0x60, 0x20, 0x60, 0x01, 0x81, 0x92, 0x87, 0x87, 0x01, 0x35, 0x81, 0x55, 0x01, 0x95, 0x01,
    0x92, 0x01, 0x61, 0x0d, 0xaa, 0x56, 0x5b, 0x90, 0x50, 0x88, 0x01, 0x35, 0x8b, 0x61, 0x0d, 0x16,
    0x56, 0x5b, 0x50, 0x5f, 0x81, 0x81, 0x52, 0x60, 0x20, 0x81, 0x20, 0x90, 0x93, 0x86, 0x60, 0x1f,
    0x19, 0x81, 0x16, 0x5b, 0x80, 0x87, 0x10, 0x61, 0x0e, 0x5c, 0x57, 0x60, 0x05, 0x96, 0x50, 0x10,
    0x61, 0x0e, 0x43, 0x57, 0x5b, 0x50, 0x50, 0x60, 0x01, 0x85, 0x81, 0x1b, 0x01, 0x90, 0x55, 0x61,
    0x0d, 0x2c, 0x56, 0x5b, 0x87, 0x01, 0x35, 0x5f, 0x19, 0x60, 0x03, 0x88, 0x90, 0x1b, 0x60, 0xf8,
    0x16, 0x1c, 0x19, 0x16, 0x90, 0x55, 0x88, 0x80, 0x61, 0x0e, 0x34, 0x56, 0x5b, 0x89, 0x83, 0x01,
    0x35, 0x84, 0x55, 0x60, 0x20, 0x96, 0x87, 0x01, 0x96, 0x60, 0x01, 0x90, 0x94, 0x01, 0x93, 0x90,
    0x92, 0x01, 0x91, 0x88, 0x91, 0x50, 0x61, 0x0e, 0x23, 0x56, 0x5b, 0x50, 0x50, 0x60, 0x40, 0x51,
    0x63, 0x35, 0x23, 0x98, 0xbf, 0x60, 0xe2, 0x1b, 0x81, 0x52, 0x60, 0x20, 0x60, 0x04, 0x82, 0x01,
    0x52, 0x92, 0x83, 0x92, 0x61, 0x09, 0x0a, 0x92, 0x50, 0x60, 0x24, 0x84, 0x01, 0x91, 0x61, 0x37,
    0x82, 0x56, 0x5b, 0x63, 0xb7, 0xa1, 0x74, 0xcb, 0x60, 0xe0, 0x1b, 0x5f, 0x52, 0x60, 0x04, 0x5f,
    0xfd, 0x5b, 0x61, 0x0e, 0xca, 0x91, 0x50, 0x60, 0x20, 0x3d, 0x60, 0x20, 0x11, 0x61, 0x0b, 0x19,
    0x57, 0x61, 0x0b, 0x0b, 0x81, 0x83, 0x61, 0x2d, 0xbe, 0x56, 0x5b, 0x86, 0x61, 0x0c, 0x39, 0x56,
    0x5b, 0x61, 0x0e, 0xe9, 0x91, 0x50, 0x60, 0x20, 0x3d, 0x60, 0x20, 0x11, 0x61, 0x09, 0xb5, 0x57,
    0x61, 0x09, 0xa7, 0x81, 0x83, 0x61, 0x2d, 0xbe, 0x56, 0x5b, 0x86, 0x61, 0x0b, 0xfd, 0x56, 0x5b,
    0x83, 0x63, 0x5a, 0x48, 0x87, 0xe1, 0x60, 0xe0, 0x1b, 0x5f, 0x52, 0x60, 0x04, 0x52, 0x60, 0x24,
    0x5f, 0xfd, 0x5b, 0x34, 0x61, 0x01, 0x70, 0x57, 0x60, 0x20, 0x36, 0x60, 0x03, 0x19, 0x01, 0x12,
    0x61, 0x01, 0x70, 0x57, 0x61, 0x0f, 0x1b, 0x61, 0x2c, 0x2e, 0x56, 0x5b, 0x60, 0x01, 0x60, 0x01,
    0x60, 0xa0, 0x1b, 0x03, 0x81, 0x81, 0x16, 0x5f, 0x81, 0x81, 0x52, 0x60, 0x20, 0x81, 0x90, 0x52,
    0x60, 0x40, 0x90, 0x20, 0x54, 0x90, 0x91, 0x16, 0x15, 0x61, 0x0f, 0xf5, 0x57, 0x60, 0x40, 0x51,
    0x90, 0x63, 0xdb, 0xcd, 0x70, 0x4b, 0x60, 0xe0, 0x1b, 0x82, 0x52, 0x60, 0x04, 0x82, 0x01, 0x52,
    0x60, 0x20, 0x81, 0x60, 0x24, 0x81, 0x64, 0x01, 0x62, 0x5f, 0x20, 0x00, 0x5a, 0xfa, 0x90, 0x81,
    0x15, 0x61, 0x09, 0x40, 0x57, 0x5f, 0x91, 0x61, 0x0f, 0xd6, 0x57, 0x5b, 0x50, 0x60, 0x01, 0x60,
    0x01, 0x60, 0xa0, 0x1b, 0x03, 0x16, 0x33, 0x81, 0x90, 0x03, 0x61, 0x0a, 0xa9, 0x57, 0x50, 0x60,
    0x40, 0x51, 0x63, 0x0b, 0xcf, 0xee, 0x3f, 0x60, 0xe1, 0x1b, 0x81, 0x52, 0x60, 0x20, 0x81, 0x60,
    0x04, 0x81, 0x64, 0x01, 0x62, 0x5f, 0x20, 0x03, 0x5a, 0xfa, 0x90, 0x81, 0x15, 0x61, 0x09, 0x40,
    0x57, 0x5f, 0x91, 0x61, 0x0f, 0xb7, 0x57, 0x5b, 0x50, 0x61, 0x0e, 0xa2, 0x57, 0x61, 0x0f, 0xb5,
    0x90, 0x61, 0x36, 0x24, 0x56, 0x5b, 0x00, 0x5b, 0x61, 0x0f, 0xd0, 0x91, 0x50, 0x60, 0x20, 0x3d,
    0x60, 0x20, 0x11, 0x61, 0x0b, 0x19, 0x57, 0x61, 0x0b, 0x0b, 0x81, 0x83, 0x61, 0x2d, 0xbe, 0x56,
    0x5b, 0x82, 0x61, 0x0f, 0xa7, 0x56, 0x5b, 0x61, 0x0f, 0xef, 0x91, 0x50, 0x60, 0x20, 0x3d, 0x60,
    0x20, 0x11, 0x61, 0x09, 0xb5, 0x57, 0x61, 0x09, 0xa7, 0x81, 0x83, 0x61, 0x2d, 0xbe, 0x56, 0x5b,
    0x82, 0x61, 0x0f, 0x6b, 0x56, 0x5b, 0x63, 0x5a, 0x48, 0x87, 0xe1, 0x60, 0xe0, 0x1b, 0x5f, 0x52,
    0x60, 0x04, 0x52, 0x60, 0x24, 0x5f, 0xfd, 0x5b, 0x34, 0x61, 0x01, 0x70, 0x57, 0x60, 0x20, 0x36,
    0x60, 0x03, 0x19, 0x01, 0x12, 0x61, 0x01, 0x70, 0x57, 0x61, 0x10, 0x20, 0x61, 0x2c, 0x2e, 0x56,
    0x5b, 0x60, 0x01, 0x60, 0x01, 0x60, 0xa0, 0x1b, 0x03, 0x81, 0x81, 0x16, 0x5f, 0x81, 0x81, 0x52,
    0x60, 0x20, 0x81, 0x90, 0x52, 0x60, 0x40, 0x90, 0x20, 0x54, 0x90, 0x91, 0x16, 0x15, 0x61, 0x0f,
    0xf5, 0x57, 0x60, 0x40, 0x51, 0x63, 0xdb, 0xcd, 0x70, 0x4b, 0x60, 0xe0, 0x1b, 0x81, 0x52, 0x60,
    0x04, 0x81, 0x01, 0x82, 0x90, 0x52, 0x60, 0x20, 0x81, 0x60, 0x24, 0x81, 0x64, 0x01, 0x62, 0x5f,
    0x20, 0x00, 0x5a, 0xfa, 0x90, 0x81, 0x15, 0x61, 0x09, 0x40, 0x57, 0x5f, 0x91, 0x61, 0x13, 0x7d,
    0x57, 0x5b, 0x50, 0x60, 0x01, 0x60, 0x01, 0x60, 0xa0, 0x1b, 0x03, 0x16, 0x33, 0x81, 0x90, 0x03,
    0x61, 0x0a, 0xa9, 0x57, 0x50, 0x60, 0x40, 0x51, 0x63, 0x0b, 0xcf, 0xee, 0x3f, 0x60, 0xe1, 0x1b,
    0x81, 0x52, 0x60, 0x20, 0x81, 0x60, 0x04, 0x81, 0x64, 0x01, 0x62, 0x5f, 0x20, 0x03, 0x5a, 0xfa,
    0x90, 0x81, 0x15, 0x61, 0x09, 0x40, 0x57, 0x5f, 0x91, 0x61, 0x13, 0x5e, 0x57, 0x5b, 0x50, 0x61,
    0x0e, 0xa2, 0x57, 0x80, 0x5f, 0x52, 0x5f, 0x60, 0x20, 0x52, 0x60, 0x40, 0x5f, 0x20, 0x60, 0x40,
    0x51, 0x63, 0x16, 0xd2, 0x5f, 0x21, 0x60, 0xe3, 0x1b, 0x81, 0x52, 0x60, 0x20, 0x81, 0x60, 0x04,
    0x81, 0x64, 0x01, 0x62, 0x5f, 0x10, 0x02, 0x5a, 0xfa, 0x90, 0x81, 0x15, 0x61, 0x09, 0x40, 0x57,
    0x5f, 0x91, 0x61, 0x13, 0x3f, 0x57, 0x5b, 0x50, 0x15, 0x61, 0x0b, 0x20, 0x57, 0x60, 0x02, 0x01,
    0x91, 0x60, 0xff, 0x83, 0x54, 0x16, 0x60, 0x04, 0x81, 0x10, 0x15, 0x61, 0x13, 0x2b, 0x57, 0x80,
    0x61, 0x13, 0x15, 0x57, 0x50, 0x60, 0x40, 0x51, 0x63, 0x7e, 0x34, 0x5d, 0xef, 0x60, 0xe1, 0x1b,
    0x81, 0x52, 0x60, 0x20, 0x81, 0x60, 0x04, 0x81, 0x64, 0x01, 0x62, 0x5f, 0x10, 0x00, 0x5a, 0xfa,
    0x90, 0x81, 0x15, 0x61, 0x09, 0x40, 0x57, 0x5f, 0x91, 0x61, 0x12, 0xd5, 0x57, 0x5b, 0x50, 0x60,
    0x40, 0x51, 0x63, 0x2e, 0x30, 0xb7, 0xb1, 0x60, 0xe2, 0x1b, 0x81, 0x52, 0x60, 0x01, 0x60, 0x01,
    0x60, 0xa0, 0x1b, 0x03, 0x83, 0x16, 0x60, 0x04, 0x82, 0x01, 0x52, 0x60, 0x01, 0x60, 0x01, 0x60,
    0x40, 0x1b, 0x03, 0x90, 0x91, 0x16, 0x60, 0x24, 0x82, 0x01, 0x52, 0x60, 0x20, 0x81, 0x80, 0x60,
    0x44, 0x81, 0x01, 0x5b, 0x03, 0x81, 0x64, 0x01, 0x62, 0x5f, 0x20, 0x00, 0x5a, 0xfa, 0x90, 0x81,
    0x15, 0x61, 0x09, 0x40, 0x57, 0x5f, 0x91, 0x61, 0x12, 0xa3, 0x57, 0x5b, 0x50, 0x60, 0x40, 0x51,
    0x63, 0xaa, 0x75, 0x17, 0xe1, 0x60, 0xe0, 0x1b, 0x81, 0x52, 0x60, 0x20, 0x81, 0x60, 0x04, 0x81,
    0x64, 0x01, 0x62, 0x5f, 0x10, 0x02, 0x5a, 0xfa, 0x90, 0x81, 0x15, 0x61, 0x09, 0x40, 0x57, 0x5f,
    0x91, 0x61, 0x12, 0x71, 0x57, 0x5b, 0x50, 0x80, 0x82, 0x10, 0x61, 0x09, 0xdd, 0x57, 0x50, 0x50,
    0x60, 0x40, 0x51, 0x63, 0x20, 0xe4, 0x3f, 0x33, 0x60, 0xe1, 0x1b, 0x81, 0x52, 0x92, 0x60, 0x20,
    0x84, 0x60, 0x04, 0x81, 0x64, 0x01, 0x62, 0x5f, 0x10, 0x02, 0x5a, 0xfa, 0x93, 0x84, 0x15, 0x61,
    0x09, 0x40, 0x57, 0x5f, 0x94, 0x61, 0x12, 0x3d, 0x57, 0x5b, 0x50, 0x83, 0x61, 0x11, 0xea, 0x60,
    0x01, 0x54, 0x60, 0x02, 0x54, 0x90, 0x61, 0x31, 0x93, 0x56, 0x5b, 0x10, 0x15, 0x61, 0x12, 0x2a,
    0x57, 0x80, 0x54, 0x60, 0xff, 0x19, 0x16, 0x60, 0x01, 0x17, 0x90, 0x55, 0x61, 0x12, 0x04, 0x90,
    0x61, 0x2f, 0x8b, 0x56, 0x5b, 0x7f, 0x1b, 0x00, 0xbc, 0x70, 0x86, 0xf7, 0x96, 0x90, 0xa6, 0x67,
    0x3c, 0x20, 0xa8, 0xf4, 0xa6, 0x26, 0x5c, 0x08, 0xf6, 0xce, 0x68, 0xec, 0xd7, 0xdb, 0xab, 0x6f,
    0xb6, 0x18, 0x48, 0xda, 0x2f, 0x4a, 0x5f, 0x80, 0xa2, 0x00, 0x5b, 0x83, 0x63, 0x66, 0xdc, 0x75,
    0x85, 0x60, 0xe0, 0x1b, 0x5f, 0x52, 0x60, 0x04, 0x52, 0x60, 0x24, 0x5f, 0xfd, 0x5b, 0x90, 0x93,
    0x50, 0x60, 0x20, 0x81, 0x3d, 0x60, 0x20, 0x11, 0x61, 0x12, 0x69, 0x57, 0x5b, 0x81, 0x61, 0x12,
    0x59, 0x60, 0x20, 0x93, 0x83, 0x61, 0x2d, 0xbe, 0x56, 0x5b, 0x81, 0x01, 0x03, 0x12, 0x61, 0x01,
    0x70, 0x57, 0x51, 0x92, 0x84, 0x61, 0x11, 0xd9, 0x56, 0x5b, 0x3d, 0x91, 0x50, 0x61, 0x12, 0x4c,
    0x56, 0x5b, 0x90, 0x50, 0x60, 0x20, 0x81, 0x3d, 0x60, 0x20, 0x11, 0x61, 0x12, 0x9b, 0x57, 0x5b,
    0x81, 0x61, 0x12, 0x8c, 0x60, 0x20, 0x93, 0x83, 0x61, 0x2d, 0xbe, 0x56, 0x5b, 0x81, 0x01, 0x03,
    0x12, 0x61, 0x01, 0x70, 0x57, 0x51, 0x85, 0x61, 0x11, 0xa5, 0x56, 0x5b, 0x3d, 0x91, 0x50, 0x61,
    0x12, 0x7f, 0x56, 0x5b, 0x90, 0x50, 0x60, 0x20, 0x81, 0x3d, 0x60, 0x20, 0x11, 0x61, 0x12, 0xcd,
    0x57, 0x5b, 0x81, 0x61, 0x12, 0xbe, 0x60, 0x20, 0x93, 0x83, 0x61, 0x2d, 0xbe, 0x56, 0x5b, 0x81,
    0x01, 0x03, 0x12, 0x61, 0x01, 0x70, 0x57, 0x51, 0x84, 0x61, 0x11, 0x7b, 0x56, 0x5b, 0x3d, 0x91,
    0x50, 0x61, 0x12, 0xb1, 0x56, 0x5b, 0x90, 0x50, 0x60, 0x20, 0x81, 0x3d, 0x60, 0x20, 0x11, 0x61,
    0x13, 0x0d, 0x57, 0x5b, 0x81, 0x61, 0x12, 0xf0, 0x60, 0x20, 0x93, 0x83, 0x61, 0x2d, 0xbe, 0x56,
    0x5b, 0x81, 0x01, 0x03, 0x12, 0x61, 0x01, 0x70, 0x57, 0x60, 0x20, 0x61, 0x13, 0x06, 0x61, 0x11,
    0x63, 0x92, 0x61, 0x32, 0xb2, 0x56, 0x5b, 0x91, 0x50, 0x61, 0x11, 0x2d, 0x56, 0x5b, 0x3d, 0x91,
    0x50, 0x61, 0x12, 0xe3, 0x56, 0x5b, 0x63, 0xf9, 0x24, 0x66, 0x4d, 0x60, 0xe0, 0x1b, 0x5f, 0x52,
    0x5f, 0x60, 0x04, 0x52, 0x60, 0x24, 0x52, 0x60, 0x44, 0x5f, 0xfd, 0x5b, 0x63, 0x4e, 0x48, 0x7b,
    0x71, 0x60, 0xe0, 0x1b, 0x5f, 0x52, 0x60, 0x21, 0x60, 0x04, 0x52, 0x60, 0x24, 0x5f, 0xfd, 0x5b,
    0x61, 0x13, 0x58, 0x91, 0x50, 0x60, 0x20, 0x3d, 0x60, 0x20, 0x11, 0x61, 0x0b, 0x19, 0x57, 0x61,
    0x0b, 0x0b, 0x81, 0x83, 0x61, 0x2d, 0xbe, 0x56, 0x5b, 0x84, 0x61, 0x10, 0xe6, 0x56, 0x5b, 0x61,
    0x13, 0x77, 0x91, 0x50, 0x60, 0x20, 0x3d, 0x60, 0x20, 0x11, 0x61, 0x0b, 0x19, 0x57, 0x61, 0x0b,
    0x0b, 0x81, 0x83, 0x61, 0x2d, 0xbe, 0x56, 0x5b, 0x83, 0x61, 0x10, 0xad, 0x56, 0x5b, 0x61, 0x13,
    0x96, 0x91, 0x50, 0x60, 0x20, 0x3d, 0x60, 0x20, 0x11, 0x61, 0x09, 0xb5, 0x57, 0x61, 0x09, 0xa7,
    0x81, 0x83, 0x61, 0x2d, 0xbe, 0x56, 0x5b, 0x83, 0x61, 0x10, 0x71, 0x56, 0x5b, 0x34, 0x61, 0x01,
    0x70, 0x57, 0x60, 0x20, 0x36, 0x60, 0x03, 0x19, 0x01, 0x12, 0x61, 0x01, 0x70, 0x57, 0x60, 0x04,
    0x35, 0x60, 0x01, 0x60, 0x01, 0x60, 0x40, 0x1b, 0x03, 0x81, 0x16, 0x80, 0x82, 0x03, 0x61, 0x01,
    0x70, 0x57, 0x61, 0x13, 0xc9, 0x61, 0x30, 0xfa, 0x56, 0x5b, 0x50, 0x60, 0x01, 0x54, 0x90, 0x81,
    0x81, 0x10, 0x15, 0x61, 0x14, 0xa9, 0x57, 0x61, 0x14, 0xa5, 0x61, 0x13, 0xe2, 0x84, 0x61, 0x2e,
    0xfb, 0x56, 0x5b, 0x60, 0x01, 0x80, 0x60, 0xa0, 0x1b, 0x03, 0x91, 0x54, 0x90, 0x60, 0x03, 0x1b,
    0x1c, 0x16, 0x80, 0x5f, 0x52, 0x5f, 0x60, 0x20, 0x52, 0x60, 0x07, 0x61, 0x14, 0x8c, 0x60, 0x40,
    0x5f, 0x20, 0x60, 0x03, 0x81, 0x01, 0x54, 0x60, 0x01, 0x60, 0x01, 0x60, 0x40, 0x1b, 0x03, 0x60,
    0x0a, 0x83, 0x01, 0x54, 0x60, 0xa0, 0x1c, 0x16, 0x90, 0x60, 0x40, 0x51, 0x95, 0x61, 0x14, 0x25,
    0x87, 0x61, 0x2d, 0xa3, 0x56, 0x5b, 0x86, 0x52, 0x60, 0x40, 0x51, 0x61, 0x14, 0x3b, 0x81, 0x61,
    0x0c, 0x97, 0x81, 0x60, 0x04, 0x88, 0x01, 0x61, 0x2e, 0x17, 0x56, 0x5b, 0x60, 0x20, 0x87, 0x01,
    0x52, 0x60, 0x40, 0x51, 0x61, 0x14, 0x54, 0x81, 0x61, 0x0c, 0x97, 0x81, 0x60, 0x05, 0x88, 0x01,
    0x61, 0x2e, 0x17, 0x56, 0x5b, 0x60, 0x40, 0x87, 0x01, 0x52, 0x60, 0x60, 0x86, 0x01, 0x52, 0x60,
    0x80, 0x85, 0x01, 0x52, 0x60, 0x40, 0x51, 0x61, 0x14, 0x77, 0x81, 0x61, 0x0c, 0x97, 0x81, 0x60,
    0x06, 0x86, 0x01, 0x61, 0x2e, 0x17, 0x56, 0x5b, 0x60, 0xa0, 0x85, 0x01, 0x52, 0x61, 0x0c, 0x97,
    0x60, 0x40, 0x51, 0x80, 0x94, 0x81, 0x93, 0x01, 0x61, 0x2e, 0x17, 0x56, 0x5b, 0x60, 0xc0, 0x82,
    0x01, 0x52, 0x60, 0x40, 0x51, 0x91, 0x82, 0x91, 0x60, 0x20, 0x83, 0x52, 0x60, 0x20, 0x83, 0x01,
    0x90, 0x61, 0x2c, 0x75, 0x56, 0x5b, 0x03, 0x90, 0xf3, 0x5b, 0x60, 0x01, 0x60, 0x01, 0x60, 0x40,
    0x1b, 0x03, 0x92, 0x50, 0x63, 0x30, 0x5b, 0x6d, 0x31, 0x60, 0xe1, 0x1b, 0x5f, 0x52, 0x60, 0x04,
    0x52, 0x16, 0x60, 0x24, 0x52, 0x60, 0x44, 0x5f, 0xfd, 0x5b, 0x34, 0x61, 0x01, 0x70, 0x57, 0x5f,
    0x36, 0x60, 0x03, 0x19, 0x01, 0x12, 0x61, 0x01, 0x70, 0x57, 0x60, 0x40, 0x51, 0x63, 0x0e, 0xcc,
    0xe3, 0x01, 0x60, 0xe3, 0x1b, 0x81, 0x52, 0x60, 0x20, 0x81, 0x60, 0x04, 0x81, 0x64, 0x01, 0x62,
    0x5f, 0x20, 0x03, 0x5a, 0xfa, 0x80, 0x15, 0x61, 0x09, 0x40, 0x57, 0x5f, 0x90, 0x61, 0x15, 0x15,
    0x57, 0x5b, 0x60, 0x20, 0x90, 0x60, 0x01, 0x60, 0x01, 0x60, 0x40, 0x1b, 0x03, 0x60, 0x40, 0x51,
    0x91, 0x16, 0x81, 0x52, 0xf3, 0x5b, 0x50, 0x60, 0x20, 0x81, 0x3d, 0x60, 0x20, 0x11, 0x61, 0x15,
    0x47, 0x57, 0x5b, 0x81, 0x61, 0x15, 0x2f, 0x60, 0x20, 0x93, 0x83, 0x61, 0x2d, 0xbe, 0x56, 0x5b,
    0x81, 0x01, 0x03, 0x12, 0x61, 0x01, 0x70, 0x57, 0x61, 0x15, 0x42, 0x60, 0x20, 0x91, 0x61, 0x32,
    0xb2, 0x56, 0x5b, 0x61, 0x15, 0x01, 0x56, 0x5b, 0x3d, 0x91, 0x50, 0x61, 0x15, 0x22, 0x56, 0x5b,
    0x34, 0x61, 0x01, 0x70, 0x57, 0x5f, 0x36, 0x60, 0x03, 0x19, 0x01, 0x12, 0x61, 0x01, 0x70, 0x57,
    0x61, 0x0f, 0xb5, 0x61, 0x32, 0xd4, 0x56, 0x5b, 0x34, 0x61, 0x01, 0x70, 0x57, 0x60, 0x20, 0x36,
    0x60, 0x03, 0x19, 0x01, 0x12, 0x61, 0x01, 0x70, 0x57, 0x60, 0x01, 0x60, 0x01, 0x60, 0xa0, 0x1b,
    0x03, 0x61, 0x15, 0x88, 0x61, 0x2c, 0x2e, 0x56, 0x5b, 0x16, 0x5f, 0x81, 0x81, 0x52, 0x60, 0x20,
    0x81, 0x90, 0x52, 0x60, 0x40, 0x90, 0x20, 0x54, 0x60, 0x01, 0x60, 0x01, 0x60, 0xa0, 0x1b, 0x03,
    0x16, 0x15, 0x61, 0x0f, 0xf5, 0x57, 0x5f, 0x52, 0x5f, 0x60, 0x20, 0x52, 0x60, 0x20, 0x60, 0xff,
    0x60, 0x02, 0x60, 0x40, 0x5f, 0x20, 0x01, 0x54, 0x16, 0x61, 0x15, 0xc5, 0x60, 0x40, 0x51, 0x80,
    0x92, 0x61, 0x2c, 0x68, 0x56, 0x5b, 0xf3, 0x5b, 0x34, 0x61, 0x01, 0x70, 0x57, 0x5f, 0x36, 0x60,
    0x03, 0x19, 0x01, 0x12, 0x61, 0x01, 0x70, 0x57, 0x60, 0x03, 0x54, 0x61, 0x15, 0xe3, 0x81, 0x61,
    0x31, 0x30, 0x56, 0x5b, 0x90, 0x5f, 0x5b, 0x81, 0x81, 0x10, 0x61, 0x15, 0xfb, 0x57, 0x60, 0x40,
    0x51, 0x80, 0x61, 0x14, 0xa5, 0x85, 0x82, 0x61, 0x2c, 0xfb, 0x56, 0x5b, 0x80, 0x61, 0x16, 0x07,
    0x60, 0x01, 0x92, 0x61, 0x2f, 0x13, 0x56, 0x5b, 0x83, 0x80, 0x60, 0xa0, 0x1b, 0x03, 0x91, 0x54,
    0x90, 0x60, 0x03, 0x1b, 0x1c, 0x16, 0x80, 0x5f, 0x52, 0x5f, 0x60, 0x20, 0x52, 0x60, 0x07, 0x61,
    0x16, 0x49, 0x60, 0x40, 0x5f, 0x20, 0x60, 0x03, 0x81, 0x01, 0x54, 0x60, 0x01, 0x60, 0x01, 0x60,
    0x40, 0x1b, 0x03, 0x60, 0x0a, 0x83, 0x01, 0x54, 0x60, 0xa0, 0x1c, 0x16, 0x90, 0x60, 0x40, 0x51,
    0x95, 0x61, 0x14, 0x25, 0x87, 0x61, 0x2d, 0xa3, 0x56, 0x5b, 0x60, 0xc0, 0x82, 0x01, 0x52, 0x61,
    0x16, 0x58, 0x82, 0x86, 0x61, 0x31, 0x7f, 0x56, 0x5b, 0x52, 0x61, 0x16, 0x63, 0x81, 0x85, 0x61,
    0x31, 0x7f, 0x56, 0x5b, 0x50, 0x01, 0x61, 0x15, 0xe6, 0x56, 0x5b, 0x34, 0x61, 0x01, 0x70, 0x57,
    0x5f, 0x36, 0x60, 0x03, 0x19, 0x01, 0x12, 0x61, 0x01, 0x70, 0x57, 0x60, 0x01, 0x54, 0x61, 0x16,
    0x86, 0x81, 0x61, 0x31, 0x30, 0x56, 0x5b, 0x90, 0x5f, 0x5b, 0x81, 0x81, 0x10, 0x61, 0x16, 0x9e,
    0x57, 0x60, 0x40, 0x51, 0x80, 0x61, 0x14, 0xa5, 0x85, 0x82, 0x61, 0x2c, 0xfb, 0x56, 0x5b, 0x80,
    0x61, 0x16, 0xaa, 0x60, 0x01, 0x92, 0x61, 0x2e, 0xfb, 0x56, 0x5b, 0x83, 0x80, 0x60, 0xa0, 0x1b,
    0x03, 0x91, 0x54, 0x90, 0x60, 0x03, 0x1b, 0x1c, 0x16, 0x80, 0x5f, 0x52, 0x5f, 0x60, 0x20, 0x52,
    0x60, 0x07, 0x61, 0x16, 0xec, 0x60, 0x40, 0x5f, 0x20, 0x60, 0x03, 0x81, 0x01, 0x54, 0x60, 0x01,
    0x60, 0x01, 0x60, 0x40, 0x1b, 0x03, 0x60, 0x0a, 0x83, 0x01, 0x54, 0x60, 0xa0, 0x1c, 0x16, 0x90,
    0x60, 0x40, 0x51, 0x95, 0x61, 0x14, 0x25, 0x87, 0x61, 0x2d, 0xa3, 0x56, 0x5b, 0x60, 0xc0, 0x82,
    0x01, 0x52, 0x61, 0x16, 0xfb, 0x82, 0x86, 0x61, 0x31, 0x7f, 0x56, 0x5b, 0x52, 0x61, 0x17, 0x06,
    0x81, 0x85, 0x61, 0x31, 0x7f, 0x56, 0x5b, 0x50, 0x01, 0x61, 0x16, 0x89, 0x56, 0x5b, 0x34, 0x61,
    0x01, 0x70, 0x57, 0x5f, 0x36, 0x60, 0x03, 0x19, 0x01, 0x12, 0x61, 0x01, 0x70, 0x57, 0x61, 0x14,
    0xa5, 0x61, 0x17, 0x28, 0x61, 0x3a, 0xab, 0x56, 0x5b, 0x51, 0x60, 0x40, 0x51, 0x91, 0x82, 0x91,
    0x82, 0x61, 0x2c, 0xfb, 0x56, 0x5b, 0x34, 0x61, 0x01, 0x70, 0x57, 0x5f, 0x36, 0x60, 0x03, 0x19,
    0x01, 0x12, 0x61, 0x01, 0x70, 0x57, 0x61, 0x17, 0x4d, 0x61, 0x37, 0xfb, 0x56, 0x5b, 0x61, 0x17,
    0x55, 0x61, 0x3a, 0xab, 0x56, 0x5b, 0x60, 0x20, 0x81, 0x01, 0x51, 0x60, 0x40, 0x82, 0x01, 0x51,
    0x90, 0x5f, 0x5b, 0x82, 0x81, 0x10, 0x61, 0x1c, 0xe3, 0x57, 0x83, 0x60, 0x03, 0x54, 0x5f, 0x60,
    0x03, 0x55, 0x80, 0x61, 0x1c, 0xab, 0x57, 0x5b, 0x50, 0x60, 0x60, 0x81, 0x01, 0x90, 0x81, 0x51,
    0x90, 0x60, 0x80, 0x81, 0x01, 0x91, 0x82, 0x51, 0x90, 0x5f, 0x5b, 0x82, 0x81, 0x10, 0x61, 0x1c,
    0x76, 0x57, 0x50, 0x50, 0x50, 0x60, 0xa0, 0x81, 0x01, 0x51, 0x60, 0xc0, 0x82, 0x01, 0x51, 0x90,
    0x5f, 0x5b, 0x82, 0x81, 0x10, 0x61, 0x1c, 0x0e, 0x57, 0x50, 0x50, 0x50, 0x60, 0xe0, 0x81, 0x01,
    0x51, 0x61, 0x01, 0x00, 0x82, 0x01, 0x51, 0x90, 0x60, 0x02, 0x54, 0x5f, 0x60, 0x02, 0x55, 0x80,
    0x61, 0x1b, 0xd6, 0x57, 0x5b, 0x50, 0x5f, 0x5b, 0x82, 0x81, 0x10, 0x61, 0x1b, 0xb1, 0x57, 0x50,
    0x50, 0x50, 0x51, 0x60, 0x01, 0x54, 0x5f, 0x60, 0x01, 0x55, 0x80, 0x61, 0x1b, 0x79, 0x57, 0x5b,
    0x50, 0x5f, 0x5b, 0x81, 0x51, 0x81, 0x10, 0x15, 0x61, 0x18, 0x7a, 0x57, 0x60, 0x01, 0x90, 0x60,
    0x01, 0x60, 0x01, 0x60, 0xa0, 0x1b, 0x03, 0x61, 0x18, 0x00, 0x82, 0x85, 0x61, 0x31, 0x7f, 0x56,
    0x5b, 0x51, 0x51, 0x16, 0x61, 0x18, 0x0c, 0x81, 0x61, 0x2f, 0x40, 0x56, 0x5b, 0x5f, 0x52, 0x5f,
    0x60, 0x20, 0x52, 0x60, 0x40, 0x5f, 0x20, 0x61, 0x18, 0x60, 0x60, 0x01, 0x60, 0x01, 0x60, 0x40,
    0x1b, 0x03, 0x60, 0x80, 0x61, 0x18, 0x2d, 0x85, 0x88, 0x61, 0x31, 0x7f, 0x56, 0x5b, 0x51, 0x01,
    0x51, 0x60, 0x0a, 0x84, 0x01, 0x80, 0x54, 0x67, 0xff, 0xff, 0xff, 0xff, 0xff, 0xff, 0xff, 0xff,
    0x60, 0xa0, 0x1b, 0x19, 0x16, 0x92, 0x90, 0x91, 0x16, 0x60, 0xa0, 0x1b, 0x67, 0xff, 0xff, 0xff,
    0xff, 0xff, 0xff, 0xff, 0xff, 0x60, 0xa0, 0x1b, 0x16, 0x91, 0x90, 0x91, 0x17, 0x90, 0x55, 0x56,
    0x5b, 0x60, 0x03, 0x60, 0x60, 0x61, 0x18, 0x6e, 0x84, 0x87, 0x61, 0x31, 0x7f, 0x56, 0x5b, 0x51,
    0x01, 0x51, 0x91, 0x01, 0x55, 0x01, 0x61, 0x17, 0xe2, 0x56, 0x5b, 0x50, 0x50, 0x5f, 0x5b, 0x81,
    0x51, 0x81, 0x10, 0x15, 0x61, 0x19, 0x0e, 0x57, 0x60, 0x01, 0x90, 0x81, 0x80, 0x60, 0xa0, 0x1b,
    0x03, 0x61, 0x18, 0x9b, 0x82, 0x86, 0x51, 0x61, 0x31, 0x7f, 0x56, 0x5b, 0x51, 0x16, 0x80, 0x5f,
    0x52, 0x5f, 0x60, 0x20, 0x52, 0x7f, 0xd1, 0xe3, 0xb2, 0x7b, 0xbd, 0xe3, 0x1c, 0x3e, 0x8d, 0x28,
    0x7c, 0x23, 0x82, 0xf1, 0x4d, 0x8d, 0xde, 0x15, 0x46, 0xd7, 0xd8, 0x4d, 0x2a, 0xaa, 0x0a, 0xd2,
    0x22, 0x54, 0xe2, 0xef, 0x89, 0x93, 0x60, 0x40, 0x5f, 0x20, 0x60, 0x03, 0x60, 0x01, 0x60, 0x01,
    0x60, 0x40, 0x1b, 0x03, 0x60, 0x0a, 0x83, 0x01, 0x54, 0x60, 0xa0, 0x1c, 0x16, 0x91, 0x01, 0x54,
    0x90, 0x61, 0x19, 0x05, 0x60, 0x40, 0x51, 0x92, 0x83, 0x92, 0x83, 0x60, 0x20, 0x90, 0x93, 0x92,
    0x91, 0x93, 0x60, 0x01, 0x60, 0x01, 0x60, 0x40, 0x1b, 0x03, 0x60, 0x40, 0x82, 0x01, 0x95, 0x16,
    0x81, 0x52, 0x01, 0x52, 0x56, 0x5b, 0x03, 0x90, 0xa2, 0x01, 0x61, 0x18, 0x7e, 0x56, 0x5b, 0x60,
    0x01, 0x54, 0x5f, 0x5b, 0x81, 0x81, 0x10, 0x61, 0x1b, 0x0a, 0x57, 0x60, 0x01, 0x54, 0x5f, 0x5b,
    0x81, 0x81, 0x10, 0x61, 0x1a, 0x62, 0x57, 0x5f, 0x60, 0x01, 0x54, 0x5f, 0x90, 0x5b, 0x80, 0x82,
    0x10, 0x61, 0x1a, 0x1c, 0x57, 0x82, 0x80, 0x60, 0x04, 0x55, 0x60, 0x40, 0x51, 0x63, 0x0e, 0xcc,
    0xe3, 0x01, 0x60, 0xe3, 0x1b, 0x81, 0x52, 0x60, 0x20, 0x81, 0x60, 0x04, 0x81, 0x64, 0x01, 0x62,
    0x5f, 0x20, 0x03, 0x5a, 0xfa, 0x90, 0x81, 0x15, 0x61, 0x09, 0x40, 0x57, 0x5f, 0x91, 0x61, 0x19,
    0xd7, 0x57, 0x5b, 0x50, 0x60, 0x01, 0x60, 0x01, 0x60, 0x40, 0x1b, 0x03, 0x60, 0x01, 0x91, 0x16,
    0x01, 0x90, 0x60, 0x01, 0x60, 0x01, 0x60, 0x40, 0x1b, 0x03, 0x82, 0x11, 0x61, 0x19, 0xc3, 0x57,
    0x7f, 0x42, 0x8b, 0xb2, 0xc6, 0xef, 0x32, 0xad, 0x56, 0xff, 0xa5, 0xff, 0x43, 0x64, 0x61, 0xbc,
    0x47, 0xa5, 0xab, 0xb8, 0x88, 0x0e, 0xf7, 0xc0, 0x6a, 0xaf, 0x80, 0x5f, 0xdd, 0xf2, 0xf8, 0xb2,
    0x45, 0x91, 0x60, 0x60, 0x91, 0x60, 0x01, 0x54, 0x60, 0x01, 0x60, 0x01, 0x60, 0x40, 0x1b, 0x03,
    0x60, 0x40, 0x51, 0x93, 0x16, 0x83, 0x52, 0x60, 0x20, 0x83, 0x01, 0x52, 0x60, 0x40, 0x82, 0x01,
    0x52, 0xa1, 0x00, 0x5b, 0x63, 0x4e, 0x48, 0x7b, 0x71, 0x60, 0xe0, 0x1b, 0x5f, 0x52, 0x60, 0x11,
    0x60, 0x04, 0x52, 0x60, 0x24, 0x5f, 0xfd, 0x5b, 0x90, 0x50, 0x60, 0x20, 0x81, 0x3d, 0x60, 0x20,
    0x11, 0x61, 0x1a, 0x14, 0x57, 0x5b, 0x81, 0x61, 0x19, 0xf2, 0x60, 0x20, 0x93, 0x83, 0x61, 0x2d,
    0xbe, 0x56, 0x5b, 0x81, 0x01, 0x03, 0x12, 0x61, 0x01, 0x70, 0x57, 0x60, 0x01, 0x60, 0x01, 0x60,
    0x40, 0x1b, 0x03, 0x61, 0x1a, 0x0d, 0x60, 0x01, 0x92, 0x61, 0x32, 0xb2, 0x56, 0x5b, 0x91, 0x50,
    0x61, 0x19, 0x62, 0x56, 0x5b, 0x3d, 0x91, 0x50, 0x61, 0x19, 0xe5, 0x56, 0x5b, 0x90, 0x91, 0x61,
    0x1a, 0x5a, 0x60, 0x01, 0x91, 0x61, 0x1a, 0x2d, 0x85, 0x61, 0x2e, 0xfb, 0x56, 0x5b, 0x84, 0x80,
    0x60, 0xa0, 0x1b, 0x03, 0x91, 0x54, 0x90, 0x60, 0x03, 0x1b, 0x1c, 0x16, 0x90, 0x61, 0x1a, 0x45,
    0x82, 0x61, 0x38, 0xd8, 0x56, 0x5b, 0x91, 0x5f, 0x52, 0x5f, 0x60, 0x20, 0x52, 0x81, 0x60, 0x03,
    0x60, 0x40, 0x5f, 0x20, 0x01, 0x55, 0x61, 0x31, 0x93, 0x56, 0x5b, 0x92, 0x01, 0x90, 0x61, 0x19,
    0x2d, 0x56, 0x5b, 0x80, 0x61, 0x1a, 0x6e, 0x60, 0x01, 0x92, 0x61, 0x2e, 0xfb, 0x56, 0x5b, 0x83,
    0x80, 0x60, 0xa0, 0x1b, 0x03, 0x91, 0x54, 0x90, 0x60, 0x03, 0x1b, 0x1c, 0x16, 0x80, 0x5f, 0x52,
    0x5f, 0x60, 0x20, 0x52, 0x60, 0x40, 0x5f, 0x20, 0x60, 0x09, 0x81, 0x01, 0x90, 0x84, 0x80, 0x60,
    0xa0, 0x1b, 0x03, 0x82, 0x54, 0x16, 0x80, 0x61, 0x1a, 0xa5, 0x57, 0x5b, 0x50, 0x50, 0x50, 0x50,
    0x01, 0x61, 0x19, 0x1f, 0x56, 0x5b, 0x60, 0x08, 0x91, 0x90, 0x91, 0x01, 0x80, 0x54, 0x60, 0x01,
    0x60, 0x01, 0x60, 0xa0, 0x1b, 0x03, 0x19, 0x80, 0x82, 0x16, 0x60, 0xa0, 0x89, 0x90, 0x1b, 0x89,
    0x90, 0x03, 0x94, 0x85, 0x16, 0x17, 0x83, 0x55, 0x84, 0x54, 0x16, 0x90, 0x93, 0x55, 0x54, 0x60,
    0x40, 0x80, 0x51, 0x93, 0x83, 0x16, 0x84, 0x52, 0x91, 0x16, 0x60, 0x20, 0x83, 0x01, 0x52, 0x7f,
    0xfc, 0x70, 0xa0, 0x93, 0xe7, 0x6b, 0x16, 0x2c, 0x45, 0x4c, 0x26, 0xbc, 0xec, 0x5b, 0x39, 0x77,
    0x35, 0x38, 0xa4, 0x0f, 0xe4, 0xc9, 0x63, 0x83, 0xaa, 0x7d, 0x11, 0x2e, 0xa3, 0x96, 0xb6, 0xa3,
    0x91, 0xa2, 0x83, 0x80, 0x80, 0x80, 0x61, 0x1a, 0x9b, 0x56, 0x5b, 0x61, 0x1b, 0x13, 0x81, 0x61,
    0x2e, 0xfb, 0x56, 0x5b, 0x90, 0x54, 0x60, 0x03, 0x91, 0x90, 0x91, 0x1b, 0x1c, 0x60, 0x01, 0x60,
    0x01, 0x60, 0xa0, 0x1b, 0x03, 0x16, 0x90, 0x64, 0x01, 0x62, 0x5f, 0x20, 0x00, 0x3b, 0x15, 0x61,
    0x01, 0x70, 0x57, 0x60, 0x40, 0x51, 0x91, 0x63, 0x78, 0x12, 0x32, 0xe5, 0x60, 0xe1, 0x1b, 0x83,
    0x52, 0x60, 0x04, 0x83, 0x01, 0x52, 0x5f, 0x82, 0x60, 0x24, 0x81, 0x83, 0x64, 0x01, 0x62, 0x5f,
    0x20, 0x00, 0x5a, 0xf1, 0x91, 0x82, 0x15, 0x61, 0x09, 0x40, 0x57, 0x60, 0x01, 0x92, 0x61, 0x1b,
    0x69, 0x57, 0x5b, 0x50, 0x01, 0x61, 0x19, 0x13, 0x56, 0x5b, 0x5f, 0x61, 0x1b, 0x73, 0x91, 0x61,
    0x2d, 0xbe, 0x56, 0x5b, 0x83, 0x61, 0x1b, 0x62, 0x56, 0x5b, 0x60, 0x01, 0x5f, 0x52, 0x61, 0x1b,
    0xab, 0x90, 0x7f, 0xb1, 0x0e, 0x2d, 0x52, 0x76, 0x12, 0x07, 0x3b, 0x26, 0xee, 0xcd, 0xfd, 0x71,
    0x7e, 0x6a, 0x32, 0x0c, 0xf4, 0x4b, 0x4a, 0xfa, 0xc2, 0xb0, 0x73, 0x2d, 0x9f, 0xcb, 0xe2, 0xb7,
    0xfa, 0x0c, 0xf6, 0x90, 0x81, 0x01, 0x90, 0x61, 0x37, 0xa2, 0x56, 0x5b, 0x83, 0x61, 0x17, 0xdf,
    0x56, 0x5b, 0x60, 0x01, 0x90, 0x61, 0x1b, 0xd0, 0x60, 0x01, 0x60, 0x01, 0x60, 0xa0, 0x1b, 0x03,
    0x61, 0x1b, 0xc9, 0x83, 0x86, 0x61, 0x31, 0x7f, 0x56, 0x5b, 0x51, 0x16, 0x61, 0x2f, 0x8b, 0x56,
    0x5b, 0x01, 0x61, 0x17, 0xc7, 0x56, 0x5b, 0x60, 0x02, 0x5f, 0x52, 0x61, 0x1c, 0x08, 0x90, 0x7f,
    0x40, 0x57, 0x87, 0xfa, 0x12, 0xa8, 0x23, 0xe0, 0xf2, 0xb7, 0x63, 0x1c, 0xc4, 0x1b, 0x3b, 0xa8,
    0x82, 0x8b, 0x33, 0x21, 0xca, 0x81, 0x11, 0x11, 0xfa, 0x75, 0xcd, 0x3a, 0xa3, 0xbb, 0x5a, 0xce,
    0x90, 0x81, 0x01, 0x90, 0x61, 0x37, 0xa2, 0x56, 0x5b, 0x85, 0x61, 0x17, 0xc4, 0x56, 0x5b, 0x60,
    0x01, 0x90, 0x60, 0x01, 0x60, 0x01, 0x60, 0xa0, 0x1b, 0x03, 0x61, 0x1c, 0x23, 0x82, 0x85, 0x61,
    0x31, 0x7f, 0x56, 0x5b, 0x51, 0x16, 0x5f, 0x52, 0x5f, 0x60, 0x20, 0x52, 0x60, 0x02, 0x60, 0x40,
    0x5f, 0x20, 0x01, 0x60, 0xff, 0x19, 0x81, 0x54, 0x16, 0x90, 0x55, 0x81, 0x80, 0x60, 0xa0, 0x1b,
    0x03, 0x61, 0x1c, 0x4a, 0x82, 0x85, 0x61, 0x31, 0x7f, 0x56, 0x5b, 0x51, 0x16, 0x7f, 0xc8, 0x8b,
    0x1e, 0xd5, 0xbc, 0x7d, 0xd5, 0xce, 0xe3, 0x81, 0xf4, 0x65, 0x4b, 0xfa, 0x86, 0x54, 0x2a, 0x27,
    0xdb, 0xbc, 0xc1, 0x68, 0x4c, 0xba, 0xac, 0x87, 0xf8, 0xd1, 0xd3, 0xb1, 0xc2, 0xc2, 0x5f, 0x80,
    0xa2, 0x01, 0x61, 0x17, 0xa1, 0x56, 0x5b, 0x60, 0x01, 0x90, 0x60, 0x01, 0x60, 0x01, 0x60, 0xa0,
    0x1b, 0x03, 0x61, 0x1c, 0x8b, 0x82, 0x85, 0x61, 0x31, 0x7f, 0x56, 0x5b, 0x51, 0x16, 0x5f, 0x52,
    0x5f, 0x60, 0x20, 0x52, 0x60, 0x02, 0x60, 0x40, 0x5f, 0x20, 0x01, 0x60, 0x02, 0x60, 0xff, 0x19,
    0x82, 0x54, 0x16, 0x17, 0x90, 0x55, 0x01, 0x61, 0x17, 0x8a, 0x56, 0x5b, 0x60, 0x03, 0x5f, 0x52,
    0x61, 0x1c, 0xdd, 0x90, 0x7f, 0xc2, 0x57, 0x5a, 0x0e, 0x9e, 0x59, 0x3c, 0x00, 0xf9, 0x59, 0xf8,
    0xc9, 0x2f, 0x12, 0xdb, 0x28, 0x69, 0xc3, 0x39, 0x5a, 0x3b, 0x05, 0x02, 0xd0, 0x5e, 0x25, 0x16,
    0x44, 0x6f, 0x71, 0xf8, 0x5b, 0x90, 0x81, 0x01, 0x90, 0x61, 0x37, 0xa2, 0x56, 0x5b, 0x81, 0x61,
    0x17, 0x77, 0x56, 0x5b, 0x60, 0x01, 0x90, 0x60, 0x01, 0x60, 0x01, 0x60, 0xa0, 0x1b, 0x03, 0x61,
    0x1c, 0xf8, 0x82, 0x85, 0x61, 0x31, 0x7f, 0x56, 0x5b, 0x51, 0x16, 0x5f, 0x81, 0x81, 0x52, 0x60,
    0x20, 0x81, 0x90, 0x52, 0x60, 0x40, 0x81, 0x20, 0x60, 0x02, 0x81, 0x01, 0x80, 0x54, 0x60, 0xff,
    0x19, 0x16, 0x90, 0x55, 0x60, 0x0a, 0x01, 0x80, 0x54, 0x67, 0xff, 0xff, 0xff, 0xff, 0xff, 0xff,
    0xff, 0xff, 0x60, 0xa0, 0x1b, 0x19, 0x16, 0x67, 0xff, 0xff, 0xff, 0xff, 0xff, 0xff, 0xff, 0xff,
    0x60, 0xa0, 0x1b, 0x17, 0x90, 0x55, 0x7f, 0x23, 0xd9, 0x34, 0xbf, 0xe7, 0xf1, 0x27, 0x5b, 0xc6,
    0xfd, 0x70, 0x43, 0x21, 0x59, 0xc9, 0xcc, 0x1c, 0x00, 0x75, 0xd0, 0x69, 0xf8, 0x9d, 0xa6, 0xa4,
    0x0f, 0x43, 0xbf, 0xe7, 0xa9, 0x4e, 0xd3, 0x90, 0x80, 0xa2, 0x01, 0x61, 0x17, 0x62, 0x56, 0x5b,
    0x34, 0x61, 0x01, 0x70, 0x57, 0x5f, 0x36, 0x60, 0x03, 0x19, 0x01, 0x12, 0x61, 0x01, 0x70, 0x57,
    0x60, 0x20, 0x60, 0x40, 0x51, 0x60, 0x30, 0x81, 0x52, 0xf3, 0x5b, 0x34, 0x61, 0x01, 0x70, 0x57,
    0x5f, 0x36, 0x60, 0x03, 0x19, 0x01, 0x12, 0x61, 0x01, 0x70, 0x57, 0x61, 0x14, 0xa5, 0x61, 0x1d,
    0x95, 0x61, 0x31, 0xa0, 0x56, 0x5b, 0x60, 0x40, 0x51, 0x91, 0x82, 0x91, 0x82, 0x61, 0x2c, 0xfb,
    0x56, 0x5b, 0x34, 0x61, 0x01, 0x70, 0x57, 0x5f, 0x36, 0x60, 0x03, 0x19, 0x01, 0x12, 0x61, 0x01,
    0x70, 0x57, 0x60, 0x20, 0x60, 0x04, 0x54, 0x60, 0x40, 0x51, 0x90, 0x81, 0x52, 0xf3, 0x5b, 0x34,
    0x61, 0x01, 0x70, 0x57, 0x60, 0x20, 0x36, 0x60, 0x03, 0x19, 0x01, 0x12, 0x61, 0x01, 0x70, 0x57,
    0x60, 0x01, 0x60, 0x01, 0x60, 0x40, 0x1b, 0x03, 0x60, 0x04, 0x35, 0x11, 0x61, 0x01, 0x70, 0x57,
    0x36, 0x60, 0x23, 0x60, 0x04, 0x35, 0x01, 0x12, 0x15, 0x61, 0x01, 0x70, 0x57, 0x60, 0x01, 0x60,
    0x01, 0x60, 0x40, 0x1b, 0x03, 0x60, 0x04, 0x35, 0x60, 0x04, 0x01, 0x35, 0x11, 0x61, 0x01, 0x70,
    0x57, 0x36, 0x60, 0x24, 0x60, 0x04, 0x35, 0x60, 0x04, 0x01, 0x35, 0x60, 0x05, 0x1b, 0x60, 0x04,
    0x35, 0x01, 0x01, 0x11, 0x61, 0x01, 0x70, 0x57, 0x64, 0x01, 0x62, 0x5f, 0x00, 0x01, 0x33, 0x03,
    0x61, 0x25, 0xe0, 0x57, 0x60, 0xff, 0x60, 0x05, 0x54, 0x16, 0x61, 0x25, 0xd2, 0x57, 0x5f, 0x5f,
    0x5b, 0x60, 0x04, 0x35, 0x60, 0x04, 0x01, 0x35, 0x81, 0x10, 0x15, 0x61, 0x25, 0x89, 0x57, 0x60,
    0x24, 0x81, 0x60, 0x05, 0x1b, 0x60, 0x04, 0x35, 0x01, 0x01, 0x35, 0x61, 0x01, 0x22, 0x19, 0x60,
    0x04, 0x35, 0x36, 0x03, 0x01, 0x81, 0x12, 0x15, 0x61, 0x01, 0x70, 0x57, 0x60, 0x1f, 0x61, 0x1e,
    0x72, 0x60, 0x04, 0x35, 0x83, 0x01, 0x60, 0x44, 0x81, 0x01, 0x90, 0x60, 0x24, 0x01, 0x61, 0x3a,
    0x33, 0x56, 0x5b, 0x90, 0x50, 0x11, 0x61, 0x25, 0x5b, 0x57, 0x60, 0x64, 0x81, 0x60, 0x04, 0x35,
    0x01, 0x01, 0x60, 0x30, 0x61, 0x1e, 0x94, 0x82, 0x60, 0x24, 0x85, 0x60, 0x04, 0x35, 0x01, 0x01,
    0x61, 0x3a, 0x33, 0x56, 0x5b, 0x90, 0x50, 0x03, 0x61, 0x25, 0x32, 0x57, 0x61, 0x1e, 0xb0, 0x60,
    0x04, 0x35, 0x83, 0x01, 0x60, 0x84, 0x81, 0x01, 0x90, 0x60, 0x24, 0x01, 0x61, 0x3a, 0x33, 0x56,
    0x5b, 0x90, 0x50, 0x15, 0x61, 0x25, 0x23, 0x57, 0x60, 0x01, 0x60, 0x01, 0x60, 0xa0, 0x1b, 0x03,
    0x61, 0x1e, 0xcf, 0x60, 0x04, 0x35, 0x84, 0x01, 0x60, 0x24, 0x01, 0x61, 0x3a, 0x65, 0x56, 0x5b,
    0x16, 0x5f, 0x90, 0x81, 0x52, 0x60, 0x20, 0x81, 0x90, 0x52, 0x60, 0x40, 0x90, 0x20, 0x90, 0x60,
    0x01, 0x60, 0x01, 0x60, 0xa0, 0x1b, 0x03, 0x61, 0x1e, 0xf6, 0x60, 0x04, 0x35, 0x85, 0x01, 0x60,
    0x24, 0x01, 0x61, 0x3a, 0x65, 0x56, 0x5b, 0x83, 0x54, 0x60, 0x01, 0x60, 0x01, 0x60, 0xa0, 0x1b,
    0x03, 0x19, 0x16, 0x91, 0x16, 0x17, 0x82, 0x55, 0x61, 0x1f, 0x1c, 0x60, 0x04, 0x35, 0x84, 0x01,
    0x60, 0x44, 0x81, 0x01, 0x90, 0x60, 0x24, 0x01, 0x61, 0x3a, 0x33, 0x56, 0x5b, 0x60, 0x01, 0x84,
    0x01, 0x91, 0x60, 0x01, 0x60, 0x01, 0x60, 0x40, 0x1b, 0x03, 0x82, 0x11, 0x61, 0x07, 0x81, 0x57,
    0x61, 0x1f, 0x3d, 0x82, 0x61, 0x05, 0x62, 0x85, 0x54, 0x61, 0x2d, 0xdf, 0x56, 0x5b, 0x5f, 0x90,
    0x60, 0x1f, 0x83, 0x11, 0x60, 0x01, 0x14, 0x61, 0x24, 0xbf, 0x57, 0x61, 0x1f, 0x6a, 0x92, 0x91,
    0x5f, 0x91, 0x83, 0x61, 0x23, 0xec, 0x57, 0x50, 0x50, 0x81, 0x60, 0x01, 0x1b, 0x91, 0x5f, 0x19,
    0x90, 0x60, 0x03, 0x1b, 0x1c, 0x19, 0x16, 0x17, 0x90, 0x56, 0x5b, 0x90, 0x55, 0x5b, 0x61, 0x1f,
    0x7d, 0x60, 0x24, 0x84, 0x60, 0x04, 0x35, 0x01, 0x01, 0x61, 0x3a, 0x65, 0x56, 0x5b, 0x60, 0x0a,
    0x83, 0x01, 0x80, 0x54, 0x60, 0x01, 0x60, 0x01, 0x60, 0xa0, 0x1b, 0x03, 0x19, 0x16, 0x60, 0x01,
    0x60, 0x01, 0x60, 0xa0, 0x1b, 0x03, 0x92, 0x90, 0x92, 0x16, 0x91, 0x90, 0x91, 0x17, 0x90, 0x55,
    0x60, 0x02, 0x80, 0x83, 0x01, 0x80, 0x54, 0x60, 0xff, 0x19, 0x16, 0x90, 0x91, 0x17, 0x90, 0x55,
    0x60, 0x04, 0x35, 0x83, 0x01, 0x61, 0x01, 0x04, 0x81, 0x01, 0x35, 0x60, 0x03, 0x84, 0x01, 0x55,
    0x61, 0x1f, 0xcd, 0x90, 0x82, 0x90, 0x60, 0x24, 0x01, 0x61, 0x3a, 0x33, 0x56, 0x5b, 0x60, 0x04,
    0x84, 0x01, 0x91, 0x60, 0x01, 0x60, 0x01, 0x60, 0x40, 0x1b, 0x03, 0x82, 0x11, 0x61, 0x07, 0x81,
    0x57, 0x61, 0x1f, 0xee, 0x82, 0x61, 0x05, 0x62, 0x85, 0x54, 0x61, 0x2d, 0xdf, 0x56, 0x5b, 0x5f,
    0x90, 0x60, 0x1f, 0x83, 0x11, 0x60, 0x01, 0x14, 0x61, 0x24, 0x5b, 0x57, 0x61, 0x20, 0x1b, 0x92,
    0x91, 0x5f, 0x91, 0x83, 0x61, 0x23, 0xec, 0x57, 0x50, 0x50, 0x81, 0x60, 0x01, 0x1b, 0x91, 0x5f,
    0x19, 0x90, 0x60, 0x03, 0x1b, 0x1c, 0x19, 0x16, 0x17, 0x90, 0x56, 0x5b, 0x90, 0x55, 0x5b, 0x61,
    0x20, 0x33, 0x60, 0x04, 0x35, 0x84, 0x01, 0x60, 0x84, 0x81, 0x01, 0x90, 0x60, 0x24, 0x01, 0x61,
    0x3a, 0x33, 0x56, 0x5b, 0x60, 0x05, 0x84, 0x01, 0x91, 0x60, 0x01, 0x60, 0x01, 0x60, 0x40, 0x1b,
    0x03, 0x82, 0x11, 0x61, 0x07, 0x81, 0x57, 0x61, 0x20, 0x54, 0x82, 0x61, 0x05, 0x62, 0x85, 0x54,
    0x61, 0x2d, 0xdf, 0x56, 0x5b, 0x5f, 0x90, 0x60, 0x1f, 0x83, 0x11, 0x60, 0x01, 0x14, 0x61, 0x23,
    0xf7, 0x57, 0x61, 0x20, 0x81, 0x92, 0x91, 0x5f, 0x91, 0x83, 0x61, 0x23, 0xec, 0x57, 0x50, 0x50,
    0x81, 0x60, 0x01, 0x1b, 0x91, 0x5f, 0x19, 0x90, 0x60, 0x03, 0x1b, 0x1c, 0x19, 0x16, 0x17, 0x90,
    0x56, 0x5b, 0x90, 0x55, 0x5b, 0x61, 0x20, 0xaf, 0x61, 0x20, 0xa8, 0x61, 0x20, 0x9a, 0x60, 0x24,
    0x86, 0x60, 0x04, 0x35, 0x01, 0x01, 0x61, 0x3a, 0x65, 0x56, 0x5b, 0x92, 0x60, 0x24, 0x86, 0x60,
    0x04, 0x35, 0x01, 0x01, 0x61, 0x3a, 0x33, 0x56, 0x5b, 0x36, 0x91, 0x61, 0x37, 0x4c, 0x56, 0x5b,
    0x60, 0x20, 0x81, 0x51, 0x91, 0x01, 0x20, 0x5f, 0x52, 0x60, 0x06, 0x60, 0x20, 0x52, 0x60, 0x40,
    0x5f, 0x20, 0x90, 0x60, 0x01, 0x80, 0x60, 0xa0, 0x1b, 0x03, 0x16, 0x60, 0x01, 0x60, 0x01, 0x60,
    0x60, 0x1b, 0x03, 0x60, 0xa0, 0x1b, 0x82, 0x54, 0x16, 0x17, 0x90, 0x55, 0x61, 0x20, 0xf3, 0x60,
    0xa4, 0x83, 0x60, 0x04, 0x35, 0x01, 0x01, 0x60, 0x24, 0x84, 0x60, 0x04, 0x35, 0x01, 0x01, 0x61,
    0x3a, 0x33, 0x56, 0x5b, 0x60, 0x06, 0x83, 0x01, 0x91, 0x60, 0x01, 0x60, 0x01, 0x60, 0x40, 0x1b,
    0x03, 0x82, 0x11, 0x61, 0x07, 0x81, 0x57, 0x61, 0x21, 0x14, 0x82, 0x61, 0x05, 0x62, 0x85, 0x54,
    0x61, 0x2d, 0xdf, 0x56, 0x5b, 0x5f, 0x90, 0x60, 0x1f, 0x83, 0x11, 0x60, 0x01, 0x14, 0x61, 0x23,
    0x88, 0x57, 0x61, 0x21, 0x41, 0x92, 0x91, 0x5f, 0x91, 0x83, 0x61, 0x06, 0xf0, 0x57, 0x50, 0x50,
    0x81, 0x60, 0x01, 0x1b, 0x91, 0x5f, 0x19, 0x90, 0x60, 0x03, 0x1b, 0x1c, 0x19, 0x16, 0x17, 0x90,
    0x56, 0x5b, 0x90, 0x55, 0x5b, 0x61, 0x21, 0x59, 0x60, 0x04, 0x35, 0x83, 0x01, 0x60, 0xc4, 0x81,
    0x01, 0x90, 0x60, 0x24, 0x01, 0x61, 0x3a, 0x33, 0x56, 0x5b, 0x90, 0x60, 0x01, 0x60, 0x01, 0x60,
    0x40, 0x1b, 0x03, 0x82, 0x11, 0x61, 0x07, 0x81, 0x57, 0x61, 0x21, 0x82, 0x82, 0x61, 0x21, 0x79,
    0x60, 0x07, 0x86, 0x01, 0x54, 0x61, 0x2d, 0xdf, 0x56, 0x5b, 0x60, 0x07, 0x86, 0x01, 0x61, 0x37,
    0xb8, 0x56, 0x5b, 0x5f, 0x90, 0x60, 0x1f, 0x83, 0x11, 0x60, 0x01, 0x14, 0x61, 0x23, 0x10, 0x57,
    0x60, 0x01, 0x95, 0x96, 0x93, 0x61, 0x21, 0xbf, 0x84, 0x61, 0x01, 0x04, 0x95, 0x61, 0x23, 0x09,
    0x98, 0x95, 0x61, 0x22, 0x21, 0x95, 0x5f, 0x92, 0x61, 0x07, 0x95, 0x57, 0x50, 0x50, 0x81, 0x60,
    0x01, 0x1b, 0x91, 0x5f, 0x19, 0x90, 0x60, 0x03, 0x1b, 0x1c, 0x19, 0x16, 0x17, 0x90, 0x56, 0x5b,
    0x60, 0x07, 0x82, 0x01, 0x55, 0x5b, 0x61, 0x21, 0xd5, 0x60, 0xe4, 0x84, 0x60, 0x04, 0x35, 0x01,
    0x01, 0x61, 0x3a, 0x65, 0x56, 0x5b, 0x60, 0x08, 0x82, 0x01, 0x80, 0x54, 0x60, 0x01, 0x60, 0x01,
    0x60, 0xa0, 0x1b, 0x03, 0x19, 0x16, 0x60, 0xa0, 0x8a, 0x81, 0x1b, 0x8b, 0x90, 0x03, 0x90, 0x93,
    0x16, 0x17, 0x90, 0x55, 0x60, 0x0a, 0x90, 0x91, 0x01, 0x80, 0x54, 0x67, 0xff, 0xff, 0xff, 0xff,
    0xff, 0xff, 0xff, 0xff, 0x60, 0xa0, 0x1b, 0x19, 0x16, 0x91, 0x89, 0x90, 0x1b, 0x67, 0xff, 0xff,
    0xff, 0xff, 0xff, 0xff, 0xff, 0xff, 0x60, 0xa0, 0x1b, 0x16, 0x91, 0x90, 0x91, 0x17, 0x90, 0x55,
    0x56, 0x5b, 0x61, 0x22, 0x39, 0x61, 0x22, 0x34, 0x60, 0x24, 0x83, 0x60, 0x04, 0x35, 0x01, 0x01,
    0x61, 0x3a, 0x65, 0x56, 0x5b, 0x61, 0x2f, 0x40, 0x56, 0x5b, 0x61, 0x22, 0x49, 0x60, 0x24, 0x82,
    0x60, 0x04, 0x35, 0x01, 0x01, 0x61, 0x3a, 0x65, 0x56, 0x5b, 0x7f, 0x3a, 0xc9, 0x0d, 0x06, 0x9d,
    0xcd, 0xe8, 0xad, 0x9a, 0xc7, 0xff, 0x6e, 0xeb, 0x0d, 0xc4, 0xce, 0x2f, 0xea, 0xd5, 0xd9, 0x64,
    0x04, 0x71, 0x88, 0x26, 0x47, 0x7a, 0xa5, 0x8f, 0xca, 0x3d, 0xe4, 0x61, 0x22, 0x7f, 0x60, 0x04,
    0x35, 0x84, 0x01, 0x60, 0x44, 0x81, 0x01, 0x90, 0x60, 0x24, 0x01, 0x61, 0x3a, 0x33, 0x56, 0x5b,
    0x92, 0x61, 0x22, 0x9f, 0x60, 0x40, 0x51, 0x92, 0x83, 0x92, 0x60, 0x20, 0x84, 0x52, 0x8b, 0x80,
    0x60, 0xa0, 0x1b, 0x03, 0x16, 0x95, 0x60, 0x20, 0x84, 0x01, 0x91, 0x61, 0x37, 0x82, 0x56, 0x5b,
    0x03, 0x90, 0xa2, 0x84, 0x80, 0x60, 0xa0, 0x1b, 0x03, 0x61, 0x22, 0xb8, 0x60, 0x24, 0x83, 0x60,
    0x04, 0x35, 0x01, 0x01, 0x61, 0x3a, 0x65, 0x56, 0x5b, 0x60, 0x40, 0x80, 0x51, 0x60, 0x01, 0x60,
    0x01, 0x60, 0x40, 0x1b, 0x03, 0x8a, 0x16, 0x81, 0x52, 0x60, 0x04, 0x35, 0x85, 0x01, 0x86, 0x01,
    0x35, 0x60, 0x20, 0x82, 0x01, 0x52, 0x91, 0x90, 0x92, 0x16, 0x91, 0x7f, 0xd1, 0xe3, 0xb2, 0x7b,
    0xbd, 0xe3, 0x1c, 0x3e, 0x8d, 0x28, 0x7c, 0x23, 0x82, 0xf1, 0x4d, 0x8d, 0xde, 0x15, 0x46, 0xd7,
    0xd8, 0x4d, 0x2a, 0xaa, 0x0a, 0xd2, 0x22, 0x54, 0xe2, 0xef, 0x89, 0x93, 0x91, 0xa2, 0x60, 0x04,
    0x35, 0x01, 0x01, 0x35, 0x90, 0x61, 0x31, 0x93, 0x56, 0x5b, 0x91, 0x01, 0x61, 0x1e, 0x30, 0x56,
    0x5b, 0x60, 0x1f, 0x19, 0x83, 0x16, 0x91, 0x60, 0x07, 0x85, 0x01, 0x5f, 0x52, 0x60, 0x20, 0x5f,
    0x20, 0x92, 0x5f, 0x5b, 0x81, 0x81, 0x10, 0x61, 0x23, 0x70, 0x57, 0x50, 0x84, 0x61, 0x23, 0x09,
    0x97, 0x94, 0x61, 0x22, 0x21, 0x94, 0x60, 0x01, 0x9a, 0x9b, 0x98, 0x94, 0x61, 0x01, 0x04, 0x98,
    0x8c, 0x95, 0x10, 0x61, 0x23, 0x57, 0x57, 0x5b, 0x50, 0x50, 0x50, 0x81, 0x1b, 0x01, 0x60, 0x07,
    0x82, 0x01, 0x55, 0x61, 0x21, 0xc5, 0x56, 0x5b, 0x01, 0x35, 0x5f, 0x19, 0x60, 0x03, 0x84, 0x90,
    0x1b, 0x60, 0xf8, 0x16, 0x1c, 0x19, 0x16, 0x90, 0x55, 0x8a, 0x80, 0x80, 0x61, 0x23, 0x47, 0x56,
    0x5b, 0x91, 0x93, 0x60, 0x20, 0x60, 0x01, 0x81, 0x92, 0x87, 0x87, 0x01, 0x35, 0x81, 0x55, 0x01,
    0x95, 0x01, 0x92, 0x01, 0x61, 0x23, 0x23, 0x56, 0x5b, 0x60, 0x1f, 0x19, 0x83, 0x16, 0x91, 0x84,
    0x5f, 0x52, 0x60, 0x20, 0x5f, 0x20, 0x92, 0x5f, 0x5b, 0x81, 0x81, 0x10, 0x61, 0x23, 0xd4, 0x57,
    0x50, 0x90, 0x84, 0x60, 0x01, 0x95, 0x94, 0x93, 0x92, 0x10, 0x61, 0x23, 0xbb, 0x57, 0x5b, 0x50,
    0x50, 0x50, 0x81, 0x1b, 0x01, 0x90, 0x55, 0x61, 0x21, 0x44, 0x56, 0x5b, 0x01, 0x35, 0x5f, 0x19,
    0x60, 0x03, 0x84, 0x90, 0x1b, 0x60, 0xf8, 0x16, 0x1c, 0x19, 0x16, 0x90, 0x55, 0x87, 0x80, 0x80,
    0x61, 0x23, 0xae, 0x56, 0x5b, 0x91, 0x93, 0x60, 0x20, 0x60, 0x01, 0x81, 0x92, 0x87, 0x87, 0x01,
    0x35, 0x81, 0x55, 0x01, 0x95, 0x01, 0x92, 0x01, 0x61, 0x23, 0x98, 0x56, 0x5b, 0x01, 0x35, 0x90,
    0x50, 0x89, 0x80, 0x61, 0x05, 0x82, 0x56, 0x5b, 0x60, 0x1f, 0x19, 0x83, 0x16, 0x91, 0x84, 0x5f,
    0x52, 0x60, 0x20, 0x5f, 0x20, 0x92, 0x5f, 0x5b, 0x81, 0x81, 0x10, 0x61, 0x24, 0x43, 0x57, 0x50,
    0x90, 0x84, 0x60, 0x01, 0x95, 0x94, 0x93, 0x92, 0x10, 0x61, 0x24, 0x2a, 0x57, 0x5b, 0x50, 0x50,
    0x50, 0x81, 0x1b, 0x01, 0x90, 0x55, 0x61, 0x20, 0x84, 0x56, 0x5b, 0x01, 0x35, 0x5f, 0x19, 0x60,
    0x03, 0x84, 0x90, 0x1b, 0x60, 0xf8, 0x16, 0x1c, 0x19, 0x16, 0x90, 0x55, 0x88, 0x80, 0x80, 0x61,
    0x24, 0x1d, 0x56, 0x5b, 0x91, 0x93, 0x60, 0x20, 0x60, 0x01, 0x81, 0x92, 0x87, 0x87, 0x01, 0x35,
    0x81, 0x55, 0x01, 0x95, 0x01, 0x92, 0x01, 0x61, 0x24, 0x07, 0x56, 0x5b, 0x60, 0x1f, 0x19, 0x83,
    0x16, 0x91, 0x84, 0x5f, 0x52, 0x60, 0x20, 0x5f, 0x20, 0x92, 0x5f, 0x5b, 0x81, 0x81, 0x10, 0x61,
    0x24, 0xa7, 0x57, 0x50, 0x90, 0x84, 0x60, 0x01, 0x95, 0x94, 0x93, 0x92, 0x10, 0x61, 0x24, 0x8e,
    0x57, 0x5b, 0x50, 0x50, 0x50, 0x81, 0x1b, 0x01, 0x90, 0x55, 0x61, 0x20, 0x1e, 0x56, 0x5b, 0x01,
    0x35, 0x5f, 0x19, 0x60, 0x03, 0x84, 0x90, 0x1b, 0x60, 0xf8, 0x16, 0x1c, 0x19, 0x16, 0x90, 0x55,
    0x88, 0x80, 0x80, 0x61, 0x24, 0x81, 0x56, 0x5b, 0x91, 0x93, 0x60, 0x20, 0x60, 0x01, 0x81, 0x92,
    0x87, 0x87, 0x01, 0x35, 0x81, 0x55, 0x01, 0x95, 0x01, 0x92, 0x01, 0x61, 0x24, 0x6b, 0x56, 0x5b,
    0x60, 0x1f, 0x19, 0x83, 0x16, 0x91, 0x84, 0x5f, 0x52, 0x60, 0x20, 0x5f, 0x20, 0x92, 0x5f, 0x5b,
    0x81, 0x81, 0x10, 0x61, 0x25, 0x0b, 0x57, 0x50, 0x90, 0x84, 0x60, 0x01, 0x95, 0x94, 0x93, 0x92,
    0x10, 0x61, 0x24, 0xf2, 0x57, 0x5b, 0x50, 0x50, 0x50, 0x81, 0x1b, 0x01, 0x90, 0x55, 0x61, 0x1f,
    0x6d, 0x56, 0x5b, 0x01, 0x35, 0x5f, 0x19, 0x60, 0x03, 0x84, 0x90, 0x1b, 0x60, 0xf8, 0x16, 0x1c,
    0x19, 0x16, 0x90, 0x55, 0x88, 0x80, 0x80, 0x61, 0x24, 0xe5, 0x56, 0x5b, 0x91, 0x93, 0x60, 0x20,
    0x60, 0x01, 0x81, 0x92, 0x87, 0x87, 0x01, 0x35, 0x81, 0x55, 0x01, 0x95, 0x01, 0x92, 0x01, 0x61,
    0x24, 0xcf, 0x56, 0x5b, 0x63, 0x77, 0x07, 0x18, 0xff, 0x60, 0xe1, 0x1b, 0x5f, 0x52, 0x60, 0x04,
    0x5f, 0xfd, 0x5b, 0x60, 0x24, 0x61, 0x25, 0x42, 0x92, 0x60, 0x04, 0x35, 0x01, 0x01, 0x61, 0x3a,
    0x33, 0x56, 0x5b, 0x90, 0x50, 0x63, 0x5a, 0xd6, 0x63, 0x71, 0x60, 0xe1, 0x1b, 0x5f, 0x52, 0x60,
    0x30, 0x60, 0x04, 0x52, 0x60, 0x24, 0x52, 0x60, 0x44, 0x5f, 0xfd, 0x5b, 0x61, 0x25, 0x70, 0x90,
    0x60, 0x04, 0x35, 0x01, 0x60, 0x44, 0x81, 0x01, 0x90, 0x60, 0x24, 0x01, 0x61, 0x3a, 0x33, 0x56,
    0x5b, 0x90, 0x50, 0x63, 0x4e, 0xa1, 0x1d, 0xc7, 0x60, 0xe1, 0x1b, 0x5f, 0x52, 0x60, 0x1f, 0x60,
    0x04, 0x52, 0x60, 0x24, 0x52, 0x60, 0x44, 0x5f, 0xfd, 0x5b, 0x7f, 0x7d, 0x16, 0xda, 0x45, 0x3c,
    0x8c, 0xb6, 0x02, 0x4f, 0xcd, 0xff, 0xe8, 0x1d, 0xf7, 0xeb, 0xd4, 0xbc, 0xbe, 0xc7, 0x12, 0xc2,
    0x29, 0xda, 0x3b, 0xd2, 0xb8, 0x6d, 0xcd, 0x12, 0x31, 0xb2, 0x34, 0x60, 0x40, 0x83, 0x80, 0x60,
    0x04, 0x55, 0x60, 0x01, 0x60, 0xff, 0x19, 0x60, 0x05, 0x54, 0x16, 0x17, 0x60, 0x05, 0x55, 0x81,
    0x51, 0x90, 0x60, 0x04, 0x35, 0x60, 0x04, 0x01, 0x35, 0x82, 0x52, 0x60, 0x20, 0x82, 0x01, 0x52,
    0xa1, 0x00, 0x5b, 0x62, 0xdc, 0x14, 0x9f, 0x60, 0xe4, 0x1b, 0x5f, 0x52, 0x60, 0x04, 0x5f, 0xfd,
    0x5b, 0x63, 0x02, 0x72, 0xd0, 0x29, 0x60, 0xe6, 0x1b, 0x5f, 0x52, 0x33, 0x60, 0x04, 0x52, 0x64,
    0x01, 0x62, 0x5f, 0x00, 0x01, 0x60, 0x24, 0x52, 0x60, 0x44, 0x5f, 0xfd, 0x5b, 0x34, 0x61, 0x01,
    0x70, 0x57, 0x5f, 0x36, 0x60, 0x03, 0x19, 0x01, 0x12, 0x61, 0x01, 0x70, 0x57, 0x60, 0x02, 0x54,
    0x61, 0x26, 0x18, 0x81, 0x61, 0x31, 0x30, 0x56, 0x5b, 0x90, 0x5f, 0x5b, 0x81, 0x81, 0x10, 0x61,
    0x26, 0x30, 0x57, 0x60, 0x40, 0x51, 0x80, 0x61, 0x14, 0xa5, 0x85, 0x82, 0x61, 0x2c, 0xfb, 0x56,
    0x5b, 0x80, 0x61, 0x26, 0x3c, 0x60, 0x01, 0x92, 0x61, 0x2e, 0xcf, 0x56, 0x5b, 0x83, 0x80, 0x60,
    0xa0, 0x1b, 0x03, 0x91, 0x54, 0x90, 0x60, 0x03, 0x1b, 0x1c, 0x16, 0x80, 0x5f, 0x52, 0x5f, 0x60,
    0x20, 0x52, 0x60, 0x07, 0x61, 0x26, 0xca, 0x60, 0x40, 0x5f, 0x20, 0x61, 0x26, 0x63, 0x84, 0x61,
    0x38, 0xd8, 0x56, 0x5b, 0x60, 0x40, 0x51, 0x94, 0x61, 0x26, 0x70, 0x86, 0x61, 0x2d, 0xa3, 0x56,
    0x5b, 0x85, 0x52, 0x60, 0x40, 0x51, 0x61, 0x26, 0x86, 0x81, 0x61, 0x0c, 0x97, 0x81, 0x60, 0x04,
    0x87, 0x01, 0x61, 0x2e, 0x17, 0x56, 0x5b, 0x60, 0x20, 0x86, 0x01, 0x52, 0x60, 0x40, 0x51, 0x61,
    0x26, 0x9f, 0x81, 0x61, 0x0c, 0x97, 0x81, 0x60, 0x05, 0x87, 0x01, 0x61, 0x2e, 0x17, 0x56, 0x5b,
    0x60, 0x40, 0x86, 0x01, 0x52, 0x60, 0x60, 0x85, 0x01, 0x52, 0x60, 0x01, 0x60, 0x01, 0x60, 0x40,
    0x1b, 0x03, 0x60, 0x80, 0x85, 0x01, 0x52, 0x60, 0x40, 0x51, 0x61, 0x14, 0x77, 0x81, 0x61, 0x0c,
    0x97, 0x81, 0x60, 0x06, 0x86, 0x01, 0x61, 0x2e, 0x17, 0x56, 0x5b, 0x60, 0xc0, 0x82, 0x01, 0x52,
    0x61, 0x26, 0xd9, 0x82, 0x86, 0x61, 0x31, 0x7f, 0x56, 0x5b, 0x52, 0x61, 0x26, 0xe4, 0x81, 0x85,
    0x61, 0x31, 0x7f, 0x56, 0x5b, 0x50, 0x01, 0x61, 0x26, 0x1b, 0x56, 0x5b, 0x34, 0x61, 0x01, 0x70,
    0x57, 0x60, 0x20, 0x36, 0x60, 0x03, 0x19, 0x01, 0x12, 0x61, 0x01, 0x70, 0x57, 0x61, 0x27, 0x04,
    0x61, 0x2c, 0x2e, 0x56, 0x5b, 0x60, 0x01, 0x60, 0x01, 0x60, 0xa0, 0x1b, 0x03, 0x81, 0x81, 0x16,
    0x5f, 0x81, 0x81, 0x52, 0x60, 0x20, 0x81, 0x90, 0x52, 0x60, 0x40, 0x90, 0x20, 0x54, 0x90, 0x91,
    0x16, 0x15, 0x61, 0x0f, 0xf5, 0x57, 0x50, 0x60, 0x40, 0x51, 0x63, 0x0b, 0xcf, 0xee, 0x3f, 0x60,
    0xe1, 0x1b, 0x81, 0x52, 0x60, 0x20, 0x81, 0x60, 0x04, 0x81, 0x64, 0x01, 0x62, 0x5f, 0x20, 0x03,
    0x5a, 0xfa, 0x90, 0x81, 0x15, 0x61, 0x09, 0x40, 0x57, 0x5f, 0x91, 0x61, 0x27, 0x5d, 0x57, 0x5b,
    0x50, 0x61, 0x0e, 0xa2, 0x57, 0x61, 0x0f, 0xb5, 0x90, 0x61, 0x2f, 0xd5, 0x56, 0x5b, 0x61, 0x27,
    0x76, 0x91, 0x50, 0x60, 0x20, 0x3d, 0x60, 0x20, 0x11, 0x61, 0x0b, 0x19, 0x57, 0x61, 0x0b, 0x0b,
    0x81, 0x83, 0x61, 0x2d, 0xbe, 0x56, 0x5b, 0x82, 0x61, 0x27, 0x4f, 0x56, 0x5b, 0x34, 0x61, 0x01,
    0x70, 0x57, 0x5f, 0x36, 0x60, 0x03, 0x19, 0x01, 0x12, 0x61, 0x01, 0x70, 0x57, 0x60, 0x20, 0x60,
    0x40, 0x51, 0x60, 0x1f, 0x81, 0x52, 0xf3, 0x5b, 0x34, 0x61, 0x01, 0x70, 0x57, 0x5f, 0x36, 0x60,
    0x03, 0x19, 0x01, 0x12, 0x61, 0x01, 0x70, 0x57, 0x60, 0x20, 0x60, 0xff, 0x60, 0x05, 0x54, 0x16,
    0x60, 0x40, 0x51, 0x90, 0x15, 0x15, 0x81, 0x52, 0xf3, 0x5b, 0x34, 0x61, 0x01, 0x70, 0x57, 0x5f,
    0x36, 0x60, 0x03, 0x19, 0x01, 0x12, 0x61, 0x01, 0x70, 0x57, 0x60, 0x20, 0x60, 0x01, 0x54, 0x60,
    0x40, 0x51, 0x90, 0x81, 0x52, 0xf3, 0x5b, 0x34, 0x61, 0x01, 0x70, 0x57, 0x60, 0x40, 0x36, 0x60,
    0x03, 0x19, 0x01, 0x12, 0x61, 0x01, 0x70, 0x57, 0x61, 0x27, 0xef, 0x61, 0x2c, 0x2e, 0x56, 0x5b,
    0x60, 0x24, 0x35, 0x60, 0x01, 0x60, 0x01, 0x60, 0xa0, 0x1b, 0x03, 0x81, 0x16, 0x91, 0x90, 0x82,
    0x90, 0x03, 0x61, 0x01, 0x70, 0x57, 0x60, 0x01, 0x60, 0x01, 0x60, 0xa0, 0x1b, 0x03, 0x90, 0x81,
    0x16, 0x5f, 0x81, 0x81, 0x52, 0x60, 0x20, 0x81, 0x90, 0x52, 0x60, 0x40, 0x90, 0x20, 0x54, 0x90,
    0x92, 0x91, 0x16, 0x15, 0x61, 0x29, 0x37, 0x57, 0x60, 0x40, 0x51, 0x63, 0xdb, 0xcd, 0x70, 0x4b,
    0x60, 0xe0, 0x1b, 0x81, 0x52, 0x60, 0x04, 0x81, 0x01, 0x83, 0x90, 0x52, 0x60, 0x20, 0x81, 0x60,
    0x24, 0x81, 0x64, 0x01, 0x62, 0x5f, 0x20, 0x00, 0x5a, 0xfa, 0x90, 0x81, 0x15, 0x61, 0x09, 0x40,
    0x57, 0x5f, 0x91, 0x61, 0x29, 0x18, 0x57, 0x5b, 0x50, 0x60, 0x01, 0x60, 0x01, 0x60, 0xa0, 0x1b,
    0x03, 0x16, 0x33, 0x81, 0x90, 0x03, 0x61, 0x0a, 0xa9, 0x57, 0x50, 0x60, 0x40, 0x51, 0x63, 0x0b,
    0xcf, 0xee, 0x3f, 0x60, 0xe1, 0x1b, 0x81, 0x52, 0x60, 0x20, 0x81, 0x60, 0x04, 0x81, 0x64, 0x01,
    0x62, 0x5f, 0x20, 0x03, 0x5a, 0xfa, 0x90, 0x81, 0x15, 0x61, 0x09, 0x40, 0x57, 0x5f, 0x91, 0x61,
    0x28, 0xf9, 0x57, 0x5b, 0x50, 0x61, 0x0e, 0xa2, 0x57, 0x80, 0x15, 0x61, 0x28, 0xea, 0x57, 0x60,
    0x20, 0x7f, 0xaa, 0xeb, 0xcf, 0x1b, 0xfa, 0x00, 0x58, 0x0e, 0x41, 0xd9, 0x66, 0x05, 0x6b, 0x48,
    0x52, 0x1f, 0xa9, 0xf2, 0x02, 0x64, 0x5c, 0x86, 0xd4, 0xdd, 0xf2, 0x81, 0x13, 0xe6, 0x17, 0xc1,
    0xb1, 0xd3, 0x91, 0x83, 0x5f, 0x52, 0x5f, 0x82, 0x52, 0x60, 0x09, 0x60, 0x40, 0x5f, 0x20, 0x01,
    0x81, 0x60, 0x01, 0x60, 0x01, 0x60, 0x60, 0x1b, 0x03, 0x60, 0xa0, 0x1b, 0x82, 0x54, 0x16, 0x17,
    0x90, 0x55, 0x60, 0x40, 0x51, 0x90, 0x81, 0x52, 0xa2, 0x00, 0x5b, 0x63, 0xd9, 0x2e, 0x23, 0x3d,
    0x60, 0xe0, 0x1b, 0x5f, 0x52, 0x60, 0x04, 0x5f, 0xfd, 0x5b, 0x61, 0x29, 0x12, 0x91, 0x50, 0x60,
    0x20, 0x3d, 0x60, 0x20, 0x11, 0x61, 0x0b, 0x19, 0x57, 0x61, 0x0b, 0x0b, 0x81, 0x83, 0x61, 0x2d,
    0xbe, 0x56, 0x5b, 0x83, 0x61, 0x28, 0x93, 0x56, 0x5b, 0x61, 0x29, 0x31, 0x91, 0x50, 0x60, 0x20,
    0x3d, 0x60, 0x20, 0x11, 0x61, 0x09, 0xb5, 0x57, 0x61, 0x09, 0xa7, 0x81, 0x83, 0x61, 0x2d, 0xbe,
    0x56, 0x5b, 0x83, 0x61, 0x28, 0x57, 0x56, 0x5b, 0x50, 0x63, 0x5a, 0x48, 0x87, 0xe1, 0x60, 0xe0,
    0x1b, 0x5f, 0x52, 0x60, 0x04, 0x52, 0x60, 0x24, 0x5f, 0xfd, 0x5b, 0x34, 0x61, 0x01, 0x70, 0x57,
    0x60, 0x20, 0x36, 0x60, 0x03, 0x19, 0x01, 0x12, 0x61, 0x01, 0x70, 0x57, 0x61, 0x29, 0x63, 0x61,
    0x2c, 0x2e, 0x56, 0x5b, 0x5f, 0x61, 0x01, 0x60, 0x60, 0x40, 0x51, 0x61, 0x29, 0x73, 0x81, 0x61,
    0x2d, 0x87, 0x56, 0x5b, 0x82, 0x81, 0x52, 0x60, 0x60, 0x60, 0x20, 0x82, 0x01, 0x52, 0x82, 0x60,
    0x40, 0x82, 0x01, 0x52, 0x82, 0x60, 0x60, 0x82, 0x01, 0x52, 0x60, 0x60, 0x60, 0x80, 0x82, 0x01,
    0x52, 0x60, 0x60, 0x60, 0xa0, 0x82, 0x01, 0x52, 0x60, 0x60, 0x60, 0xc0, 0x82, 0x01, 0x52, 0x60,
    0x60, 0x60, 0xe0, 0x82, 0x01, 0x52, 0x82, 0x61, 0x01, 0x00, 0x82, 0x01, 0x52, 0x82, 0x61, 0x01,
    0x20, 0x82, 0x01, 0x52, 0x82, 0x61, 0x01, 0x40, 0x82, 0x01, 0x52, 0x01, 0x52, 0x60, 0x01, 0x80,
    0x60, 0xa0, 0x1b, 0x03, 0x16, 0x80, 0x5f, 0x52, 0x5f, 0x60, 0x20, 0x52, 0x60, 0x01, 0x80, 0x60,
    0xa0, 0x1b, 0x03, 0x60, 0x40, 0x5f, 0x20, 0x54, 0x16, 0x15, 0x61, 0x0f, 0xf5, 0x57, 0x5f, 0x52,
    0x5f, 0x60, 0x20, 0x52, 0x60, 0x40, 0x5f, 0x20, 0x60, 0x40, 0x51, 0x61, 0x29, 0xf3, 0x81, 0x61,
    0x2d, 0x87, 0x56, 0x5b, 0x81, 0x54, 0x60, 0x01, 0x60, 0x01, 0x60, 0xa0, 0x1b, 0x03, 0x16, 0x81,
    0x52, 0x60, 0x40, 0x51, 0x91, 0x61, 0x2a, 0x1c, 0x83, 0x61, 0x2a, 0x15, 0x81, 0x60, 0x01, 0x85,
    0x01, 0x61, 0x2e, 0x17, 0x56, 0x5b, 0x03, 0x84, 0x61, 0x2d, 0xbe, 0x56, 0x5b, 0x60, 0x20, 0x82,
    0x01, 0x92, 0x83, 0x52, 0x60, 0xff, 0x60, 0x02, 0x82, 0x01, 0x54, 0x16, 0x90, 0x60, 0x40, 0x83,
    0x01, 0x91, 0x60, 0x04, 0x81, 0x10, 0x15, 0x61, 0x13, 0x2b, 0x57, 0x82, 0x52, 0x60, 0x03, 0x81,
    0x01, 0x54, 0x60, 0x60, 0x84, 0x01, 0x90, 0x81, 0x52, 0x60, 0x40, 0x51, 0x91, 0x82, 0x61, 0x2a,
    0x5a, 0x81, 0x60, 0x04, 0x84, 0x01, 0x61, 0x2e, 0x17, 0x56, 0x5b, 0x03, 0x61, 0x2a, 0x65, 0x90,
    0x84, 0x61, 0x2d, 0xbe, 0x56, 0x5b, 0x60, 0x80, 0x85, 0x01, 0x92, 0x83, 0x52, 0x60, 0x40, 0x51,
    0x80, 0x61, 0x2a, 0x7d, 0x81, 0x60, 0x05, 0x85, 0x01, 0x61, 0x2e, 0x17, 0x56, 0x5b, 0x03, 0x61,
    0x2a, 0x88, 0x90, 0x82, 0x61, 0x2d, 0xbe, 0x56, 0x5b, 0x60, 0xa0, 0x86, 0x01, 0x90, 0x81, 0x52,
    0x60, 0x40, 0x51, 0x80, 0x61, 0x2a, 0xa0, 0x81, 0x60, 0x06, 0x86, 0x01, 0x61, 0x2e, 0x17, 0x56,
    0x5b, 0x03, 0x61, 0x2a, 0xab, 0x90, 0x82, 0x61, 0x2d, 0xbe, 0x56, 0x5b, 0x60, 0xc0, 0x87, 0x01,
    0x90, 0x81, 0x52, 0x60, 0x40, 0x51, 0x91, 0x82, 0x61, 0x2a, 0xc4, 0x81, 0x60, 0x07, 0x87, 0x01,
    0x61, 0x2e, 0x17, 0x56, 0x5b, 0x03, 0x61, 0x2a, 0xcf, 0x90, 0x84, 0x61, 0x2d, 0xbe, 0x56, 0x5b,
    0x60, 0xe0, 0x88, 0x01, 0x92, 0x83, 0x52, 0x60, 0x01, 0x60, 0xa0, 0x1b, 0x60, 0x01, 0x90, 0x03,
    0x60, 0x08, 0x85, 0x01, 0x54, 0x16, 0x96, 0x61, 0x01, 0x00, 0x89, 0x01, 0x97, 0x88, 0x52, 0x60,
    0x01, 0x60, 0xa0, 0x1b, 0x60, 0x01, 0x90, 0x03, 0x60, 0x09, 0x86, 0x01, 0x54, 0x16, 0x94, 0x61,
    0x01, 0x20, 0x8a, 0x01, 0x95, 0x86, 0x52, 0x60, 0x0a, 0x01, 0x54, 0x96, 0x61, 0x01, 0x40, 0x8a,
    0x01, 0x96, 0x60, 0x01, 0x60, 0xa0, 0x1b, 0x60, 0x01, 0x90, 0x03, 0x89, 0x16, 0x88, 0x52, 0x61,
    0x01, 0x60, 0x8b, 0x01, 0x98, 0x60, 0xa0, 0x1c, 0x60, 0x01, 0x60, 0x01, 0x60, 0x40, 0x1b, 0x03,
    0x16, 0x89, 0x52, 0x60, 0x40, 0x51, 0x9b, 0x8c, 0x9b, 0x60, 0x20, 0x8d, 0x52, 0x60, 0x01, 0x60,
    0xa0, 0x1b, 0x60, 0x01, 0x90, 0x03, 0x90, 0x51, 0x16, 0x60, 0x20, 0x8d, 0x01, 0x52, 0x51, 0x60,
    0x40, 0x8c, 0x01, 0x61, 0x01, 0x80, 0x90, 0x52, 0x61, 0x01, 0xa0, 0x8c, 0x01, 0x61, 0x2b, 0x65,
    0x91, 0x61, 0x2c, 0x44, 0x56, 0x5b, 0x92, 0x51, 0x60, 0x60, 0x8c, 0x01, 0x61, 0x2b, 0x74, 0x91,
    0x61, 0x2c, 0x68, 0x56, 0x5b, 0x51, 0x60, 0x80, 0x8b, 0x01, 0x52, 0x51, 0x89, 0x82, 0x03, 0x60,
    0x1f, 0x19, 0x01, 0x60, 0xa0, 0x8b, 0x01, 0x52, 0x61, 0x2b, 0x91, 0x91, 0x90, 0x61, 0x2c, 0x44,
    0x56, 0x5b, 0x90, 0x51, 0x88, 0x82, 0x03, 0x60, 0x1f, 0x19, 0x01, 0x60, 0xc0, 0x8a, 0x01, 0x52,
    0x61, 0x2b, 0xa9, 0x91, 0x90, 0x61, 0x2c, 0x44, 0x56, 0x5b, 0x90, 0x51, 0x87, 0x82, 0x03, 0x60,
    0x1f, 0x19, 0x01, 0x60, 0xe0, 0x89, 0x01, 0x52, 0x61, 0x2b, 0xc1, 0x91, 0x90, 0x61, 0x2c, 0x44,
    0x56, 0x5b, 0x90, 0x51, 0x86, 0x82, 0x03, 0x60, 0x1f, 0x19, 0x01, 0x61, 0x01, 0x00, 0x88, 0x01,
    0x52, 0x61, 0x2b, 0xda, 0x91, 0x90, 0x61, 0x2c, 0x44, 0x56, 0x5b, 0x93, 0x51, 0x60, 0x01, 0x60,
    0x01, 0x60, 0xa0, 0x1b, 0x03, 0x90, 0x81, 0x16, 0x61, 0x01, 0x20, 0x87, 0x01, 0x52, 0x90, 0x51,
    0x81, 0x16, 0x61, 0x01, 0x40, 0x86, 0x01, 0x52, 0x90, 0x51, 0x16, 0x61, 0x01, 0x60, 0x84, 0x01,
    0x52, 0x51, 0x60, 0x01, 0x60, 0x01, 0x60, 0x40, 0x1b, 0x03, 0x16, 0x61, 0x01, 0x80, 0x83, 0x01,
    0x52, 0x03, 0x90, 0xf3, 0x5b, 0x34, 0x61, 0x01, 0x70, 0x57, 0x5f, 0x36, 0x60, 0x03, 0x19, 0x01,
    0x12, 0x61, 0x01, 0x70, 0x57, 0x60, 0x20, 0x90, 0x60, 0x04, 0x54, 0x81, 0x52, 0xf3, 0x5b, 0x60,
    0x04, 0x35, 0x90, 0x60, 0x01, 0x60, 0x01, 0x60, 0xa0, 0x1b, 0x03, 0x82, 0x16, 0x82, 0x03, 0x61,
    0x01, 0x70, 0x57, 0x56, 0x5b, 0x80, 0x51, 0x80, 0x83, 0x52, 0x60, 0x20, 0x92, 0x91, 0x81, 0x90,
    0x84, 0x01, 0x84, 0x84, 0x01, 0x5e, 0x5f, 0x82, 0x82, 0x01, 0x84, 0x01, 0x52, 0x60, 0x1f, 0x01,
    0x60, 0x1f, 0x19, 0x16, 0x01, 0x01, 0x90, 0x56, 0x5b, 0x90, 0x60, 0x04, 0x82, 0x10, 0x15, 0x61,
    0x13, 0x2b, 0x57, 0x52, 0x56, 0x5b, 0x61, 0x2c, 0xf8, 0x91, 0x60, 0x01, 0x80, 0x60, 0xa0, 0x1b,
    0x03, 0x82, 0x51, 0x16, 0x81, 0x52, 0x60, 0xc0, 0x61, 0x2c, 0xe7, 0x61, 0x2c, 0xb8, 0x61, 0x2c,
    0xa6, 0x60, 0x20, 0x86, 0x01, 0x51, 0x60, 0xe0, 0x60, 0x20, 0x87, 0x01, 0x52, 0x60, 0xe0, 0x86,
    0x01, 0x90, 0x61, 0x2c, 0x44, 0x56, 0x5b, 0x60, 0x40, 0x86, 0x01, 0x51, 0x85, 0x82, 0x03, 0x60,
    0x40, 0x87, 0x01, 0x52, 0x61, 0x2c, 0x44, 0x56, 0x5b, 0x60, 0x60, 0x85, 0x01, 0x51, 0x60, 0x60,
    0x85, 0x01, 0x52, 0x60, 0x01, 0x60, 0x01, 0x60, 0x40, 0x1b, 0x03, 0x60, 0x80, 0x86, 0x01, 0x51,
    0x16, 0x60, 0x80, 0x85, 0x01, 0x52, 0x60, 0xa0, 0x85, 0x01, 0x51, 0x84, 0x82, 0x03, 0x60, 0xa0,
    0x86, 0x01, 0x52, 0x61, 0x2c, 0x44, 0x56, 0x5b, 0x92, 0x01, 0x51, 0x90, 0x60, 0xc0, 0x81, 0x84,
    0x03, 0x91, 0x01, 0x52, 0x61, 0x2c, 0x44, 0x56, 0x5b, 0x90, 0x56, 0x5b, 0x60, 0x20, 0x81, 0x01,
    0x60, 0x20, 0x82, 0x52, 0x82, 0x51, 0x80, 0x91, 0x52, 0x60, 0x40, 0x82, 0x01, 0x91, 0x60, 0x20,
    0x60, 0x40, 0x83, 0x60, 0x05, 0x1b, 0x83, 0x01, 0x01, 0x94, 0x01, 0x92, 0x5f, 0x91, 0x5b, 0x83,
    0x83, 0x10, 0x61, 0x2d, 0x2d, 0x57, 0x50, 0x50, 0x50, 0x50, 0x50, 0x90, 0x56, 0x5b, 0x90, 0x91,
    0x92, 0x93, 0x94, 0x60, 0x20, 0x80, 0x61, 0x2d, 0x4b, 0x60, 0x01, 0x93, 0x60, 0x3f, 0x19, 0x86,
    0x82, 0x03, 0x01, 0x87, 0x52, 0x89, 0x51, 0x61, 0x2c, 0x75, 0x56, 0x5b, 0x97, 0x01, 0x93, 0x01,
    0x93, 0x01, 0x91, 0x93, 0x92, 0x90, 0x61, 0x2d, 0x1e, 0x56, 0x5b, 0x91, 0x81, 0x60, 0x1f, 0x84,
    0x01, 0x12, 0x15, 0x61, 0x01, 0x70, 0x57, 0x82, 0x35, 0x91, 0x60, 0x01, 0x60, 0x01, 0x60, 0x40,
    0x1b, 0x03, 0x83, 0x11, 0x61, 0x01, 0x70, 0x57, 0x60, 0x20, 0x83, 0x81, 0x86, 0x01, 0x95, 0x01,
    0x01, 0x11, 0x61, 0x01, 0x70, 0x57, 0x56, 0x5b, 0x61, 0x01, 0x80, 0x81, 0x01, 0x90, 0x81, 0x10,
    0x60, 0x01, 0x60, 0x01, 0x60, 0x40, 0x1b, 0x03, 0x82, 0x11, 0x17, 0x61, 0x07, 0x81, 0x57, 0x60,
    0x40, 0x52, 0x56, 0x5b, 0x60, 0xe0, 0x81, 0x01, 0x90, 0x81, 0x10, 0x60, 0x01, 0x60, 0x01, 0x60,
    0x40, 0x1b, 0x03, 0x82, 0x11, 0x17, 0x61, 0x07, 0x81, 0x57, 0x60, 0x40, 0x52, 0x56, 0x5b, 0x90,
    0x60, 0x1f, 0x80, 0x19, 0x91, 0x01, 0x16, 0x81, 0x01, 0x90, 0x81, 0x10, 0x60, 0x01, 0x60, 0x01,
    0x60, 0x40, 0x1b, 0x03, 0x82, 0x11, 0x17, 0x61, 0x07, 0x81, 0x57, 0x60, 0x40, 0x52, 0x56, 0x5b,
    0x90, 0x60, 0x01, 0x82, 0x81, 0x1c, 0x92, 0x16, 0x80, 0x15, 0x61, 0x2e, 0x0d, 0x57, 0x5b, 0x60,
    0x20, 0x83, 0x10, 0x14, 0x61, 0x2d, 0xf9, 0x57, 0x56, 0x5b, 0x63, 0x4e, 0x48, 0x7b, 0x71, 0x60,
    0xe0, 0x1b, 0x5f, 0x52, 0x60, 0x22, 0x60, 0x04, 0x52, 0x60, 0x24, 0x5f, 0xfd, 0x5b, 0x91, 0x60,
    0x7f, 0x16, 0x91, 0x61, 0x2d, 0xee, 0x56, 0x5b, 0x5f, 0x92, 0x91, 0x81, 0x54, 0x91, 0x61, 0x2e,
    0x26, 0x83, 0x61, 0x2d, 0xdf, 0x56, 0x5b, 0x80, 0x83, 0x52, 0x92, 0x60, 0x01, 0x81, 0x16, 0x90,
    0x81, 0x15, 0x61, 0x2e, 0x7b, 0x57, 0x50, 0x60, 0x01, 0x14, 0x61, 0x2e, 0x42, 0x57, 0x50, 0x50,
    0x50, 0x56, 0x5b, 0x5f, 0x90, 0x81, 0x52, 0x60, 0x20, 0x81, 0x20, 0x93, 0x94, 0x50, 0x91, 0x92,
    0x5b, 0x83, 0x83, 0x10, 0x61, 0x2e, 0x61, 0x57, 0x50, 0x60, 0x20, 0x92, 0x50, 0x01, 0x01, 0x90,
    0x56, 0x5b, 0x60, 0x01, 0x81, 0x60, 0x20, 0x92, 0x94, 0x93, 0x94, 0x54, 0x83, 0x85, 0x87, 0x01,
    0x01, 0x52, 0x01, 0x91, 0x01, 0x91, 0x90, 0x61, 0x2e, 0x50, 0x56, 0x5b, 0x91, 0x50, 0x50, 0x60,
    0x20, 0x93, 0x94, 0x50, 0x60, 0xff, 0x92, 0x91, 0x92, 0x19, 0x16, 0x83, 0x83, 0x01, 0x52, 0x15,
    0x15, 0x60, 0x05, 0x1b, 0x01, 0x01, 0x90, 0x56, 0x5b, 0x90, 0x81, 0x60, 0x20, 0x91, 0x03, 0x12,
    0x61, 0x01, 0x70, 0x57, 0x51, 0x60, 0x01, 0x60, 0x01, 0x60, 0xa0, 0x1b, 0x03, 0x81, 0x16, 0x81,
    0x03, 0x61, 0x01, 0x70, 0x57, 0x90, 0x56, 0x5b, 0x90, 0x81, 0x60, 0x20, 0x91, 0x03, 0x12, 0x61,
    0x01, 0x70, 0x57, 0x51, 0x80, 0x15, 0x15, 0x81, 0x03, 0x61, 0x01, 0x70, 0x57, 0x90, 0x56, 0x5b,
    0x60, 0x02, 0x54, 0x81, 0x10, 0x15, 0x61, 0x2e, 0xe7, 0x57, 0x60, 0x02, 0x5f, 0x52, 0x60, 0x20,
    0x5f, 0x20, 0x01, 0x90, 0x5f, 0x90, 0x56, 0x5b, 0x63, 0x4e, 0x48, 0x7b, 0x71, 0x60, 0xe0, 0x1b,
    0x5f, 0x52, 0x60, 0x32, 0x60, 0x04, 0x52, 0x60, 0x24, 0x5f, 0xfd, 0x5b, 0x60, 0x01, 0x54, 0x81,
    0x10, 0x15, 0x61, 0x2e, 0xe7, 0x57, 0x60, 0x01, 0x5f, 0x52, 0x60, 0x20, 0x5f, 0x20, 0x01, 0x90,
    0x5f, 0x90, 0x56, 0x5b, 0x60, 0x03, 0x54, 0x81, 0x10, 0x15, 0x61, 0x2e, 0xe7, 0x57, 0x60, 0x03,
    0x5f, 0x52, 0x60, 0x20, 0x5f, 0x20, 0x01, 0x90, 0x5f, 0x90, 0x56, 0x5b, 0x80, 0x54, 0x82, 0x10,
    0x15, 0x61, 0x2e, 0xe7, 0x57, 0x5f, 0x52, 0x60, 0x20, 0x5f, 0x20, 0x01, 0x90, 0x5f, 0x90, 0x56,
    0x5b, 0x60, 0x01, 0x54, 0x90, 0x60, 0x01, 0x60, 0x40, 0x1b, 0x82, 0x10, 0x15, 0x61, 0x07, 0x81,
    0x57, 0x61, 0x2f, 0x65, 0x82, 0x60, 0x01, 0x61, 0x2f, 0x89, 0x94, 0x01, 0x60, 0x01, 0x55, 0x60,
    0x01, 0x61, 0x2f, 0x2b, 0x56, 0x5b, 0x81, 0x54, 0x60, 0x01, 0x60, 0x01, 0x60, 0xa0, 0x1b, 0x03,
    0x93, 0x84, 0x16, 0x60, 0x03, 0x92, 0x90, 0x92, 0x1b, 0x91, 0x82, 0x1b, 0x93, 0x90, 0x91, 0x1b,
    0x19, 0x16, 0x91, 0x90, 0x91, 0x17, 0x90, 0x55, 0x56, 0x5b, 0x56, 0x5b, 0x60, 0x02, 0x54, 0x90,
    0x60, 0x01, 0x60, 0x40, 0x1b, 0x82, 0x10, 0x15, 0x61, 0x07, 0x81, 0x57, 0x61, 0x2f, 0x65, 0x82,
    0x60, 0x01, 0x61, 0x2f, 0x89, 0x94, 0x01, 0x60, 0x02, 0x55, 0x60, 0x02, 0x61, 0x2f, 0x2b, 0x56,
    0x5b, 0x60, 0x03, 0x54, 0x90, 0x60, 0x01, 0x60, 0x40, 0x1b, 0x82, 0x10, 0x15, 0x61, 0x07, 0x81,
    0x57, 0x61, 0x2f, 0x65, 0x82, 0x60, 0x01, 0x61, 0x2f, 0x89, 0x94, 0x01, 0x60, 0x03, 0x55, 0x60,
    0x03, 0x61, 0x2f, 0x2b, 0x56, 0x5b, 0x64, 0x01, 0x62, 0x5f, 0x30, 0x00, 0x33, 0x03, 0x61, 0x30,
    0xc7, 0x57, 0x60, 0x01, 0x80, 0x60, 0xa0, 0x1b, 0x03, 0x81, 0x16, 0x90, 0x81, 0x5f, 0x52, 0x5f,
    0x60, 0x20, 0x52, 0x60, 0x02, 0x60, 0x40, 0x5f, 0x20, 0x01, 0x90, 0x60, 0xff, 0x82, 0x54, 0x16,
    0x60, 0x04, 0x81, 0x10, 0x15, 0x61, 0x13, 0x2b, 0x57, 0x60, 0x01, 0x14, 0x61, 0x30, 0x90, 0x57,
    0x60, 0xff, 0x82, 0x54, 0x16, 0x60, 0x04, 0x81, 0x10, 0x15, 0x61, 0x13, 0x2b, 0x57, 0x60, 0x02,
    0x81, 0x03, 0x61, 0x30, 0x79, 0x57, 0x50, 0x60, 0x01, 0x80, 0x54, 0x11, 0x15, 0x61, 0x30, 0x6a,
    0x57, 0x61, 0x30, 0x44, 0x91, 0x60, 0x03, 0x60, 0xff, 0x19, 0x82, 0x54, 0x16, 0x17, 0x90, 0x55,
    0x61, 0x2f, 0xb0, 0x56, 0x5b, 0x7f, 0xd9, 0x85, 0xa0, 0x9c, 0x84, 0x5b, 0x70, 0x6d, 0x38, 0x5a,
    0xe0, 0xe1, 0x6a, 0xa6, 0xd2, 0x37, 0xb6, 0x65, 0xc0, 0x9e, 0x65, 0xf9, 0x37, 0xba, 0xd0, 0xd8,
    0x92, 0xc3, 0xae, 0x56, 0x5a, 0x0a, 0x5f, 0x80, 0xa2, 0x56, 0x5b, 0x63, 0x2c, 0x46, 0x09, 0x8f,
    0x60, 0xe2, 0x1b, 0x5f, 0x52, 0x60, 0x04, 0x5f, 0xfd, 0x5b, 0x63, 0xf9, 0x24, 0x66, 0x4d, 0x60,
    0xe0, 0x1b, 0x5f, 0x52, 0x60, 0x02, 0x60, 0x04, 0x52, 0x60, 0x24, 0x52, 0x60, 0x44, 0x5f, 0xfd,
    0x5b, 0x61, 0x30, 0x99, 0x90, 0x61, 0x38, 0x25, 0x56, 0x5b, 0x80, 0x54, 0x60, 0xff, 0x19, 0x16,
    0x90, 0x55, 0x7f, 0xd9, 0x85, 0xa0, 0x9c, 0x84, 0x5b, 0x70, 0x6d, 0x38, 0x5a, 0xe0, 0xe1, 0x6a,
    0xa6, 0xd2, 0x37, 0xb6, 0x65, 0xc0, 0x9e, 0x65, 0xf9, 0x37, 0xba, 0xd0, 0xd8, 0x92, 0xc3, 0xae,
    0x56, 0x5a, 0x0a, 0x5f, 0x80, 0xa2, 0x56, 0x5b, 0x63, 0x02, 0x72, 0xd0, 0x29, 0x60, 0xe6, 0x1b,
    0x5f, 0x52, 0x33, 0x60, 0x04, 0x52, 0x64, 0x01, 0x62, 0x5f, 0x30, 0x00, 0x60, 0x24, 0x52, 0x60,
    0x44, 0x5f, 0xfd, 0x5b, 0x60, 0x01, 0x60, 0x01, 0x60, 0x40, 0x1b, 0x03, 0x81, 0x11, 0x61, 0x07,
    0x81, 0x57, 0x60, 0x05, 0x1b, 0x60, 0x20, 0x01, 0x90, 0x56, 0x5b, 0x60, 0x40, 0x51, 0x90, 0x61,
    0x31, 0x07, 0x82, 0x61, 0x2d, 0xa3, 0x56, 0x5b, 0x60, 0x60, 0x60, 0xc0, 0x83, 0x5f, 0x81, 0x52,
    0x82, 0x60, 0x20, 0x82, 0x01, 0x52, 0x82, 0x60, 0x40, 0x82, 0x01, 0x52, 0x5f, 0x83, 0x82, 0x01,
    0x52, 0x5f, 0x60, 0x80, 0x82, 0x01, 0x52, 0x82, 0x60, 0xa0, 0x82, 0x01, 0x52, 0x01, 0x52, 0x56,
    0x5b, 0x90, 0x61, 0x31, 0x3a, 0x82, 0x61, 0x30, 0xe3, 0x56, 0x5b, 0x61, 0x31, 0x47, 0x60, 0x40,
    0x51, 0x91, 0x82, 0x61, 0x2d, 0xbe, 0x56, 0x5b, 0x82, 0x81, 0x52, 0x80, 0x92, 0x61, 0x31, 0x58,
    0x60, 0x1f, 0x19, 0x91, 0x61, 0x30, 0xe3, 0x56, 0x5b, 0x01, 0x90, 0x5f, 0x5b, 0x82, 0x81, 0x10,
    0x61, 0x31, 0x68, 0x57, 0x50, 0x50, 0x50, 0x56, 0x5b, 0x60, 0x20, 0x90, 0x61, 0x31, 0x73, 0x61,
    0x30, 0xfa, 0x56, 0x5b, 0x82, 0x82, 0x85, 0x01, 0x01, 0x52, 0x01, 0x61, 0x31, 0x5c, 0x56, 0x5b,
    0x80, 0x51, 0x82, 0x10, 0x15, 0x61, 0x2e, 0xe7, 0x57, 0x60, 0x20, 0x91, 0x60, 0x05, 0x1b, 0x01,
    0x01, 0x90, 0x56, 0x5b, 0x91, 0x90, 0x82, 0x01, 0x80, 0x92, 0x11, 0x61, 0x19, 0xc3, 0x57, 0x56,
    0x5b, 0x60, 0x01, 0x54, 0x80, 0x15, 0x61, 0x32, 0x7a, 0x57, 0x61, 0x31, 0xb2, 0x81, 0x61, 0x31,
    0x30, 0x56, 0x5b, 0x90, 0x5f, 0x5b, 0x81, 0x81, 0x10, 0x61, 0x31, 0xc1, 0x57, 0x50, 0x50, 0x90,
    0x56, 0x5b, 0x80, 0x61, 0x31, 0xcd, 0x60, 0x01, 0x92, 0x61, 0x2e, 0xfb, 0x56, 0x5b, 0x83, 0x80,
    0x60, 0xa0, 0x1b, 0x03, 0x91, 0x54, 0x90, 0x60, 0x03, 0x1b, 0x1c, 0x16, 0x80, 0x5f, 0x52, 0x5f,
    0x60, 0x20, 0x52, 0x60, 0x07, 0x61, 0x32, 0x59, 0x60, 0x40, 0x5f, 0x20, 0x60, 0x03, 0x81, 0x01,
    0x54, 0x60, 0x40, 0x51, 0x94, 0x61, 0x31, 0xfd, 0x86, 0x61, 0x2d, 0xa3, 0x56, 0x5b, 0x85, 0x52,
    0x60, 0x40, 0x51, 0x61, 0x32, 0x13, 0x81, 0x61, 0x0c, 0x97, 0x81, 0x60, 0x04, 0x87, 0x01, 0x61,
    0x2e, 0x17, 0x56, 0x5b, 0x60, 0x20, 0x86, 0x01, 0x52, 0x60, 0x40, 0x51, 0x61, 0x32, 0x2c, 0x81,
    0x61, 0x0c, 0x97, 0x81, 0x60, 0x05, 0x87, 0x01, 0x61, 0x2e, 0x17, 0x56, 0x5b, 0x60, 0x40, 0x86,
    0x01, 0x52, 0x60, 0x60, 0x85, 0x01, 0x52, 0x60, 0x01, 0x60, 0x01, 0x60, 0x40, 0x1b, 0x03, 0x85,
    0x16, 0x60, 0x80, 0x85, 0x01, 0x52, 0x60, 0x40, 0x51, 0x61, 0x14, 0x77, 0x81, 0x61, 0x0c, 0x97,
    0x81, 0x60, 0x06, 0x86, 0x01, 0x61, 0x2e, 0x17, 0x56, 0x5b, 0x60, 0xc0, 0x82, 0x01, 0x52, 0x61,
    0x32, 0x68, 0x82, 0x86, 0x61, 0x31, 0x7f, 0x56, 0x5b, 0x52, 0x61, 0x32, 0x73, 0x81, 0x85, 0x61,
    0x31, 0x7f, 0x56, 0x5b, 0x50, 0x01, 0x61, 0x31, 0xb5, 0x56, 0x5b, 0x50, 0x60, 0x40, 0x51, 0x61,
    0x32, 0x89, 0x60, 0x20, 0x82, 0x61, 0x2d, 0xbe, 0x56, 0x5b, 0x5f, 0x81, 0x52, 0x5f, 0x80, 0x5b,
    0x81, 0x81, 0x10, 0x61, 0x32, 0x9b, 0x57, 0x50, 0x50, 0x90, 0x56, 0x5b, 0x60, 0x20, 0x90, 0x61,
    0x32, 0xa6, 0x61, 0x30, 0xfa, 0x56, 0x5b, 0x82, 0x82, 0x86, 0x01, 0x01, 0x52, 0x01, 0x61, 0x32,
    0x8f, 0x56, 0x5b, 0x51, 0x90, 0x60, 0x01, 0x60, 0x01, 0x60, 0x40, 0x1b, 0x03, 0x82, 0x16, 0x82,
    0x03, 0x61, 0x01, 0x70, 0x57, 0x56, 0x5b, 0x5f, 0x19, 0x81, 0x14, 0x61, 0x19, 0xc3, 0x57, 0x60,
    0x01, 0x01, 0x90, 0x56, 0x5b, 0x61, 0x32, 0xdc, 0x61, 0x37, 0xfb, 0x56, 0x5b, 0x60, 0x40, 0x51,
    0x63, 0x8d, 0x42, 0x73, 0xb1, 0x60, 0xe0, 0x1b, 0x81, 0x52, 0x60, 0x20, 0x81, 0x60, 0x04, 0x81,
    0x64, 0x01, 0x62, 0x5f, 0x10, 0x02, 0x5a, 0xfa, 0x90, 0x81, 0x15, 0x61, 0x09, 0x40, 0x57, 0x5f,
    0x91, 0x61, 0x36, 0x05, 0x57, 0x5b, 0x50, 0x15, 0x61, 0x2f, 0x89, 0x57, 0x60, 0x40, 0x51, 0x63,
    0x19, 0x90, 0x5c, 0xd1, 0x60, 0xe0, 0x1b, 0x81, 0x52, 0x60, 0x20, 0x81, 0x60, 0x04, 0x81, 0x64,
    0x01, 0x62, 0x5f, 0x10, 0x02, 0x5a, 0xfa, 0x90, 0x81, 0x15, 0x61, 0x09, 0x40, 0x57, 0x5f, 0x91,
    0x61, 0x35, 0xd3, 0x57, 0x5b, 0x50, 0x60, 0x40, 0x51, 0x63, 0x02, 0x42, 0xd5, 0x31, 0x60, 0xe1,
    0x1b, 0x81, 0x52, 0x90, 0x5f, 0x82, 0x60, 0x04, 0x81, 0x64, 0x01, 0x62, 0x5f, 0x20, 0x05, 0x5a,
    0xfa, 0x91, 0x82, 0x15, 0x61, 0x09, 0x40, 0x57, 0x5f, 0x92, 0x61, 0x34, 0xfd, 0x57, 0x5b, 0x50,
    0x60, 0x01, 0x54, 0x90, 0x82, 0x51, 0x80, 0x83, 0x03, 0x61, 0x34, 0xc8, 0x57, 0x50, 0x5f, 0x90,
    0x5f, 0x5b, 0x83, 0x81, 0x10, 0x61, 0x34, 0x72, 0x57, 0x50, 0x5f, 0x5b, 0x83, 0x81, 0x10, 0x61,
    0x33, 0x8a, 0x57, 0x5b, 0x50, 0x50, 0x50, 0x50, 0x50, 0x56, 0x5b, 0x61, 0x33, 0x93, 0x81, 0x61,
    0x2e, 0xfb, 0x56, 0x5b, 0x60, 0x01, 0x80, 0x60, 0xa0, 0x1b, 0x03, 0x91, 0x54, 0x90, 0x60, 0x03,
    0x1b, 0x1c, 0x16, 0x80, 0x5f, 0x52, 0x5f, 0x60, 0x20, 0x52, 0x60, 0x02, 0x60, 0x40, 0x5f, 0x20,
    0x01, 0x60, 0xff, 0x81, 0x54, 0x16, 0x60, 0x04, 0x81, 0x10, 0x15, 0x61, 0x13, 0x2b, 0x57, 0x60,
    0x02, 0x03, 0x61, 0x34, 0x68, 0x57, 0x83, 0x60, 0x01, 0x60, 0x01, 0x60, 0x40, 0x1b, 0x03, 0x61,
    0x33, 0xd8, 0x85, 0x8a, 0x61, 0x31, 0x7f, 0x56, 0x5b, 0x51, 0x51, 0x16, 0x11, 0x15, 0x61, 0x33,
    0xee, 0x57, 0x5b, 0x50, 0x50, 0x60, 0x01, 0x90, 0x5b, 0x01, 0x61, 0x33, 0x7b, 0x56, 0x5b, 0x60,
    0x01, 0x85, 0x93, 0x92, 0x95, 0x11, 0x15, 0x61, 0x34, 0x61, 0x57, 0x80, 0x54, 0x60, 0xff, 0x19,
    0x16, 0x60, 0x03, 0x17, 0x90, 0x55, 0x61, 0x34, 0x0e, 0x84, 0x61, 0x2f, 0xb0, 0x56, 0x5b, 0x81,
    0x15, 0x61, 0x19, 0xc3, 0x57, 0x60, 0x01, 0x91, 0x5f, 0x19, 0x01, 0x93, 0x7f, 0x11, 0x06, 0x4a,
    0x2b, 0x1d, 0x53, 0x99, 0x1f, 0xf8, 0x15, 0x61, 0xc8, 0xc2, 0x85, 0xf9, 0xd5, 0x02, 0xe1, 0x6b,
    0x45, 0xb7, 0x4c, 0x50, 0x12, 0xfe, 0x5c, 0xc5, 0x13, 0x70, 0xdd, 0xa0, 0x20, 0x60, 0x20, 0x60,
    0x01, 0x60, 0x01, 0x60, 0x40, 0x1b, 0x03, 0x61, 0x34, 0x50, 0x85, 0x8b, 0x61, 0x31, 0x7f, 0x56,
    0x5b, 0x51, 0x51, 0x16, 0x60, 0x40, 0x51, 0x90, 0x81, 0x52, 0xa2, 0x90, 0x5f, 0x61, 0x33, 0xe2,
    0x56, 0x5b, 0x50, 0x50, 0x61, 0x33, 0x83, 0x56, 0x5b, 0x50, 0x50, 0x60, 0x01, 0x90, 0x61, 0x33,
    0xe8, 0x56, 0x5b, 0x61, 0x34, 0x7b, 0x81, 0x61, 0x2e, 0xfb, 0x56, 0x5b, 0x60, 0x01, 0x80, 0x60,
    0xa0, 0x1b, 0x03, 0x91, 0x54, 0x90, 0x60, 0x03, 0x1b, 0x1c, 0x16, 0x5f, 0x52, 0x5f, 0x60, 0x20,
    0x52, 0x60, 0xff, 0x60, 0x02, 0x60, 0x40, 0x5f, 0x20, 0x01, 0x54, 0x16, 0x60, 0x04, 0x81, 0x10,
    0x15, 0x61, 0x13, 0x2b, 0x57, 0x60, 0x02, 0x14, 0x61, 0x34, 0xb4, 0x57, 0x5b, 0x60, 0x01, 0x01,
    0x61, 0x33, 0x71, 0x56, 0x5b, 0x91, 0x61, 0x34, 0xc0, 0x60, 0x01, 0x91, 0x61, 0x32, 0xc6, 0x56,
    0x5b, 0x92, 0x90, 0x50, 0x61, 0x34, 0xac, 0x56, 0x5b, 0x7f, 0xe6, 0x5e, 0x43, 0x09, 0x7f, 0xfb,
    0x9d, 0xff, 0x24, 0xda, 0xbd, 0xda, 0x16, 0x91, 0xe9, 0x25, 0xe7, 0x18, 0x6f, 0xdd, 0xb2, 0xf7,
    0x01, 0x97, 0x21, 0x07, 0x6a, 0x16, 0x72, 0xec, 0xeb, 0x8a, 0x93, 0x50, 0x60, 0x40, 0x80, 0x93,
    0x92, 0x50, 0x51, 0x91, 0x82, 0x52, 0x60, 0x20, 0x82, 0x01, 0x52, 0xa1, 0x56, 0x5b, 0x90, 0x91,
    0x50, 0x3d, 0x80, 0x5f, 0x83, 0x3e, 0x61, 0x35, 0x0f, 0x81, 0x83, 0x61, 0x2d, 0xbe, 0x56, 0x5b,
    0x81, 0x01, 0x90, 0x60, 0x20, 0x81, 0x83, 0x03, 0x12, 0x61, 0x01, 0x70, 0x57, 0x80, 0x51, 0x90,
    0x60, 0x01, 0x60, 0x01, 0x60, 0x40, 0x1b, 0x03, 0x82, 0x11, 0x61, 0x01, 0x70, 0x57, 0x01, 0x81,
    0x60, 0x1f, 0x82, 0x01, 0x12, 0x15, 0x61, 0x01, 0x70, 0x57, 0x80, 0x51, 0x90, 0x61, 0x35, 0x45,
    0x82, 0x61, 0x30, 0xe3, 0x56, 0x5b, 0x92, 0x61, 0x35, 0x53, 0x60, 0x40, 0x51, 0x94, 0x85, 0x61,
    0x2d, 0xbe, 0x56, 0x5b, 0x82, 0x84, 0x52, 0x60, 0x20, 0x80, 0x85, 0x01, 0x93, 0x60, 0x06, 0x1b,
    0x83, 0x01, 0x01, 0x91, 0x81, 0x83, 0x11, 0x61, 0x01, 0x70, 0x57, 0x60, 0x20, 0x01, 0x92, 0x5b,
    0x82, 0x84, 0x10, 0x61, 0x35, 0x81, 0x57, 0x50, 0x50, 0x50, 0x50, 0x90, 0x5f, 0x61, 0x33, 0x5e,
    0x56, 0x5b, 0x60, 0x40, 0x84, 0x83, 0x03, 0x12, 0x61, 0x01, 0x70, 0x57, 0x60, 0x40, 0x51, 0x90,
    0x60, 0x40, 0x82, 0x01, 0x90, 0x82, 0x82, 0x10, 0x60, 0x01, 0x60, 0x01, 0x60, 0x40, 0x1b, 0x03,
    0x83, 0x11, 0x17, 0x61, 0x07, 0x81, 0x57, 0x60, 0x40, 0x92, 0x60, 0x20, 0x92, 0x84, 0x52, 0x61,
    0x35, 0xb7, 0x87, 0x61, 0x32, 0xb2, 0x56, 0x5b, 0x81, 0x52, 0x61, 0x35, 0xc4, 0x83, 0x88, 0x01,
    0x61, 0x32, 0xb2, 0x56, 0x5b, 0x83, 0x82, 0x01, 0x52, 0x81, 0x52, 0x01, 0x93, 0x01, 0x92, 0x61,
    0x35, 0x6f, 0x56, 0x5b, 0x90, 0x50, 0x60, 0x20, 0x81, 0x3d, 0x60, 0x20, 0x11, 0x61, 0x35, 0xfd,
    0x57, 0x5b, 0x81, 0x61, 0x35, 0xee, 0x60, 0x20, 0x93, 0x83, 0x61, 0x2d, 0xbe, 0x56, 0x5b, 0x81,
    0x01, 0x03, 0x12, 0x61, 0x01, 0x70, 0x57, 0x51, 0x5f, 0x61, 0x33, 0x34, 0x56, 0x5b, 0x3d, 0x91,
    0x50, 0x61, 0x35, 0xe1, 0x56, 0x5b, 0x61, 0x36, 0x1e, 0x91, 0x50, 0x60, 0x20, 0x3d, 0x60, 0x20,
    0x11, 0x61, 0x0b, 0x19, 0x57, 0x61, 0x0b, 0x0b, 0x81, 0x83, 0x61, 0x2d, 0xbe, 0x56, 0x5b, 0x5f,
    0x61, 0x33, 0x05, 0x56, 0x5b, 0x60, 0x01, 0x80, 0x60, 0xa0, 0x1b, 0x03, 0x81, 0x16, 0x90, 0x81,
    0x5f, 0x52, 0x5f, 0x60, 0x20, 0x52, 0x60, 0x40, 0x5f, 0x20, 0x60, 0x40, 0x51, 0x63, 0x16, 0xd2,
    0x5f, 0x21, 0x60, 0xe3, 0x1b, 0x81, 0x52, 0x60, 0x20, 0x81, 0x60, 0x04, 0x81, 0x64, 0x01, 0x62,
    0x5f, 0x10, 0x02, 0x5a, 0xfa, 0x90, 0x81, 0x15, 0x61, 0x09, 0x40, 0x57, 0x5f, 0x91, 0x61, 0x37,
    0x12, 0x57, 0x5b, 0x50, 0x15, 0x61, 0x0b, 0x20, 0x57, 0x60, 0x02, 0x01, 0x90, 0x60, 0xff, 0x82,
    0x54, 0x16, 0x60, 0x04, 0x81, 0x10, 0x15, 0x61, 0x13, 0x2b, 0x57, 0x60, 0x01, 0x14, 0x61, 0x36,
    0xdb, 0x57, 0x60, 0xff, 0x82, 0x54, 0x16, 0x60, 0x04, 0x81, 0x10, 0x15, 0x61, 0x13, 0x2b, 0x57,
    0x60, 0x02, 0x81, 0x03, 0x61, 0x30, 0x79, 0x57, 0x50, 0x60, 0x01, 0x80, 0x54, 0x14, 0x61, 0x30,
    0x6a, 0x57, 0x61, 0x36, 0xb5, 0x91, 0x60, 0x03, 0x60, 0xff, 0x19, 0x82, 0x54, 0x16, 0x17, 0x90,
    0x55, 0x61, 0x2f, 0xb0, 0x56, 0x5b, 0x7f, 0x9a, 0x1c, 0x32, 0xf0, 0x4d, 0xbb, 0x16, 0xc5, 0xa8,
    0xb5, 0x25, 0xc0, 0x28, 0xc5, 0xfb, 0x9d, 0x9e, 0xd0, 0x3b, 0x1d, 0x51, 0x00, 0x9c, 0x3e, 0xf6,
    0xfd, 0x9e, 0x2a, 0xab, 0x77, 0xe8, 0x38, 0x5f, 0x80, 0xa2, 0x56, 0x5b, 0x61, 0x36, 0xe4, 0x90,
    0x61, 0x38, 0x25, 0x56, 0x5b, 0x80, 0x54, 0x60, 0xff, 0x19, 0x16, 0x90, 0x55, 0x7f, 0x9a, 0x1c,
    0x32, 0xf0, 0x4d, 0xbb, 0x16, 0xc5, 0xa8, 0xb5, 0x25, 0xc0, 0x28, 0xc5, 0xfb, 0x9d, 0x9e, 0xd0,
    0x3b, 0x1d, 0x51, 0x00, 0x9c, 0x3e, 0xf6, 0xfd, 0x9e, 0x2a, 0xab, 0x77, 0xe8, 0x38, 0x5f, 0x80,
    0xa2, 0x56, 0x5b, 0x61, 0x37, 0x2b, 0x91, 0x50, 0x60, 0x20, 0x3d, 0x60, 0x20, 0x11, 0x61, 0x0b,
    0x19, 0x57, 0x61, 0x0b, 0x0b, 0x81, 0x83, 0x61, 0x2d, 0xbe, 0x56, 0x5b, 0x5f, 0x61, 0x36, 0x62,
    0x56, 0x5b, 0x60, 0x01, 0x60, 0x01, 0x60, 0x40, 0x1b, 0x03, 0x81, 0x11, 0x61, 0x07, 0x81, 0x57,
    0x60, 0x1f, 0x01, 0x60, 0x1f, 0x19, 0x16, 0x60, 0x20, 0x01, 0x90, 0x56, 0x5b, 0x92, 0x91, 0x92,
    0x61, 0x37, 0x58, 0x82, 0x61, 0x37, 0x31, 0x56, 0x5b, 0x91, 0x61, 0x37, 0x66, 0x60, 0x40, 0x51,
    0x93, 0x84, 0x61, 0x2d, 0xbe, 0x56, 0x5b, 0x82, 0x94, 0x81, 0x84, 0x52, 0x81, 0x83, 0x01, 0x11,
    0x61, 0x01, 0x70, 0x57, 0x82, 0x81, 0x60, 0x20, 0x93, 0x84, 0x5f, 0x96, 0x01, 0x37, 0x01, 0x01,
    0x52, 0x56, 0x5b, 0x90, 0x80, 0x60, 0x20, 0x93, 0x92, 0x81, 0x84, 0x52, 0x84, 0x84, 0x01, 0x37,
    0x5f, 0x82, 0x82, 0x01, 0x84, 0x01, 0x52, 0x60, 0x1f, 0x01, 0x60, 0x1f, 0x19, 0x16, 0x01, 0x01,
    0x90, 0x56, 0x5b, 0x81, 0x81, 0x10, 0x61, 0x37, 0xad, 0x57, 0x50, 0x50, 0x56, 0x5b, 0x5f, 0x81,
    0x55, 0x60, 0x01, 0x01, 0x61, 0x37, 0xa2, 0x56, 0x5b, 0x91, 0x90, 0x60, 0x1f, 0x81, 0x11, 0x61,
    0x37, 0xc7, 0x57, 0x50, 0x50, 0x50, 0x56, 0x5b, 0x61, 0x2f, 0x89, 0x92, 0x5f, 0x52, 0x60, 0x20,
    0x5f, 0x20, 0x90, 0x60, 0x20, 0x60, 0x1f, 0x84, 0x01, 0x60, 0x05, 0x1c, 0x83, 0x01, 0x93, 0x10,
    0x61, 0x37, 0xf1, 0x57, 0x5b, 0x60, 0x1f, 0x01, 0x60, 0x05, 0x1c, 0x01, 0x90, 0x61, 0x37, 0xa2,
    0x56, 0x5b, 0x90, 0x91, 0x50, 0x81, 0x90, 0x61, 0x37, 0xe4, 0x56, 0x5b, 0x64, 0x01, 0x62, 0x5f,
    0x20, 0x03, 0x33, 0x03, 0x61, 0x38, 0x09, 0x57, 0x56, 0x5b, 0x63, 0x02, 0x72, 0xd0, 0x29, 0x60,
    0xe6, 0x1b, 0x5f, 0x52, 0x33, 0x60, 0x04, 0x52, 0x64, 0x01, 0x62, 0x5f, 0x20, 0x03, 0x60, 0x24,
    0x52, 0x60, 0x44, 0x5f, 0xfd, 0x5b, 0x60, 0x02, 0x54, 0x5f, 0x5b, 0x81, 0x81, 0x10, 0x61, 0x38,
    0x36, 0x57, 0x50, 0x50, 0x50, 0x56, 0x5b, 0x61, 0x38, 0x3f, 0x81, 0x61, 0x2e, 0xcf, 0x56, 0x5b,
    0x90, 0x54, 0x60, 0x03, 0x91, 0x90, 0x91, 0x1b, 0x1c, 0x60, 0x01, 0x60, 0x01, 0x60, 0xa0, 0x1b,
    0x03, 0x90, 0x81, 0x16, 0x90, 0x84, 0x16, 0x14, 0x61, 0x38, 0x63, 0x57, 0x60, 0x01, 0x01, 0x61,
    0x38, 0x2a, 0x56, 0x5b, 0x5f, 0x19, 0x82, 0x01, 0x92, 0x50, 0x90, 0x82, 0x11, 0x61, 0x19, 0xc3,
    0x57, 0x61, 0x2f, 0x65, 0x61, 0x38, 0x7f, 0x61, 0x38, 0x97, 0x93, 0x61, 0x2e, 0xcf, 0x56, 0x5b,
    0x90, 0x54, 0x60, 0x03, 0x91, 0x90, 0x91, 0x1b, 0x1c, 0x60, 0x01, 0x60, 0x01, 0x60, 0xa0, 0x1b,
    0x03, 0x16, 0x91, 0x61, 0x2e, 0xcf, 0x56, 0x5b, 0x60, 0x02, 0x54, 0x80, 0x15, 0x61, 0x38, 0xc4,
    0x57, 0x5f, 0x19, 0x01, 0x61, 0x38, 0xac, 0x81, 0x61, 0x2e, 0xcf, 0x56, 0x5b, 0x81, 0x54, 0x90,
    0x60, 0x01, 0x80, 0x60, 0xa0, 0x1b, 0x03, 0x90, 0x60, 0x03, 0x1b, 0x1b, 0x19, 0x16, 0x90, 0x55,
    0x60, 0x02, 0x55, 0x56, 0x5b, 0x63, 0x4e, 0x48, 0x7b, 0x71, 0x60, 0xe0, 0x1b, 0x5f, 0x52, 0x60,
    0x31, 0x60, 0x04, 0x52, 0x60, 0x24, 0x5f, 0xfd, 0x5b, 0x60, 0x40, 0x51, 0x63, 0x7e, 0x34, 0x5d,
    0xef, 0x60, 0xe1, 0x1b, 0x81, 0x52, 0x60, 0x20, 0x81, 0x60, 0x04, 0x81, 0x64, 0x01, 0x62, 0x5f,
    0x10, 0x00, 0x5a, 0xfa, 0x90, 0x81, 0x15, 0x61, 0x09, 0x40, 0x57, 0x5f, 0x91, 0x61, 0x39, 0xf1,
    0x57, 0x5b, 0x50, 0x60, 0x40, 0x51, 0x63, 0x2e, 0x30, 0xb7, 0xb1, 0x60, 0xe2, 0x1b, 0x81, 0x52,
    0x60, 0x01, 0x60, 0x01, 0x60, 0xa0, 0x1b, 0x03, 0x90, 0x92, 0x16, 0x60, 0x04, 0x83, 0x01, 0x52,
    0x60, 0x01, 0x60, 0x01, 0x60, 0x40, 0x1b, 0x03, 0x16, 0x60, 0x24, 0x82, 0x01, 0x52, 0x60, 0x20,
    0x81, 0x80, 0x60, 0x44, 0x81, 0x01, 0x5b, 0x03, 0x81, 0x64, 0x01, 0x62, 0x5f, 0x20, 0x00, 0x5a,
    0xfa, 0x90, 0x81, 0x15, 0x61, 0x09, 0x40, 0x57, 0x5f, 0x91, 0x61, 0x39, 0xbf, 0x57, 0x5b, 0x50,
    0x60, 0x40, 0x51, 0x63, 0x74, 0x26, 0x80, 0xdf, 0x60, 0xe1, 0x1b, 0x81, 0x52, 0x90, 0x60, 0x20,
    0x82, 0x60, 0x04, 0x81, 0x64, 0x01, 0x62, 0x5f, 0x10, 0x02, 0x5a, 0xfa, 0x91, 0x82, 0x15, 0x61,
    0x09, 0x40, 0x57, 0x5f, 0x92, 0x61, 0x39, 0x8b, 0x57, 0x5b, 0x50, 0x81, 0x81, 0x11, 0x15, 0x61,
    0x39, 0x86, 0x57, 0x50, 0x90, 0x56, 0x5b, 0x90, 0x50, 0x90, 0x56, 0x5b, 0x90, 0x91, 0x50, 0x60,
    0x20, 0x81, 0x3d, 0x60, 0x20, 0x11, 0x61, 0x39, 0xb7, 0x57, 0x5b, 0x81, 0x61, 0x39, 0xa7, 0x60,
    0x20, 0x93, 0x83, 0x61, 0x2d, 0xbe, 0x56, 0x5b, 0x81, 0x01, 0x03, 0x12, 0x61, 0x01, 0x70, 0x57,
    0x51, 0x90, 0x5f, 0x61, 0x39, 0x79, 0x56, 0x5b, 0x3d, 0x91, 0x50, 0x61, 0x39, 0x9a, 0x56, 0x5b,
    0x90, 0x50, 0x60, 0x20, 0x81, 0x3d, 0x60, 0x20, 0x11, 0x61, 0x39, 0xe9, 0x57, 0x5b, 0x81, 0x61,
    0x39, 0xda, 0x60, 0x20, 0x93, 0x83, 0x61, 0x2d, 0xbe, 0x56, 0x5b, 0x81, 0x01, 0x03, 0x12, 0x61,
    0x01, 0x70, 0x57, 0x51, 0x5f, 0x61, 0x39, 0x4e, 0x56, 0x5b, 0x3d, 0x91, 0x50, 0x61, 0x39, 0xcd,
    0x56, 0x5b, 0x90, 0x50, 0x60, 0x20, 0x81, 0x3d, 0x60, 0x20, 0x11, 0x61, 0x3a, 0x2b, 0x57, 0x5b,
    0x81, 0x61, 0x3a, 0x0c, 0x60, 0x20, 0x93, 0x83, 0x61, 0x2d, 0xbe, 0x56, 0x5b, 0x81, 0x01, 0x03,
    0x12, 0x61, 0x01, 0x70, 0x57, 0x61, 0x39, 0x36, 0x91, 0x61, 0x3a, 0x23, 0x60, 0x20, 0x92, 0x61,
    0x32, 0xb2, 0x56, 0x5b, 0x91, 0x50, 0x91, 0x61, 0x39, 0x01, 0x56, 0x5b, 0x3d, 0x91, 0x50, 0x61,
    0x39, 0xff, 0x56, 0x5b, 0x90, 0x35, 0x90, 0x60, 0x1e, 0x19, 0x81, 0x36, 0x03, 0x01, 0x82, 0x12,
    0x15, 0x61, 0x01, 0x70, 0x57, 0x01, 0x80, 0x35, 0x90, 0x60, 0x01, 0x60, 0x01, 0x60, 0x40, 0x1b,
    0x03, 0x82, 0x11, 0x61, 0x01, 0x70, 0x57, 0x60, 0x20, 0x01, 0x91, 0x81, 0x36, 0x03, 0x83, 0x13,
    0x61, 0x01, 0x70, 0x57, 0x56, 0x5b, 0x35, 0x60, 0x01, 0x60, 0x01, 0x60, 0xa0, 0x1b, 0x03, 0x81,
    0x16, 0x81, 0x03, 0x61, 0x01, 0x70, 0x57, 0x90, 0x56, 0x5b, 0x90, 0x61, 0x3a, 0x83, 0x82, 0x61,
    0x30, 0xe3, 0x56, 0x5b, 0x61, 0x3a, 0x90, 0x60, 0x40, 0x51, 0x91, 0x82, 0x61, 0x2d, 0xbe, 0x56,
    0x5b, 0x82, 0x81, 0x52, 0x80, 0x92, 0x61, 0x3a, 0xa1, 0x60, 0x1f, 0x19, 0x91, 0x61, 0x30, 0xe3,
    0x56, 0x5b, 0x01, 0x90, 0x60, 0x20, 0x36, 0x91, 0x01, 0x37, 0x56, 0x5b, 0x60, 0x40, 0x51, 0x61,
    0x01, 0x20, 0x81, 0x01, 0x81, 0x81, 0x10, 0x60, 0x01, 0x60, 0x01, 0x60, 0x40, 0x1b, 0x03, 0x82,
    0x11, 0x17, 0x61, 0x07, 0x81, 0x57, 0x60, 0x40, 0x52, 0x60, 0x60, 0x81, 0x52, 0x60, 0x20, 0x81,
    0x01, 0x90, 0x60, 0x60, 0x82, 0x52, 0x60, 0x40, 0x81, 0x01, 0x92, 0x5f, 0x84, 0x52, 0x60, 0x60,
    0x82, 0x01, 0x90, 0x60, 0x60, 0x82, 0x52, 0x60, 0x80, 0x83, 0x01, 0x93, 0x5f, 0x85, 0x52, 0x60,
    0xa0, 0x84, 0x01, 0x90, 0x60, 0x60, 0x82, 0x52, 0x60, 0xc0, 0x85, 0x01, 0x90, 0x5f, 0x82, 0x52,
    0x60, 0xe0, 0x86, 0x01, 0x91, 0x60, 0x60, 0x83, 0x52, 0x61, 0x01, 0x00, 0x87, 0x01, 0x93, 0x5f,
    0x85, 0x52, 0x60, 0x01, 0x54, 0x99, 0x60, 0x02, 0x54, 0x93, 0x60, 0x03, 0x54, 0x80, 0x92, 0x61,
    0x3b, 0x27, 0x82, 0x61, 0x3a, 0x79, 0x56, 0x5b, 0x83, 0x52, 0x52, 0x61, 0x3b, 0x33, 0x85, 0x61,
    0x3a, 0x79, 0x56, 0x5b, 0x89, 0x52, 0x61, 0x3b, 0x3e, 0x85, 0x61, 0x3a, 0x79, 0x56, 0x5b, 0x83,
    0x52, 0x61, 0x3b, 0x49, 0x85, 0x61, 0x3a, 0x79, 0x56, 0x5b, 0x86, 0x52, 0x5f, 0x5b, 0x82, 0x81,
    0x10, 0x61, 0x3f, 0x08, 0x57, 0x50, 0x50, 0x50, 0x5f, 0x94, 0x5f, 0x5b, 0x8b, 0x81, 0x10, 0x61,
    0x3e, 0xb2, 0x57, 0x50, 0x5f, 0x94, 0x5f, 0x5b, 0x8c, 0x81, 0x10, 0x61, 0x3e, 0x7f, 0x57, 0x50,
    0x60, 0x40, 0x51, 0x63, 0x2a, 0xa1, 0x2a, 0x5b, 0x60, 0xe0, 0x1b, 0x81, 0x52, 0x60, 0x20, 0x81,
    0x60, 0x04, 0x81, 0x64, 0x01, 0x62, 0x5f, 0x10, 0x02, 0x5a, 0xfa, 0x80, 0x15, 0x61, 0x09, 0x40,
    0x57, 0x5f, 0x90, 0x61, 0x3e, 0x3f, 0x57, 0x5b, 0x60, 0x01, 0x60, 0x01, 0x60, 0x40, 0x1b, 0x03,
    0x91, 0x50, 0x16, 0x80, 0x87, 0x02, 0x90, 0x87, 0x15, 0x97, 0x82, 0x04, 0x14, 0x87, 0x17, 0x15,
    0x61, 0x19, 0xc3, 0x57, 0x61, 0x27, 0x10, 0x81, 0x02, 0x90, 0x80, 0x82, 0x04, 0x61, 0x27, 0x10,
    0x14, 0x90, 0x15, 0x17, 0x15, 0x61, 0x19, 0xc3, 0x57, 0x60, 0x40, 0x51, 0x63, 0xaa, 0x75, 0x17,
    0xe1, 0x60, 0xe0, 0x1b, 0x81, 0x52, 0x95, 0x90, 0x62, 0x0f, 0x42, 0x40, 0x90, 0x04, 0x60, 0x20,
    0x87, 0x60, 0x04, 0x81, 0x64, 0x01, 0x62, 0x5f, 0x10, 0x02, 0x5a, 0xfa, 0x96, 0x87, 0x15, 0x61,
    0x09, 0x40, 0x57, 0x5f, 0x97, 0x61, 0x3e, 0x0b, 0x57, 0x5b, 0x50, 0x8c, 0x91, 0x97, 0x95, 0x8b,
    0x5f, 0x5f, 0x98, 0x15, 0x94, 0x5b, 0x8b, 0x8a, 0x10, 0x61, 0x3d, 0x3c, 0x57, 0x98, 0x50, 0x50,
    0x50, 0x50, 0x50, 0x50, 0x50, 0x50, 0x50, 0x61, 0x3c, 0x28, 0x92, 0x50, 0x61, 0x3c, 0x2d, 0x93,
    0x91, 0x50, 0x51, 0x90, 0x61, 0x31, 0x93, 0x56, 0x5b, 0x61, 0x31, 0x30, 0x56, 0x5b, 0x83, 0x52,
    0x5f, 0x94, 0x5f, 0x5b, 0x81, 0x81, 0x10, 0x61, 0x3c, 0xba, 0x57, 0x50, 0x50, 0x5f, 0x94, 0x5b,
    0x84, 0x51, 0x86, 0x10, 0x15, 0x61, 0x3c, 0xb1, 0x57, 0x61, 0x3c, 0xa9, 0x81, 0x61, 0x3c, 0xa3,
    0x60, 0x01, 0x93, 0x84, 0x80, 0x60, 0xa0, 0x1b, 0x03, 0x61, 0x3c, 0x63, 0x8b, 0x89, 0x51, 0x61,
    0x31, 0x7f, 0x56, 0x5b, 0x51, 0x16, 0x80, 0x5f, 0x52, 0x5f, 0x60, 0x20, 0x52, 0x60, 0x07, 0x61,
    0x3c, 0x8b, 0x60, 0x40, 0x5f, 0x20, 0x61, 0x3c, 0x7e, 0x84, 0x61, 0x38, 0xd8, 0x56, 0x5b, 0x60,
    0x40, 0x51, 0x94, 0x61, 0x31, 0xfd, 0x86, 0x61, 0x2d, 0xa3, 0x56, 0x5b, 0x60, 0xc0, 0x82, 0x01,
    0x52, 0x88, 0x51, 0x90, 0x61, 0x3c, 0x9d, 0x83, 0x83, 0x61, 0x31, 0x7f, 0x56, 0x5b, 0x52, 0x61,
    0x31, 0x7f, 0x56, 0x5b, 0x50, 0x61, 0x32, 0xc6, 0x56, 0x5b, 0x95, 0x01, 0x94, 0x61, 0x3c, 0x3f,
    0x56, 0x5b, 0x50, 0x93, 0x50, 0x50, 0x90, 0x50, 0x90, 0x56, 0x5b, 0x61, 0x3c, 0xc3, 0x81, 0x61,
    0x2e, 0xfb, 0x56, 0x5b, 0x60, 0x01, 0x80, 0x60, 0xa0, 0x1b, 0x03, 0x91, 0x54, 0x90, 0x60, 0x03,
    0x1b, 0x1c, 0x16, 0x80, 0x5f, 0x52, 0x5f, 0x60, 0x20, 0x52, 0x60, 0xff, 0x60, 0x02, 0x60, 0x40,
    0x5f, 0x20, 0x01, 0x54, 0x16, 0x60, 0x04, 0x81, 0x10, 0x15, 0x61, 0x13, 0x2b, 0x57, 0x60, 0x03,
    0x03, 0x61, 0x3c, 0xfe, 0x57, 0x5b, 0x50, 0x60, 0x01, 0x01, 0x61, 0x3c, 0x33, 0x56, 0x5b, 0x87,
    0x61, 0x3c, 0xa3, 0x60, 0x01, 0x93, 0x99, 0x83, 0x61, 0x3d, 0x35, 0x94, 0x5f, 0x52, 0x5f, 0x60,
    0x20, 0x52, 0x60, 0x07, 0x61, 0x3d, 0x23, 0x60, 0x40, 0x5f, 0x20, 0x61, 0x3c, 0x7e, 0x84, 0x61,
    0x38, 0xd8, 0x56, 0x5b, 0x60, 0xc0, 0x82, 0x01, 0x52, 0x89, 0x51, 0x90, 0x61, 0x3c, 0x9d, 0x83,
    0x83, 0x61, 0x31, 0x7f, 0x56, 0x5b, 0x96, 0x90, 0x61, 0x3c, 0xf5, 0x56, 0x5b, 0x61, 0x3d, 0x45,
    0x8a, 0x61, 0x2e, 0xcf, 0x56, 0x5b, 0x90, 0x54, 0x60, 0x03, 0x91, 0x90, 0x91, 0x1b, 0x1c, 0x60,
    0x01, 0x60, 0x01, 0x60, 0xa0, 0x1b, 0x03, 0x16, 0x61, 0x3d, 0x60, 0x81, 0x61, 0x38, 0xd8, 0x56,
    0x5b, 0x93, 0x8c, 0x85, 0x10, 0x61, 0x3d, 0xe2, 0x57, 0x87, 0x80, 0x61, 0x3d, 0xd0, 0x57, 0x5b,
    0x61, 0x3d, 0xa7, 0x57, 0x91, 0x61, 0x3d, 0x9b, 0x93, 0x91, 0x61, 0x3d, 0x89, 0x60, 0x01, 0x96,
    0x94, 0x51, 0x83, 0x51, 0x90, 0x61, 0x31, 0x7f, 0x56, 0x5b, 0x52, 0x61, 0x3d, 0x94, 0x81, 0x51,
    0x61, 0x32, 0xc6, 0x56, 0x5b, 0x90, 0x52, 0x61, 0x31, 0x93, 0x56, 0x5b, 0x97, 0x5b, 0x01, 0x96,
    0x8c, 0x90, 0x8f, 0x61, 0x3c, 0x05, 0x56, 0x5b, 0x50, 0x90, 0x50, 0x60, 0x01, 0x92, 0x50, 0x61,
    0x3d, 0xbe, 0x87, 0x9a, 0x92, 0x9a, 0x51, 0x89, 0x51, 0x90, 0x61, 0x31, 0x7f, 0x56, 0x5b, 0x52,
    0x61, 0x3d, 0xc9, 0x87, 0x51, 0x61, 0x32, 0xc6, 0x56, 0x5b, 0x87, 0x52, 0x61, 0x3d, 0x9d, 0x56,
    0x5b, 0x50, 0x86, 0x61, 0x3d, 0xdc, 0x86, 0x86, 0x61, 0x31, 0x93, 0x56, 0x5b, 0x11, 0x61, 0x3d,
    0x6f, 0x56, 0x5b, 0x50, 0x90, 0x50, 0x60, 0x01, 0x92, 0x50, 0x61, 0x3d, 0xf9, 0x89, 0x9a, 0x92,
    0x9a, 0x51, 0x85, 0x51, 0x90, 0x61, 0x31, 0x7f, 0x56, 0x5b, 0x52, 0x61, 0x3e, 0x04, 0x83, 0x51,
    0x61, 0x32, 0xc6, 0x56, 0x5b, 0x83, 0x52, 0x61, 0x3d, 0x9d, 0x56, 0x5b, 0x90, 0x96, 0x50, 0x60,
    0x20, 0x81, 0x3d, 0x60, 0x20, 0x11, 0x61, 0x3e, 0x37, 0x57, 0x5b, 0x81, 0x61, 0x3e, 0x27, 0x60,
    0x20, 0x93, 0x83, 0x61, 0x2d, 0xbe, 0x56, 0x5b, 0x81, 0x01, 0x03, 0x12, 0x61, 0x01, 0x70, 0x57,
    0x51, 0x95, 0x5f, 0x61, 0x3b, 0xf9, 0x56, 0x5b, 0x3d, 0x91, 0x50, 0x61, 0x3e, 0x1a, 0x56, 0x5b,
    0x50, 0x60, 0x20, 0x81, 0x3d, 0x60, 0x20, 0x11, 0x61, 0x3e, 0x77, 0x57, 0x5b, 0x81, 0x61, 0x3e,
    0x59, 0x60, 0x20, 0x93, 0x83, 0x61, 0x2d, 0xbe, 0x56, 0x5b, 0x81, 0x01, 0x03, 0x12, 0x61, 0x01,
    0x70, 0x57, 0x61, 0x3e, 0x72, 0x60, 0x01, 0x60, 0x01, 0x60, 0x40, 0x1b, 0x03, 0x91, 0x61, 0x32,
    0xb2, 0x56, 0x5b, 0x61, 0x3b, 0x97, 0x56, 0x5b, 0x3d, 0x91, 0x50, 0x61, 0x3e, 0x4c, 0x56, 0x5b,
    0x95, 0x61, 0x3e, 0xab, 0x60, 0x01, 0x91, 0x61, 0x3e, 0xa5, 0x61, 0x3e, 0x92, 0x8a, 0x61, 0x2e,
    0xfb, 0x56, 0x5b, 0x85, 0x80, 0x60, 0xa0, 0x1b, 0x03, 0x91, 0x54, 0x90, 0x60, 0x03, 0x1b, 0x1c,
    0x16, 0x61, 0x38, 0xd8, 0x56, 0x5b, 0x90, 0x61, 0x31, 0x93, 0x56, 0x5b, 0x96, 0x01, 0x61, 0x3b,
    0x67, 0x56, 0x5b, 0x61, 0x3e, 0xbb, 0x81, 0x61, 0x2e, 0xfb, 0x56, 0x5b, 0x60, 0x01, 0x80, 0x60,
    0xa0, 0x1b, 0x03, 0x91, 0x54, 0x90, 0x60, 0x03, 0x1b, 0x1c, 0x16, 0x5f, 0x52, 0x5f, 0x60, 0x20,
    0x52, 0x60, 0xff, 0x60, 0x02, 0x60, 0x40, 0x5f, 0x20, 0x01, 0x54, 0x16, 0x60, 0x04, 0x81, 0x10,
    0x15, 0x61, 0x13, 0x2b, 0x57, 0x60, 0x03, 0x03, 0x61, 0x3e, 0xf4, 0x57, 0x5b, 0x60, 0x01, 0x01,
    0x61, 0x3b, 0x5b, 0x56, 0x5b, 0x95, 0x61, 0x3f, 0x00, 0x60, 0x01, 0x91, 0x61, 0x32, 0xc6, 0x56,
    0x5b, 0x96, 0x90, 0x50, 0x61, 0x3e, 0xec, 0x56, 0x5b, 0x80, 0x61, 0x3f, 0x14, 0x60, 0x01, 0x92,
    0x61, 0x2f, 0x13, 0x56, 0x5b, 0x83, 0x80, 0x60, 0xa0, 0x1b, 0x03, 0x91, 0x54, 0x90, 0x60, 0x03,
    0x1b, 0x1c, 0x16, 0x61, 0x3f, 0x2d, 0x82, 0x85, 0x51, 0x61, 0x31, 0x7f, 0x56, 0x5b, 0x52, 0x01,
    0x61, 0x3b, 0x4d, 0x56, 0x5b, 0x90, 0x92, 0x61, 0x3f, 0x6a, 0x5f, 0x94, 0x60, 0x20, 0x83, 0x87,
    0x96, 0x60, 0x40, 0x51, 0x95, 0x84, 0x87, 0x95, 0x85, 0x87, 0x01, 0x99, 0x8a, 0x37, 0x85, 0x01,
    0x91, 0x84, 0x83, 0x01, 0x8a, 0x81, 0x52, 0x37, 0x01, 0x01, 0x85, 0x81, 0x52, 0x03, 0x60, 0x1f,
    0x19, 0x81, 0x01, 0x83, 0x52, 0x82, 0x61, 0x2d, 0xbe, 0x56, 0x5b, 0x51, 0x90, 0x64, 0x01, 0x62,
    0x5f, 0x50, 0x01, 0x5a, 0xfa, 0x3d, 0x15, 0x61, 0x3f, 0xed, 0x57, 0x3d, 0x90, 0x61, 0x3f, 0x85,
    0x82, 0x61, 0x37, 0x31, 0x56, 0x5b, 0x91, 0x61, 0x3f, 0x93, 0x60, 0x40, 0x51, 0x93, 0x84, 0x61,
    0x2d, 0xbe, 0x56, 0x5b, 0x82, 0x52, 0x3d, 0x5f, 0x60, 0x20, 0x84, 0x01, 0x3e, 0x5b, 0x15, 0x90,
    0x81, 0x15, 0x61, 0x3f, 0xe0, 0x57, 0x5b, 0x81, 0x15, 0x61, 0x3f, 0xc3, 0x57, 0x5b, 0x50, 0x61,
    0x3f, 0xb4, 0x57, 0x56, 0x5b, 0x63, 0x26, 0x1e, 0xf0, 0xbf, 0x60, 0xe1, 0x1b, 0x5f, 0x52, 0x60,
    0x04, 0x5f, 0xfd, 0x5b, 0x80, 0x51, 0x60, 0x20, 0x80, 0x83, 0x01, 0x93, 0x50, 0x90, 0x82, 0x01,
    0x91, 0x90, 0x91, 0x03, 0x12, 0x61, 0x01, 0x70, 0x57, 0x51, 0x15, 0x5f, 0x61, 0x3f, 0xad, 0x56,
    0x5b, 0x90, 0x50, 0x60, 0x20, 0x81, 0x51, 0x10, 0x90, 0x61, 0x3f, 0xa6, 0x56, 0x5b, 0x60, 0x60,
    0x90, 0x61, 0x3f, 0x9d, 0x56, 0xfe, 0xa2, 0x64, 0x69, 0x70, 0x66, 0x73, 0x58, 0x22, 0x12, 0x20,
    0xf9, 0x87, 0xd7, 0x73, 0x78, 0x80, 0xce, 0x0b, 0xe8, 0x49, 0x8a, 0x09, 0x42, 0x78, 0xb0, 0xf1,
    0x89, 0x1a, 0xa8, 0x49, 0x27, 0x44, 0x03, 0xc0, 0x0b, 0x96, 0x14, 0x4e, 0xec, 0xa6, 0x3f, 0xe8,
    0x64, 0x73, 0x6f, 0x6c, 0x63, 0x43, 0x00, 0x08, 0x1e, 0x00, 0x33,
];
/// `ValidatorManagement` system address
pub const VALIDATOR_MANAGEMENT_ADDRESS: Address =
    address!("00000000000000000000000000000001625F2001");

/// Reconfiguration runtime bytecode (from current HEAD)
pub const RECONFIGURATION_BYTECODE: &[u8] = &[
    0x60, 0x80, 0x60, 0x40, 0x52, 0x60, 0x04, 0x36, 0x10, 0x15, 0x61, 0x00, 0x11, 0x57, 0x5f, 0x80,
    0xfd, 0x5b, 0x5f, 0x5f, 0x35, 0x60, 0xe0, 0x1c, 0x80, 0x63, 0x17, 0x9f, 0xdc, 0x7e, 0x14, 0x61,
    0x06, 0x57, 0x57, 0x80, 0x63, 0x39, 0x2e, 0x53, 0xcd, 0x14, 0x61, 0x06, 0x33, 0x57, 0x80, 0x63,
    0x3e, 0x83, 0x84, 0xc8, 0x14, 0x61, 0x06, 0x16, 0x57, 0x80, 0x63, 0x40, 0x6e, 0x69, 0x92, 0x14,
    0x61, 0x05, 0xee, 0x57, 0x80, 0x63, 0x49, 0xa3, 0xcc, 0xbc, 0x14, 0x61, 0x03, 0xbd, 0x57, 0x80,
    0x63, 0x51, 0x4c, 0xce, 0x81, 0x14, 0x61, 0x03, 0xa2, 0x57, 0x80, 0x63, 0x60, 0x41, 0xea, 0xe6,
    0x14, 0x61, 0x03, 0x7d, 0x57, 0x80, 0x63, 0x76, 0x67, 0x18, 0x08, 0x14, 0x61, 0x03, 0x57, 0x57,
    0x80, 0x63, 0x7f, 0x7b, 0xb4, 0x89, 0x14, 0x61, 0x02, 0x5e, 0x57, 0x80, 0x63, 0x81, 0x29, 0xfc,
    0x1c, 0x14, 0x61, 0x00, 0xf7, 0x57, 0x80, 0x63, 0xa7, 0x20, 0x2f, 0xb3, 0x14, 0x61, 0x00, 0xcc,
    0x57, 0x63, 0xbe, 0xd0, 0xd8, 0x73, 0x14, 0x61, 0x00, 0x9e, 0x57, 0x5f, 0x80, 0xfd, 0x5b, 0x34,
    0x61, 0x00, 0xc9, 0x57, 0x80, 0x60, 0x03, 0x19, 0x36, 0x01, 0x12, 0x61, 0x00, 0xc9, 0x57, 0x60,
    0x20, 0x61, 0x00, 0xb8, 0x61, 0x08, 0xb6, 0x56, 0x5b, 0x60, 0x01, 0x60, 0x01, 0x60, 0x40, 0x1b,
    0x03, 0x60, 0x40, 0x51, 0x91, 0x16, 0x81, 0x52, 0xf3, 0x5b, 0x80, 0xfd, 0x5b, 0x50, 0x34, 0x61,
    0x00, 0xc9, 0x57, 0x80, 0x60, 0x03, 0x19, 0x36, 0x01, 0x12, 0x61, 0x00, 0xc9, 0x57, 0x54, 0x60,
    0x40, 0x51, 0x60, 0x20, 0x91, 0x60, 0x80, 0x1c, 0x60, 0xff, 0x16, 0x61, 0x00, 0xf3, 0x81, 0x61,
    0x06, 0x85, 0x56, 0x5b, 0x81, 0x52, 0xf3, 0x5b, 0x50, 0x34, 0x61, 0x00, 0xc9, 0x57, 0x80, 0x60,
    0x03, 0x19, 0x36, 0x01, 0x12, 0x61, 0x00, 0xc9, 0x57, 0x64, 0x01, 0x62, 0x5f, 0x00, 0x01, 0x33,
    0x03, 0x61, 0x02, 0x42, 0x57, 0x80, 0x54, 0x60, 0xff, 0x81, 0x60, 0xc8, 0x1c, 0x16, 0x61, 0x02,
    0x34, 0x57, 0x67, 0xff, 0xff, 0xff, 0xff, 0xff, 0xff, 0xff, 0xff, 0x19, 0x81, 0x16, 0x60, 0x01,
    0x17, 0x82, 0x55, 0x60, 0x40, 0x51, 0x63, 0x7e, 0x34, 0x5d, 0xef, 0x60, 0xe1, 0x1b, 0x81, 0x52,
    0x82, 0x91, 0x90, 0x60, 0x20, 0x81, 0x60, 0x04, 0x81, 0x64, 0x01, 0x62, 0x5f, 0x10, 0x00, 0x5a,
    0xfa, 0x90, 0x81, 0x15, 0x61, 0x02, 0x29, 0x57, 0x83, 0x91, 0x61, 0x01, 0xc5, 0x57, 0x5b, 0x50,
    0x60, 0x01, 0x60, 0x01, 0x60, 0xd0, 0x1b, 0x03, 0x19, 0x91, 0x90, 0x91, 0x16, 0x67, 0xff, 0xff,
    0xff, 0xff, 0xff, 0xff, 0xff, 0xff, 0x60, 0x40, 0x1b, 0x60, 0x40, 0x92, 0x83, 0x1b, 0x16, 0x17,
    0x60, 0x01, 0x60, 0x01, 0x60, 0xc8, 0x1b, 0x01, 0x17, 0x80, 0x83, 0x55, 0x81, 0x51, 0x60, 0x01,
    0x60, 0x01, 0x60, 0x40, 0x1b, 0x03, 0x91, 0x90, 0x92, 0x1c, 0x16, 0x81, 0x52, 0x7f, 0x26, 0x2d,
    0xe7, 0x06, 0x34, 0x81, 0x6a, 0xd0, 0x99, 0x9d, 0xb4, 0x6c, 0x2e, 0x54, 0xe0, 0xfa, 0x53, 0xfc,
    0xd3, 0x84, 0xd3, 0xb8, 0xf7, 0x15, 0x37, 0x34, 0x9a, 0x01, 0xe1, 0x52, 0xee, 0x3a, 0x90, 0x60,
    0x20, 0x90, 0xa2, 0x80, 0xf3, 0x5b, 0x90, 0x50, 0x60, 0x20, 0x81, 0x3d, 0x60, 0x20, 0x11, 0x61,
    0x02, 0x21, 0x57, 0x5b, 0x81, 0x61, 0x01, 0xe0, 0x60, 0x20, 0x93, 0x83, 0x61, 0x06, 0xa3, 0x56,
    0x5b, 0x81, 0x01, 0x03, 0x12, 0x61, 0x02, 0x1d, 0x57, 0x7f, 0x26, 0x2d, 0xe7, 0x06, 0x34, 0x81,
    0x6a, 0xd0, 0x99, 0x9d, 0xb4, 0x6c, 0x2e, 0x54, 0xe0, 0xfa, 0x53, 0xfc, 0xd3, 0x84, 0xd3, 0xb8,
    0xf7, 0x15, 0x37, 0x34, 0x9a, 0x01, 0xe1, 0x52, 0xee, 0x3a, 0x91, 0x61, 0x02, 0x15, 0x60, 0x20,
    0x92, 0x61, 0x08, 0x6e, 0x56, 0x5b, 0x91, 0x50, 0x91, 0x61, 0x01, 0x5e, 0x56, 0x5b, 0x50, 0x50,
    0xfd, 0x5b, 0x3d, 0x91, 0x50, 0x61, 0x01, 0xd3, 0x56, 0x5b, 0x60, 0x40, 0x51, 0x3d, 0x85, 0x82,
    0x3e, 0x3d, 0x90, 0xfd, 0x5b, 0x62, 0xdc, 0x14, 0x9f, 0x60, 0xe4, 0x1b, 0x82, 0x52, 0x60, 0x04,
    0x82, 0xfd, 0x5b, 0x63, 0x02, 0x72, 0xd0, 0x29, 0x60, 0xe6, 0x1b, 0x81, 0x52, 0x33, 0x60, 0x04,
    0x52, 0x64, 0x01, 0x62, 0x5f, 0x00, 0x01, 0x60, 0x24, 0x52, 0x60, 0x44, 0x90, 0xfd, 0x5b, 0x50,
    0x34, 0x61, 0x00, 0xc9, 0x57, 0x80, 0x60, 0x03, 0x19, 0x36, 0x01, 0x12, 0x61, 0x00, 0xc9, 0x57,
    0x64, 0x01, 0x62, 0x5f, 0x30, 0x00, 0x33, 0x03, 0x61, 0x03, 0x3b, 0x57, 0x61, 0x02, 0x83, 0x61,
    0x09, 0xf3, 0x56, 0x5b, 0x60, 0x01, 0x60, 0xff, 0x82, 0x54, 0x60, 0x80, 0x1c, 0x16, 0x61, 0x02,
    0x96, 0x81, 0x61, 0x06, 0x85, 0x56, 0x5b, 0x14, 0x61, 0x03, 0x2c, 0x57, 0x60, 0x40, 0x51, 0x63,
    0x43, 0x08, 0xae, 0xc1, 0x60, 0xe0, 0x1b, 0x81, 0x52, 0x60, 0x80, 0x81, 0x60, 0x04, 0x81, 0x64,
    0x01, 0x62, 0x5f, 0x10, 0x03, 0x5a, 0xfa, 0x90, 0x81, 0x15, 0x61, 0x03, 0x21, 0x57, 0x82, 0x91,
    0x61, 0x02, 0xf2, 0x57, 0x5b, 0x50, 0x80, 0x51, 0x61, 0x02, 0xd0, 0x81, 0x61, 0x06, 0x85, 0x56,
    0x5b, 0x61, 0x02, 0xd9, 0x81, 0x61, 0x06, 0x85, 0x56, 0x5b, 0x61, 0x02, 0xe9, 0x57, 0x50, 0x61,
    0x02, 0xe6, 0x61, 0x15, 0xd6, 0x56, 0x5b, 0x80, 0xf3, 0x5b, 0x61, 0x02, 0xe6, 0x90, 0x61, 0x13,
    0xd2, 0x56, 0x5b, 0x61, 0x03, 0x14, 0x91, 0x50, 0x60, 0x80, 0x3d, 0x60, 0x80, 0x11, 0x61, 0x03,
    0x1a, 0x57, 0x5b, 0x61, 0x03, 0x0c, 0x81, 0x83, 0x61, 0x06, 0xa3, 0x56, 0x5b, 0x81, 0x01, 0x90,
    0x61, 0x07, 0x08, 0x56, 0x5b, 0x5f, 0x61, 0x02, 0xc4, 0x56, 0x5b, 0x50, 0x3d, 0x61, 0x03, 0x02,
    0x56, 0x5b, 0x60, 0x40, 0x51, 0x3d, 0x84, 0x82, 0x3e, 0x3d, 0x90, 0xfd, 0x5b, 0x63, 0xb7, 0xa1,
    0x74, 0xcb, 0x60, 0xe0, 0x1b, 0x81, 0x52, 0x60, 0x04, 0x90, 0xfd, 0x5b, 0x63, 0x02, 0x72, 0xd0,
    0x29, 0x60, 0xe6, 0x1b, 0x81, 0x52, 0x33, 0x60, 0x04, 0x52, 0x64, 0x01, 0x62, 0x5f, 0x30, 0x00,
    0x60, 0x24, 0x52, 0x60, 0x44, 0x90, 0xfd, 0x5b, 0x50, 0x34, 0x61, 0x00, 0xc9, 0x57, 0x80, 0x60,
    0x03, 0x19, 0x36, 0x01, 0x12, 0x61, 0x00, 0xc9, 0x57, 0x60, 0x01, 0x60, 0x01, 0x60, 0x40, 0x1b,
    0x03, 0x60, 0x20, 0x91, 0x54, 0x16, 0x60, 0x40, 0x51, 0x90, 0x81, 0x52, 0xf3, 0x5b, 0x50, 0x34,
    0x61, 0x00, 0xc9, 0x57, 0x80, 0x60, 0x03, 0x19, 0x36, 0x01, 0x12, 0x61, 0x00, 0xc9, 0x57, 0x60,
    0x20, 0x61, 0x03, 0x98, 0x61, 0x07, 0xa1, 0x56, 0x5b, 0x60, 0x40, 0x51, 0x90, 0x15, 0x15, 0x81,
    0x52, 0xf3, 0x5b, 0x50, 0x34, 0x61, 0x00, 0xc9, 0x57, 0x80, 0x60, 0x03, 0x19, 0x36, 0x01, 0x12,
    0x61, 0x00, 0xc9, 0x57, 0x60, 0x20, 0x61, 0x03, 0x98, 0x61, 0x06, 0xd8, 0x56, 0x5b, 0x50, 0x34,
    0x61, 0x05, 0x1a, 0x57, 0x60, 0x20, 0x36, 0x60, 0x03, 0x19, 0x01, 0x12, 0x61, 0x05, 0x1a, 0x57,
    0x60, 0x04, 0x35, 0x60, 0x01, 0x60, 0x01, 0x60, 0x40, 0x1b, 0x03, 0x81, 0x11, 0x61, 0x05, 0x1a,
    0x57, 0x36, 0x60, 0x23, 0x82, 0x01, 0x12, 0x15, 0x61, 0x05, 0x1a, 0x57, 0x80, 0x60, 0x04, 0x01,
    0x35, 0x90, 0x60, 0x01, 0x60, 0x01, 0x60, 0x40, 0x1b, 0x03, 0x82, 0x11, 0x61, 0x05, 0x1a, 0x57,
    0x36, 0x60, 0x24, 0x83, 0x83, 0x01, 0x01, 0x11, 0x61, 0x05, 0x1a, 0x57, 0x64, 0x01, 0x62, 0x5f,
    0x00, 0x00, 0x33, 0x14, 0x15, 0x80, 0x61, 0x05, 0xdf, 0x57, 0x5b, 0x61, 0x05, 0x2d, 0x57, 0x61,
    0x04, 0x26, 0x61, 0x09, 0xf3, 0x56, 0x5b, 0x60, 0x01, 0x60, 0xff, 0x5f, 0x54, 0x60, 0x80, 0x1c,
    0x16, 0x61, 0x04, 0x39, 0x81, 0x61, 0x06, 0x85, 0x56, 0x5b, 0x03, 0x61, 0x05, 0x1e, 0x57, 0x81,
    0x61, 0x04, 0x98, 0x57, 0x5b, 0x50, 0x50, 0x64, 0x01, 0x62, 0x5f, 0x20, 0x02, 0x3b, 0x15, 0x61,
    0x00, 0xc9, 0x57, 0x60, 0x40, 0x51, 0x63, 0x3d, 0xbe, 0xfe, 0x19, 0x60, 0xe0, 0x1b, 0x81, 0x52,
    0x81, 0x90, 0x81, 0x81, 0x60, 0x04, 0x81, 0x83, 0x64, 0x01, 0x62, 0x5f, 0x20, 0x02, 0x5a, 0xf1,
    0x80, 0x15, 0x61, 0x03, 0x21, 0x57, 0x61, 0x04, 0x83, 0x57, 0x5b, 0x50, 0x61, 0x02, 0xe6, 0x61,
    0x0c, 0xec, 0x56, 0x5b, 0x81, 0x61, 0x04, 0x8d, 0x91, 0x61, 0x06, 0xa3, 0x56, 0x5b, 0x61, 0x00,
    0xc9, 0x57, 0x80, 0x5f, 0x61, 0x04, 0x7a, 0x56, 0x5b, 0x64, 0x01, 0x62, 0x5f, 0x20, 0x02, 0x3b,
    0x15, 0x61, 0x05, 0x1a, 0x57, 0x60, 0x24, 0x60, 0x44, 0x5f, 0x92, 0x84, 0x60, 0x40, 0x51, 0x95,
    0x86, 0x94, 0x85, 0x93, 0x63, 0x11, 0xbb, 0x27, 0x41, 0x60, 0xe1, 0x1b, 0x85, 0x52, 0x60, 0x20,
    0x60, 0x04, 0x86, 0x01, 0x52, 0x82, 0x82, 0x86, 0x01, 0x52, 0x01, 0x84, 0x84, 0x01, 0x37, 0x81,
    0x81, 0x01, 0x83, 0x01, 0x85, 0x90, 0x52, 0x60, 0x1f, 0x01, 0x60, 0x1f, 0x19, 0x16, 0x81, 0x01,
    0x03, 0x01, 0x81, 0x83, 0x64, 0x01, 0x62, 0x5f, 0x20, 0x02, 0x5a, 0xf1, 0x80, 0x15, 0x61, 0x05,
    0x0f, 0x57, 0x61, 0x04, 0xfc, 0x57, 0x5b, 0x80, 0x61, 0x04, 0x44, 0x56, 0x5b, 0x61, 0x05, 0x08,
    0x91, 0x50, 0x5f, 0x90, 0x61, 0x06, 0xa3, 0x56, 0x5b, 0x5f, 0x5f, 0x61, 0x04, 0xf6, 0x56, 0x5b,
    0x60, 0x40, 0x51, 0x3d, 0x5f, 0x82, 0x3e, 0x3d, 0x90, 0xfd, 0x5b, 0x5f, 0x80, 0xfd, 0x5b, 0x63,
    0x1d, 0x5e, 0xfe, 0xad, 0x60, 0xe0, 0x1b, 0x5f, 0x52, 0x60, 0x04, 0x5f, 0xfd, 0x5b, 0x60, 0x40,
    0x51, 0x61, 0x05, 0x3b, 0x60, 0x60, 0x82, 0x61, 0x06, 0xa3, 0x56, 0x5b, 0x60, 0x02, 0x81, 0x52,
    0x60, 0x20, 0x81, 0x01, 0x60, 0x40, 0x36, 0x82, 0x37, 0x81, 0x51, 0x15, 0x61, 0x05, 0xcb, 0x57,
    0x64, 0x01, 0x62, 0x5f, 0x00, 0x00, 0x81, 0x52, 0x81, 0x51, 0x60, 0x01, 0x10, 0x15, 0x61, 0x05,
    0xcb, 0x57, 0x90, 0x64, 0x01, 0x62, 0x5f, 0x30, 0x00, 0x60, 0x40, 0x82, 0x01, 0x52, 0x60, 0x40,
    0x51, 0x91, 0x82, 0x91, 0x63, 0x02, 0x0b, 0xe6, 0x7b, 0x60, 0xe1, 0x1b, 0x83, 0x52, 0x60, 0x44,
    0x83, 0x01, 0x90, 0x33, 0x60, 0x04, 0x85, 0x01, 0x52, 0x60, 0x40, 0x60, 0x24, 0x85, 0x01, 0x52,
    0x51, 0x80, 0x91, 0x52, 0x60, 0x64, 0x83, 0x01, 0x91, 0x90, 0x5f, 0x5b, 0x81, 0x81, 0x10, 0x61,
    0x05, 0xa9, 0x57, 0x50, 0x50, 0x50, 0x03, 0x90, 0xfd, 0x5b, 0x82, 0x51, 0x60, 0x01, 0x60, 0x01,
    0x60, 0xa0, 0x1b, 0x03, 0x16, 0x84, 0x52, 0x85, 0x94, 0x50, 0x60, 0x20, 0x93, 0x84, 0x01, 0x93,
    0x90, 0x92, 0x01, 0x91, 0x60, 0x01, 0x01, 0x61, 0x05, 0x9b, 0x56, 0x5b, 0x63, 0x4e, 0x48, 0x7b,
    0x71, 0x60, 0xe0, 0x1b, 0x5f, 0x52, 0x60, 0x32, 0x60, 0x04, 0x52, 0x60, 0x24, 0x5f, 0xfd, 0x5b,
    0x50, 0x64, 0x01, 0x62, 0x5f, 0x30, 0x00, 0x33, 0x14, 0x15, 0x61, 0x04, 0x1a, 0x56, 0x5b, 0x34,
    0x61, 0x05, 0x1a, 0x57, 0x5f, 0x36, 0x60, 0x03, 0x19, 0x01, 0x12, 0x61, 0x05, 0x1a, 0x57, 0x60,
    0x20, 0x60, 0x01, 0x60, 0x01, 0x60, 0x40, 0x1b, 0x03, 0x5f, 0x54, 0x60, 0x40, 0x1c, 0x16, 0x60,
    0x40, 0x51, 0x90, 0x81, 0x52, 0xf3, 0x5b, 0x34, 0x61, 0x05, 0x1a, 0x57, 0x5f, 0x36, 0x60, 0x03,
    0x19, 0x01, 0x12, 0x61, 0x05, 0x1a, 0x57, 0x60, 0x20, 0x60, 0x40, 0x51, 0x62, 0x0f, 0x42, 0x40,
    0x81, 0x52, 0xf3, 0x5b, 0x34, 0x61, 0x05, 0x1a, 0x57, 0x5f, 0x36, 0x60, 0x03, 0x19, 0x01, 0x12,
    0x61, 0x05, 0x1a, 0x57, 0x60, 0x20, 0x60, 0xff, 0x5f, 0x54, 0x60, 0xc8, 0x1c, 0x16, 0x60, 0x40,
    0x51, 0x90, 0x15, 0x15, 0x81, 0x52, 0xf3, 0x5b, 0x34, 0x61, 0x05, 0x1a, 0x57, 0x5f, 0x36, 0x60,
    0x03, 0x19, 0x01, 0x12, 0x61, 0x05, 0x1a, 0x57, 0x60, 0x20, 0x60, 0xff, 0x5f, 0x54, 0x60, 0x80,
    0x1c, 0x16, 0x61, 0x06, 0x7a, 0x81, 0x61, 0x06, 0x85, 0x56, 0x5b, 0x60, 0x01, 0x60, 0x40, 0x51,
    0x91, 0x14, 0x81, 0x52, 0xf3, 0x5b, 0x60, 0x02, 0x11, 0x15, 0x61, 0x06, 0x8f, 0x57, 0x56, 0x5b,
    0x63, 0x4e, 0x48, 0x7b, 0x71, 0x60, 0xe0, 0x1b, 0x5f, 0x52, 0x60, 0x21, 0x60, 0x04, 0x52, 0x60,
    0x24, 0x5f, 0xfd, 0x5b, 0x90, 0x60, 0x1f, 0x80, 0x19, 0x91, 0x01, 0x16, 0x81, 0x01, 0x90, 0x81,
    0x10, 0x60, 0x01, 0x60, 0x01, 0x60, 0x40, 0x1b, 0x03, 0x82, 0x11, 0x17, 0x61, 0x06, 0xc4, 0x57,
    0x60, 0x40, 0x52, 0x56, 0x5b, 0x63, 0x4e, 0x48, 0x7b, 0x71, 0x60, 0xe0, 0x1b, 0x5f, 0x52, 0x60,
    0x41, 0x60, 0x04, 0x52, 0x60, 0x24, 0x5f, 0xfd, 0x5b, 0x60, 0xff, 0x5f, 0x54, 0x60, 0xc8, 0x1c,
    0x16, 0x15, 0x61, 0x06, 0xf0, 0x57, 0x61, 0x06, 0xed, 0x61, 0x12, 0xdb, 0x56, 0x5b, 0x90, 0x56,
    0x5b, 0x5f, 0x90, 0x56, 0x5b, 0x51, 0x90, 0x60, 0x01, 0x60, 0x01, 0x60, 0x80, 0x1b, 0x03, 0x82,
    0x16, 0x82, 0x03, 0x61, 0x05, 0x1a, 0x57, 0x56, 0x5b, 0x80, 0x91, 0x03, 0x90, 0x60, 0x80, 0x82,
    0x12, 0x61, 0x05, 0x1a, 0x57, 0x60, 0x40, 0x51, 0x91, 0x60, 0x40, 0x83, 0x01, 0x83, 0x81, 0x10,
    0x60, 0x01, 0x60, 0x01, 0x60, 0x40, 0x1b, 0x03, 0x82, 0x11, 0x17, 0x61, 0x06, 0xc4, 0x57, 0x60,
    0x40, 0x52, 0x81, 0x51, 0x90, 0x60, 0x02, 0x82, 0x10, 0x15, 0x61, 0x05, 0x1a, 0x57, 0x60, 0x60,
    0x91, 0x84, 0x52, 0x60, 0x1f, 0x19, 0x01, 0x12, 0x61, 0x05, 0x1a, 0x57, 0x60, 0x40, 0x51, 0x90,
    0x60, 0x60, 0x82, 0x01, 0x82, 0x81, 0x10, 0x60, 0x01, 0x60, 0x01, 0x60, 0x40, 0x1b, 0x03, 0x82,
    0x11, 0x17, 0x61, 0x06, 0xc4, 0x57, 0x61, 0x07, 0x94, 0x91, 0x60, 0x60, 0x91, 0x60, 0x40, 0x52,
    0x61, 0x07, 0x7b, 0x60, 0x20, 0x82, 0x01, 0x61, 0x06, 0xf4, 0x56, 0x5b, 0x84, 0x52, 0x61, 0x07,
    0x89, 0x60, 0x40, 0x82, 0x01, 0x61, 0x06, 0xf4, 0x56, 0x5b, 0x60, 0x20, 0x85, 0x01, 0x52, 0x01,
    0x61, 0x06, 0xf4, 0x56, 0x5b, 0x60, 0x40, 0x82, 0x01, 0x52, 0x60, 0x20, 0x82, 0x01, 0x52, 0x90,
    0x56, 0x5b, 0x64, 0x01, 0x62, 0x5f, 0x20, 0x04, 0x33, 0x03, 0x61, 0x08, 0x52, 0x57, 0x61, 0x07,
    0xb5, 0x61, 0x09, 0xf3, 0x56, 0x5b, 0x60, 0x01, 0x60, 0xff, 0x5f, 0x54, 0x60, 0x80, 0x1c, 0x16,
    0x61, 0x07, 0xc8, 0x81, 0x61, 0x06, 0x85, 0x56, 0x5b, 0x14, 0x61, 0x06, 0xf0, 0x57, 0x61, 0x07,
    0xd5, 0x61, 0x12, 0xdb, 0x56, 0x5b, 0x15, 0x61, 0x06, 0xf0, 0x57, 0x60, 0x40, 0x51, 0x63, 0x43,
    0x08, 0xae, 0xc1, 0x60, 0xe0, 0x1b, 0x81, 0x52, 0x60, 0x80, 0x81, 0x60, 0x04, 0x81, 0x64, 0x01,
    0x62, 0x5f, 0x10, 0x03, 0x5a, 0xfa, 0x90, 0x81, 0x15, 0x61, 0x05, 0x0f, 0x57, 0x5f, 0x91, 0x61,
    0x08, 0x33, 0x57, 0x5b, 0x50, 0x80, 0x51, 0x61, 0x08, 0x0f, 0x81, 0x61, 0x06, 0x85, 0x56, 0x5b,
    0x61, 0x08, 0x18, 0x81, 0x61, 0x06, 0x85, 0x56, 0x5b, 0x61, 0x08, 0x2a, 0x57, 0x50, 0x61, 0x08,
    0x25, 0x61, 0x15, 0xd6, 0x56, 0x5b, 0x60, 0x01, 0x90, 0x56, 0x5b, 0x61, 0x08, 0x25, 0x90, 0x61,
    0x13, 0xd2, 0x56, 0x5b, 0x61, 0x08, 0x4c, 0x91, 0x50, 0x60, 0x80, 0x3d, 0x60, 0x80, 0x11, 0x61,
    0x03, 0x1a, 0x57, 0x61, 0x03, 0x0c, 0x81, 0x83, 0x61, 0x06, 0xa3, 0x56, 0x5b, 0x5f, 0x61, 0x08,
    0x03, 0x56, 0x5b, 0x63, 0x02, 0x72, 0xd0, 0x29, 0x60, 0xe6, 0x1b, 0x5f, 0x52, 0x33, 0x60, 0x04,
    0x52, 0x64, 0x01, 0x62, 0x5f, 0x20, 0x04, 0x60, 0x24, 0x52, 0x60, 0x44, 0x5f, 0xfd, 0x5b, 0x51,
    0x90, 0x60, 0x01, 0x60, 0x01, 0x60, 0x40, 0x1b, 0x03, 0x82, 0x16, 0x82, 0x03, 0x61, 0x05, 0x1a,
    0x57, 0x56, 0x5b, 0x90, 0x60, 0x01, 0x60, 0x01, 0x60, 0x40, 0x1b, 0x03, 0x80, 0x91, 0x16, 0x91,
    0x16, 0x01, 0x90, 0x60, 0x01, 0x60, 0x01, 0x60, 0x40, 0x1b, 0x03, 0x82, 0x11, 0x61, 0x08, 0xa2,
    0x57, 0x56, 0x5b, 0x63, 0x4e, 0x48, 0x7b, 0x71, 0x60, 0xe0, 0x1b, 0x5f, 0x52, 0x60, 0x11, 0x60,
    0x04, 0x52, 0x60, 0x24, 0x5f, 0xfd, 0x5b, 0x5f, 0x54, 0x60, 0xff, 0x81, 0x60, 0xc8, 0x1c, 0x16,
    0x15, 0x61, 0x09, 0xee, 0x57, 0x60, 0x40, 0x51, 0x63, 0x7e, 0x34, 0x5d, 0xef, 0x60, 0xe1, 0x1b,
    0x81, 0x52, 0x90, 0x60, 0x20, 0x82, 0x60, 0x04, 0x81, 0x64, 0x01, 0x62, 0x5f, 0x10, 0x00, 0x5a,
    0xfa, 0x91, 0x82, 0x15, 0x61, 0x05, 0x0f, 0x57, 0x5f, 0x92, 0x61, 0x09, 0xb2, 0x57, 0x5b, 0x50,
    0x60, 0x40, 0x51, 0x63, 0x50, 0x7f, 0x38, 0xed, 0x60, 0xe1, 0x1b, 0x81, 0x52, 0x90, 0x60, 0x20,
    0x82, 0x60, 0x04, 0x81, 0x64, 0x01, 0x62, 0x5f, 0x10, 0x05, 0x5a, 0xfa, 0x91, 0x82, 0x15, 0x61,
    0x05, 0x0f, 0x57, 0x5f, 0x92, 0x61, 0x09, 0x65, 0x57, 0x5b, 0x50, 0x61, 0x09, 0x32, 0x60, 0x01,
    0x60, 0x01, 0x60, 0x40, 0x1b, 0x03, 0x92, 0x83, 0x80, 0x93, 0x60, 0x40, 0x1c, 0x16, 0x61, 0x08,
    0x82, 0x56, 0x5b, 0x16, 0x91, 0x16, 0x90, 0x80, 0x82, 0x10, 0x15, 0x61, 0x09, 0x5f, 0x57, 0x03,
    0x60, 0x01, 0x60, 0x01, 0x60, 0x40, 0x1b, 0x03, 0x81, 0x11, 0x61, 0x08, 0xa2, 0x57, 0x60, 0x01,
    0x60, 0x01, 0x60, 0x40, 0x1b, 0x03, 0x62, 0x0f, 0x42, 0x40, 0x91, 0x16, 0x04, 0x90, 0x56, 0x5b,
    0x50, 0x50, 0x5f, 0x90, 0x56, 0x5b, 0x91, 0x50, 0x60, 0x20, 0x82, 0x3d, 0x60, 0x20, 0x11, 0x61,
    0x09, 0xaa, 0x57, 0x5b, 0x81, 0x61, 0x09, 0x80, 0x60, 0x20, 0x93, 0x83, 0x61, 0x06, 0xa3, 0x56,
    0x5b, 0x81, 0x01, 0x03, 0x12, 0x61, 0x05, 0x1a, 0x57, 0x61, 0x09, 0x32, 0x60, 0x01, 0x60, 0x01,
    0x60, 0x40, 0x1b, 0x03, 0x92, 0x91, 0x83, 0x61, 0x09, 0xa0, 0x81, 0x94, 0x61, 0x08, 0x6e, 0x56,
    0x5b, 0x94, 0x50, 0x50, 0x91, 0x50, 0x61, 0x09, 0x19, 0x56, 0x5b, 0x3d, 0x91, 0x50, 0x61, 0x09,
    0x73, 0x56, 0x5b, 0x90, 0x91, 0x50, 0x60, 0x20, 0x81, 0x3d, 0x60, 0x20, 0x11, 0x61, 0x09, 0xe6,
    0x57, 0x5b, 0x81, 0x61, 0x09, 0xce, 0x60, 0x20, 0x93, 0x83, 0x61, 0x06, 0xa3, 0x56, 0x5b, 0x81,
    0x01, 0x03, 0x12, 0x61, 0x05, 0x1a, 0x57, 0x61, 0x09, 0xdf, 0x90, 0x61, 0x08, 0x6e, 0x56, 0x5b,
    0x90, 0x5f, 0x61, 0x08, 0xee, 0x56, 0x5b, 0x3d, 0x91, 0x50, 0x61, 0x09, 0xc1, 0x56, 0x5b, 0x50,
    0x5f, 0x90, 0x56, 0x5b, 0x60, 0xff, 0x5f, 0x54, 0x60, 0xc8, 0x1c, 0x16, 0x15, 0x61, 0x0a, 0x02,
    0x57, 0x56, 0x5b, 0x63, 0xca, 0xfe, 0xfe, 0x69, 0x60, 0xe0, 0x1b, 0x5f, 0x52, 0x60, 0x04, 0x5f,
    0xfd, 0x5b, 0x81, 0x60, 0x1f, 0x82, 0x01, 0x12, 0x15, 0x61, 0x05, 0x1a, 0x57, 0x80, 0x51, 0x90,
    0x60, 0x01, 0x60, 0x01, 0x60, 0x40, 0x1b, 0x03, 0x82, 0x11, 0x61, 0x06, 0xc4, 0x57, 0x60, 0x40,
    0x51, 0x92, 0x61, 0x0a, 0x45, 0x60, 0x1f, 0x84, 0x01, 0x60, 0x1f, 0x19, 0x16, 0x60, 0x20, 0x01,
    0x85, 0x61, 0x06, 0xa3, 0x56, 0x5b, 0x82, 0x84, 0x52, 0x60, 0x20, 0x83, 0x83, 0x01, 0x01, 0x11,
    0x61, 0x05, 0x1a, 0x57, 0x81, 0x5f, 0x92, 0x60, 0x20, 0x80, 0x93, 0x01, 0x83, 0x86, 0x01, 0x5e,
    0x83, 0x01, 0x01, 0x52, 0x90, 0x56, 0x5b, 0x60, 0x20, 0x81, 0x83, 0x03, 0x12, 0x61, 0x05, 0x1a,
    0x57, 0x80, 0x51, 0x90, 0x60, 0x01, 0x60, 0x01, 0x60, 0x40, 0x1b, 0x03, 0x82, 0x11, 0x61, 0x05,
    0x1a, 0x57, 0x01, 0x90, 0x80, 0x60, 0x1f, 0x83, 0x01, 0x12, 0x15, 0x61, 0x05, 0x1a, 0x57, 0x81,
    0x51, 0x91, 0x60, 0x01, 0x60, 0x01, 0x60, 0x40, 0x1b, 0x03, 0x83, 0x11, 0x61, 0x06, 0xc4, 0x57,
    0x82, 0x60, 0x05, 0x1b, 0x60, 0x20, 0x81, 0x01, 0x93, 0x61, 0x0a, 0xb5, 0x60, 0x40, 0x51, 0x95,
    0x86, 0x61, 0x06, 0xa3, 0x56, 0x5b, 0x84, 0x52, 0x60, 0x20, 0x80, 0x85, 0x01, 0x91, 0x83, 0x01,
    0x01, 0x91, 0x83, 0x83, 0x11, 0x61, 0x05, 0x1a, 0x57, 0x60, 0x20, 0x81, 0x01, 0x91, 0x5b, 0x83,
    0x83, 0x10, 0x61, 0x0a, 0xdd, 0x57, 0x50, 0x50, 0x50, 0x50, 0x50, 0x90, 0x56, 0x5b, 0x82, 0x51,
    0x60, 0x01, 0x60, 0x01, 0x60, 0x40, 0x1b, 0x03, 0x81, 0x11, 0x61, 0x05, 0x1a, 0x57, 0x82, 0x01,
    0x90, 0x60, 0xe0, 0x82, 0x87, 0x03, 0x60, 0x1f, 0x19, 0x01, 0x12, 0x61, 0x05, 0x1a, 0x57, 0x60,
    0x40, 0x51, 0x90, 0x60, 0xe0, 0x82, 0x01, 0x82, 0x81, 0x10, 0x60, 0x01, 0x60, 0x01, 0x60, 0x40,
    0x1b, 0x03, 0x82, 0x11, 0x17, 0x61, 0x06, 0xc4, 0x57, 0x60, 0x40, 0x52, 0x60, 0x20, 0x83, 0x01,
    0x51, 0x60, 0x01, 0x60, 0x01, 0x60, 0xa0, 0x1b, 0x03, 0x81, 0x16, 0x81, 0x03, 0x61, 0x05, 0x1a,
    0x57, 0x82, 0x52, 0x60, 0x40, 0x83, 0x01, 0x51, 0x60, 0x01, 0x60, 0x01, 0x60, 0x40, 0x1b, 0x03,
    0x81, 0x11, 0x61, 0x05, 0x1a, 0x57, 0x87, 0x60, 0x20, 0x61, 0x0b, 0x54, 0x92, 0x86, 0x01, 0x01,
    0x61, 0x0a, 0x11, 0x56, 0x5b, 0x60, 0x20, 0x83, 0x01, 0x52, 0x60, 0x60, 0x83, 0x01, 0x51, 0x60,
    0x01, 0x60, 0x01, 0x60, 0x40, 0x1b, 0x03, 0x81, 0x11, 0x61, 0x05, 0x1a, 0x57, 0x87, 0x60, 0x20,
    0x61, 0x0b, 0x7b, 0x92, 0x86, 0x01, 0x01, 0x61, 0x0a, 0x11, 0x56, 0x5b, 0x60, 0x40, 0x83, 0x01,
    0x52, 0x60, 0x80, 0x83, 0x01, 0x51, 0x60, 0x60, 0x83, 0x01, 0x52, 0x61, 0x0b, 0x96, 0x60, 0xa0,
    0x84, 0x01, 0x61, 0x08, 0x6e, 0x56, 0x5b, 0x60, 0x80, 0x83, 0x01, 0x52, 0x60, 0xc0, 0x83, 0x01,
    0x51, 0x60, 0x01, 0x60, 0x01, 0x60, 0x40, 0x1b, 0x03, 0x81, 0x11, 0x61, 0x05, 0x1a, 0x57, 0x87,
    0x60, 0x20, 0x61, 0x0b, 0xbd, 0x92, 0x86, 0x01, 0x01, 0x61, 0x0a, 0x11, 0x56, 0x5b, 0x60, 0xa0,
    0x83, 0x01, 0x52, 0x60, 0xe0, 0x83, 0x01, 0x51, 0x91, 0x60, 0x01, 0x60, 0x01, 0x60, 0x40, 0x1b,
    0x03, 0x83, 0x11, 0x61, 0x05, 0x1a, 0x57, 0x61, 0x0b, 0xe8, 0x88, 0x60, 0x20, 0x80, 0x96, 0x95,
    0x81, 0x96, 0x01, 0x01, 0x61, 0x0a, 0x11, 0x56, 0x5b, 0x60, 0xc0, 0x82, 0x01, 0x52, 0x81, 0x52,
    0x01, 0x92, 0x01, 0x91, 0x61, 0x0a, 0xce, 0x56, 0x5b, 0x80, 0x51, 0x80, 0x83, 0x52, 0x60, 0x20,
    0x92, 0x91, 0x81, 0x90, 0x84, 0x01, 0x84, 0x84, 0x01, 0x5e, 0x5f, 0x82, 0x82, 0x01, 0x84, 0x01,
    0x52, 0x60, 0x1f, 0x01, 0x60, 0x1f, 0x19, 0x16, 0x01, 0x01, 0x90, 0x56, 0x5b, 0x90, 0x80, 0x60,
    0x20, 0x83, 0x51, 0x91, 0x82, 0x81, 0x52, 0x01, 0x91, 0x60, 0x20, 0x80, 0x83, 0x60, 0x05, 0x1b,
    0x83, 0x01, 0x01, 0x94, 0x01, 0x92, 0x5f, 0x91, 0x5b, 0x83, 0x83, 0x10, 0x61, 0x0c, 0x47, 0x57,
    0x50, 0x50, 0x50, 0x50, 0x50, 0x90, 0x56, 0x5b, 0x90, 0x91, 0x92, 0x93, 0x94, 0x60, 0x20, 0x80,
    0x61, 0x0c, 0xdd, 0x60, 0x01, 0x93, 0x60, 0x1f, 0x19, 0x86, 0x82, 0x03, 0x01, 0x87, 0x52, 0x89,
    0x51, 0x90, 0x85, 0x80, 0x60, 0xa0, 0x1b, 0x03, 0x82, 0x51, 0x16, 0x81, 0x52, 0x60, 0xc0, 0x61,
    0x0c, 0xcc, 0x61, 0x0c, 0x9d, 0x61, 0x0c, 0x8b, 0x87, 0x86, 0x01, 0x51, 0x60, 0xe0, 0x89, 0x87,
    0x01, 0x52, 0x60, 0xe0, 0x86, 0x01, 0x90, 0x61, 0x0b, 0xf8, 0x56, 0x5b, 0x60, 0x40, 0x86, 0x01,
    0x51, 0x85, 0x82, 0x03, 0x60, 0x40, 0x87, 0x01, 0x52, 0x61, 0x0b, 0xf8, 0x56, 0x5b, 0x60, 0x60,
    0x85, 0x01, 0x51, 0x60, 0x60, 0x85, 0x01, 0x52, 0x60, 0x01, 0x60, 0x01, 0x60, 0x40, 0x1b, 0x03,
    0x60, 0x80, 0x86, 0x01, 0x51, 0x16, 0x60, 0x80, 0x85, 0x01, 0x52, 0x60, 0xa0, 0x85, 0x01, 0x51,
    0x84, 0x82, 0x03, 0x60, 0xa0, 0x86, 0x01, 0x52, 0x61, 0x0b, 0xf8, 0x56, 0x5b, 0x92, 0x01, 0x51,
    0x90, 0x60, 0xc0, 0x81, 0x84, 0x03, 0x91, 0x01, 0x52, 0x61, 0x0b, 0xf8, 0x56, 0x5b, 0x97, 0x01,
    0x93, 0x01, 0x93, 0x01, 0x91, 0x93, 0x92, 0x90, 0x61, 0x0c, 0x38, 0x56, 0x5b, 0x64, 0x01, 0x62,
    0x5f, 0x10, 0x03, 0x3b, 0x15, 0x61, 0x05, 0x1a, 0x57, 0x60, 0x40, 0x51, 0x63, 0x29, 0x41, 0x24,
    0x87, 0x60, 0xe1, 0x1b, 0x81, 0x52, 0x5f, 0x90, 0x81, 0x81, 0x60, 0x04, 0x81, 0x83, 0x64, 0x01,
    0x62, 0x5f, 0x10, 0x03, 0x5a, 0xf1, 0x80, 0x15, 0x61, 0x05, 0x0f, 0x57, 0x61, 0x12, 0xc8, 0x57,
    0x5b, 0x50, 0x64, 0x01, 0x62, 0x5f, 0x10, 0x07, 0x3b, 0x15, 0x61, 0x00, 0xc9, 0x57, 0x60, 0x40,
    0x51, 0x63, 0x29, 0x41, 0x24, 0x87, 0x60, 0xe1, 0x1b, 0x81, 0x52, 0x81, 0x81, 0x60, 0x04, 0x81,
    0x83, 0x64, 0x01, 0x62, 0x5f, 0x10, 0x07, 0x5a, 0xf1, 0x80, 0x15, 0x61, 0x03, 0x21, 0x57, 0x90,
    0x82, 0x91, 0x61, 0x12, 0xb3, 0x57, 0x5b, 0x50, 0x50, 0x64, 0x01, 0x62, 0x5f, 0x10, 0x08, 0x3b,
    0x15, 0x61, 0x00, 0xc9, 0x57, 0x60, 0x40, 0x51, 0x63, 0x29, 0x41, 0x24, 0x87, 0x60, 0xe1, 0x1b,
    0x81, 0x52, 0x81, 0x81, 0x60, 0x04, 0x81, 0x83, 0x64, 0x01, 0x62, 0x5f, 0x10, 0x08, 0x5a, 0xf1,
    0x80, 0x15, 0x61, 0x03, 0x21, 0x57, 0x90, 0x82, 0x91, 0x61, 0x12, 0x9e, 0x57, 0x5b, 0x50, 0x50,
    0x64, 0x01, 0x62, 0x5f, 0x10, 0x02, 0x3b, 0x15, 0x61, 0x00, 0xc9, 0x57, 0x60, 0x40, 0x51, 0x63,
    0x29, 0x41, 0x24, 0x87, 0x60, 0xe1, 0x1b, 0x81, 0x52, 0x81, 0x81, 0x60, 0x04, 0x81, 0x83, 0x64,
    0x01, 0x62, 0x5f, 0x10, 0x02, 0x5a, 0xf1, 0x80, 0x15, 0x61, 0x03, 0x21, 0x57, 0x90, 0x82, 0x91,
    0x61, 0x12, 0x89, 0x57, 0x5b, 0x50, 0x50, 0x64, 0x01, 0x62, 0x5f, 0x10, 0x06, 0x3b, 0x15, 0x61,
    0x00, 0xc9, 0x57, 0x60, 0x40, 0x51, 0x63, 0x29, 0x41, 0x24, 0x87, 0x60, 0xe1, 0x1b, 0x81, 0x52,
    0x81, 0x81, 0x60, 0x04, 0x81, 0x83, 0x64, 0x01, 0x62, 0x5f, 0x10, 0x06, 0x5a, 0xf1, 0x80, 0x15,
    0x61, 0x03, 0x21, 0x57, 0x90, 0x82, 0x91, 0x61, 0x12, 0x74, 0x57, 0x5b, 0x50, 0x50, 0x64, 0x01,
    0x62, 0x5f, 0x10, 0x04, 0x3b, 0x15, 0x61, 0x00, 0xc9, 0x57, 0x60, 0x40, 0x51, 0x63, 0x29, 0x41,
    0x24, 0x87, 0x60, 0xe1, 0x1b, 0x81, 0x52, 0x81, 0x81, 0x60, 0x04, 0x81, 0x83, 0x64, 0x01, 0x62,
    0x5f, 0x10, 0x04, 0x5a, 0xf1, 0x80, 0x15, 0x61, 0x03, 0x21, 0x57, 0x90, 0x82, 0x91, 0x61, 0x12,
    0x5f, 0x57, 0x5b, 0x50, 0x50, 0x64, 0x01, 0x62, 0x5f, 0x10, 0x01, 0x3b, 0x15, 0x61, 0x00, 0xc9,
    0x57, 0x60, 0x40, 0x51, 0x63, 0x29, 0x41, 0x24, 0x87, 0x60, 0xe1, 0x1b, 0x81, 0x52, 0x81, 0x81,
    0x60, 0x04, 0x81, 0x83, 0x64, 0x01, 0x62, 0x5f, 0x10, 0x01, 0x5a, 0xf1, 0x80, 0x15, 0x61, 0x03,
    0x21, 0x57, 0x90, 0x82, 0x91, 0x61, 0x12, 0x4a, 0x57, 0x5b, 0x50, 0x50, 0x64, 0x01, 0x62, 0x5f,
    0x10, 0x05, 0x3b, 0x15, 0x61, 0x00, 0xc9, 0x57, 0x60, 0x40, 0x51, 0x63, 0x29, 0x41, 0x24, 0x87,
    0x60, 0xe1, 0x1b, 0x81, 0x52, 0x81, 0x81, 0x60, 0x04, 0x81, 0x83, 0x64, 0x01, 0x62, 0x5f, 0x10,
    0x05, 0x5a, 0xf1, 0x80, 0x15, 0x61, 0x03, 0x21, 0x57, 0x90, 0x82, 0x91, 0x61, 0x12, 0x35, 0x57,
    0x5b, 0x50, 0x50, 0x64, 0x01, 0x62, 0x5f, 0x20, 0x01, 0x3b, 0x15, 0x61, 0x00, 0xc9, 0x57, 0x60,
    0x40, 0x51, 0x63, 0xb4, 0xc0, 0xcf, 0x41, 0x60, 0xe0, 0x1b, 0x81, 0x52, 0x81, 0x81, 0x60, 0x04,
    0x81, 0x83, 0x64, 0x01, 0x62, 0x5f, 0x20, 0x01, 0x5a, 0xf1, 0x80, 0x15, 0x61, 0x03, 0x21, 0x57,
    0x90, 0x82, 0x91, 0x61, 0x12, 0x20, 0x57, 0x5b, 0x50, 0x50, 0x64, 0x01, 0x62, 0x5f, 0x20, 0x01,
    0x3b, 0x15, 0x61, 0x00, 0xc9, 0x57, 0x60, 0x40, 0x51, 0x63, 0x79, 0xfa, 0x79, 0x83, 0x60, 0xe0,
    0x1b, 0x81, 0x52, 0x81, 0x81, 0x60, 0x04, 0x81, 0x83, 0x64, 0x01, 0x62, 0x5f, 0x20, 0x01, 0x5a,
    0xf1, 0x80, 0x15, 0x61, 0x03, 0x21, 0x57, 0x90, 0x82, 0x91, 0x61, 0x12, 0x0b, 0x57, 0x5b, 0x50,
    0x50, 0x60, 0x40, 0x51, 0x63, 0x03, 0x7d, 0xee, 0xa7, 0x60, 0xe4, 0x1b, 0x81, 0x52, 0x60, 0x20,
    0x81, 0x60, 0x04, 0x81, 0x64, 0x01, 0x62, 0x5f, 0x20, 0x01, 0x5a, 0xfa, 0x90, 0x81, 0x15, 0x61,
    0x03, 0x21, 0x57, 0x82, 0x91, 0x61, 0x11, 0xd9, 0x57, 0x5b, 0x50, 0x64, 0x01, 0x62, 0x5f, 0x20,
    0x05, 0x3b, 0x15, 0x61, 0x11, 0xd5, 0x57, 0x60, 0x40, 0x51, 0x90, 0x63, 0x03, 0xf8, 0x93, 0x47,
    0x60, 0xe0, 0x1b, 0x82, 0x52, 0x60, 0x04, 0x82, 0x01, 0x52, 0x81, 0x81, 0x60, 0x24, 0x81, 0x83,
    0x64, 0x01, 0x62, 0x5f, 0x20, 0x05, 0x5a, 0xf1, 0x80, 0x15, 0x61, 0x03, 0x21, 0x57, 0x90, 0x82,
    0x91, 0x61, 0x11, 0xc0, 0x57, 0x5b, 0x50, 0x54, 0x90, 0x60, 0x01, 0x60, 0x01, 0x60, 0x01, 0x60,
    0x40, 0x1b, 0x03, 0x83, 0x16, 0x01, 0x60, 0x01, 0x60, 0x01, 0x60, 0x40, 0x1b, 0x03, 0x81, 0x11,
    0x61, 0x11, 0xac, 0x57, 0x60, 0x01, 0x60, 0x01, 0x60, 0x40, 0x1b, 0x03, 0x16, 0x91, 0x82, 0x60,
    0x01, 0x60, 0x01, 0x60, 0x40, 0x1b, 0x03, 0x19, 0x82, 0x16, 0x17, 0x82, 0x55, 0x60, 0x40, 0x51,
    0x63, 0x7e, 0x34, 0x5d, 0xef, 0x60, 0xe1, 0x1b, 0x81, 0x52, 0x60, 0x20, 0x81, 0x60, 0x04, 0x81,
    0x64, 0x01, 0x62, 0x5f, 0x10, 0x00, 0x5a, 0xfa, 0x90, 0x81, 0x15, 0x61, 0x02, 0x29, 0x57, 0x84,
    0x90, 0x84, 0x92, 0x61, 0x11, 0x60, 0x57, 0x5b, 0x50, 0x67, 0xff, 0xff, 0xff, 0xff, 0xff, 0xff,
    0xff, 0xff, 0x60, 0x40, 0x1b, 0x91, 0x92, 0x70, 0xff, 0xff, 0xff, 0xff, 0xff, 0xff, 0xff, 0xff,
    0xff, 0xff, 0xff, 0xff, 0xff, 0xff, 0xff, 0xff, 0xff, 0x19, 0x16, 0x17, 0x91, 0x60, 0x40, 0x1b,
    0x16, 0x17, 0x90, 0x81, 0x81, 0x55, 0x60, 0x40, 0x51, 0x91, 0x63, 0x13, 0xbc, 0xe0, 0x4b, 0x60,
    0xe3, 0x1b, 0x83, 0x52, 0x81, 0x83, 0x60, 0x04, 0x81, 0x64, 0x01, 0x62, 0x5f, 0x20, 0x01, 0x5a,
    0xfa, 0x92, 0x83, 0x15, 0x61, 0x03, 0x21, 0x57, 0x82, 0x93, 0x61, 0x11, 0x3c, 0x57, 0x5b, 0x50,
    0x60, 0x40, 0x51, 0x63, 0x11, 0xac, 0xc1, 0xa7, 0x60, 0xe0, 0x1b, 0x81, 0x52, 0x60, 0x20, 0x81,
    0x60, 0x04, 0x81, 0x64, 0x01, 0x62, 0x5f, 0x20, 0x01, 0x5a, 0xfa, 0x92, 0x83, 0x15, 0x61, 0x11,
    0x30, 0x57, 0x92, 0x61, 0x10, 0xda, 0x57, 0x5b, 0x50, 0x91, 0x61, 0x10, 0xca, 0x91, 0x60, 0x01,
    0x60, 0x01, 0x60, 0x40, 0x1b, 0x03, 0x7f, 0xd8, 0x51, 0xcc, 0x5b, 0x8d, 0x27, 0x51, 0x3d, 0x80,
    0x00, 0x57, 0xc3, 0xca, 0xf4, 0x8f, 0x64, 0xae, 0x29, 0x9c, 0x31, 0x22, 0x20, 0xda, 0xa6, 0xa6,
    0x64, 0x03, 0x90, 0xf9, 0x8b, 0xb1, 0x0d, 0x94, 0x60, 0x40, 0x1c, 0x16, 0x85, 0x7f, 0x26, 0x2d,
    0xe7, 0x06, 0x34, 0x81, 0x6a, 0xd0, 0x99, 0x9d, 0xb4, 0x6c, 0x2e, 0x54, 0xe0, 0xfa, 0x53, 0xfc,
    0xd3, 0x84, 0xd3, 0xb8, 0xf7, 0x15, 0x37, 0x34, 0x9a, 0x01, 0xe1, 0x52, 0xee, 0x3a, 0x60, 0x20,
    0x60, 0x40, 0x51, 0x84, 0x81, 0x52, 0xa2, 0x60, 0x40, 0x51, 0x93, 0x84, 0x93, 0x60, 0x60, 0x85,
    0x52, 0x60, 0x60, 0x85, 0x01, 0x90, 0x61, 0x0c, 0x1c, 0x56, 0x5b, 0x91, 0x60, 0x20, 0x84, 0x01,
    0x52, 0x60, 0x40, 0x83, 0x01, 0x52, 0x03, 0x90, 0xa2, 0x56, 0x5b, 0x91, 0x50, 0x91, 0x60, 0x20,
    0x82, 0x3d, 0x60, 0x20, 0x11, 0x61, 0x11, 0x28, 0x57, 0x5b, 0x81, 0x61, 0x10, 0xf6, 0x60, 0x20,
    0x93, 0x83, 0x61, 0x06, 0xa3, 0x56, 0x5b, 0x81, 0x01, 0x03, 0x12, 0x61, 0x05, 0x1a, 0x57, 0x90,
    0x51, 0x90, 0x91, 0x7f, 0xd8, 0x51, 0xcc, 0x5b, 0x8d, 0x27, 0x51, 0x3d, 0x80, 0x00, 0x57, 0xc3,
    0xca, 0xf4, 0x8f, 0x64, 0xae, 0x29, 0x9c, 0x31, 0x22, 0x20, 0xda, 0xa6, 0xa6, 0x64, 0x03, 0x90,
    0xf9, 0x8b, 0xb1, 0x0d, 0x61, 0x10, 0x57, 0x56, 0x5b, 0x3d, 0x91, 0x50, 0x61, 0x10, 0xe9, 0x56,
    0x5b, 0x60, 0x40, 0x51, 0x90, 0x3d, 0x90, 0x82, 0x3e, 0x3d, 0x90, 0xfd, 0x5b, 0x61, 0x11, 0x59,
    0x91, 0x93, 0x50, 0x3d, 0x80, 0x84, 0x83, 0x3e, 0x61, 0x11, 0x51, 0x81, 0x83, 0x61, 0x06, 0xa3,
    0x56, 0x5b, 0x81, 0x01, 0x90, 0x61, 0x0a, 0x66, 0x56, 0x5b, 0x91, 0x5f, 0x61, 0x10, 0x2e, 0x56,
    0x5b, 0x91, 0x50, 0x50, 0x60, 0x20, 0x81, 0x3d, 0x60, 0x20, 0x11, 0x61, 0x11, 0xa4, 0x57, 0x5b,
    0x81, 0x61, 0x11, 0x7c, 0x60, 0x20, 0x93, 0x83, 0x61, 0x06, 0xa3, 0x56, 0x5b, 0x81, 0x01, 0x03,
    0x12, 0x61, 0x11, 0xa0, 0x57, 0x83, 0x61, 0x11, 0x9a, 0x67, 0xff, 0xff, 0xff, 0xff, 0xff, 0xff,
    0xff, 0xff, 0x60, 0x40, 0x1b, 0x92, 0x61, 0x08, 0x6e, 0x56, 0x5b, 0x91, 0x61, 0x0f, 0xd7, 0x56,
    0x5b, 0x82, 0x80, 0xfd, 0x5b, 0x3d, 0x91, 0x50, 0x61, 0x11, 0x6f, 0x56, 0x5b, 0x63, 0x4e, 0x48,
    0x7b, 0x71, 0x60, 0xe0, 0x1b, 0x82, 0x52, 0x60, 0x11, 0x60, 0x04, 0x52, 0x60, 0x24, 0x82, 0xfd,
    0x5b, 0x81, 0x61, 0x11, 0xca, 0x91, 0x61, 0x06, 0xa3, 0x56, 0x5b, 0x61, 0x00, 0xc9, 0x57, 0x80,
    0x5f, 0x61, 0x0f, 0x75, 0x56, 0x5b, 0x50, 0x80, 0xfd, 0x5b, 0x90, 0x50, 0x60, 0x20, 0x81, 0x3d,
    0x60, 0x20, 0x11, 0x61, 0x12, 0x03, 0x57, 0x5b, 0x81, 0x61, 0x11, 0xf4, 0x60, 0x20, 0x93, 0x83,
    0x61, 0x06, 0xa3, 0x56, 0x5b, 0x81, 0x01, 0x03, 0x12, 0x61, 0x05, 0x1a, 0x57, 0x51, 0x5f, 0x61,
    0x0f, 0x39, 0x56, 0x5b, 0x3d, 0x91, 0x50, 0x61, 0x11, 0xe7, 0x56, 0x5b, 0x81, 0x61, 0x12, 0x15,
    0x91, 0x61, 0x06, 0xa3, 0x56, 0x5b, 0x61, 0x00, 0xc9, 0x57, 0x80, 0x5f, 0x61, 0x0f, 0x0e, 0x56,
    0x5b, 0x81, 0x61, 0x12, 0x2a, 0x91, 0x61, 0x06, 0xa3, 0x56, 0x5b, 0x61, 0x00, 0xc9, 0x57, 0x80,
    0x5f, 0x61, 0x0e, 0xd7, 0x56, 0x5b, 0x81, 0x61, 0x12, 0x3f, 0x91, 0x61, 0x06, 0xa3, 0x56, 0x5b,
    0x61, 0x00, 0xc9, 0x57, 0x80, 0x5f, 0x61, 0x0e, 0xa0, 0x56, 0x5b, 0x81, 0x61, 0x12, 0x54, 0x91,
    0x61, 0x06, 0xa3, 0x56, 0x5b, 0x61, 0x00, 0xc9, 0x57, 0x80, 0x5f, 0x61, 0x0e, 0x69, 0x56, 0x5b,
    0x81, 0x61, 0x12, 0x69, 0x91, 0x61, 0x06, 0xa3, 0x56, 0x5b, 0x61, 0x00, 0xc9, 0x57, 0x80, 0x5f,
    0x61, 0x0e, 0x32, 0x56, 0x5b, 0x81, 0x61, 0x12, 0x7e, 0x91, 0x61, 0x06, 0xa3, 0x56, 0x5b, 0x61,
    0x00, 0xc9, 0x57, 0x80, 0x5f, 0x61, 0x0d, 0xfb, 0x56, 0x5b, 0x81, 0x61, 0x12, 0x93, 0x91, 0x61,
    0x06, 0xa3, 0x56, 0x5b, 0x61, 0x00, 0xc9, 0x57, 0x80, 0x5f, 0x61, 0x0d, 0xc4, 0x56, 0x5b, 0x81,
    0x61, 0x12, 0xa8, 0x91, 0x61, 0x06, 0xa3, 0x56, 0x5b, 0x61, 0x00, 0xc9, 0x57, 0x80, 0x5f, 0x61,
    0x0d, 0x8d, 0x56, 0x5b, 0x81, 0x61, 0x12, 0xbd, 0x91, 0x61, 0x06, 0xa3, 0x56, 0x5b, 0x61, 0x00,
    0xc9, 0x57, 0x80, 0x5f, 0x61, 0x0d, 0x56, 0x56, 0x5b, 0x61, 0x12, 0xd4, 0x91, 0x50, 0x5f, 0x90,
    0x61, 0x06, 0xa3, 0x56, 0x5b, 0x5f, 0x5f, 0x61, 0x0d, 0x20, 0x56, 0x5b, 0x60, 0x40, 0x51, 0x63,
    0x7e, 0x34, 0x5d, 0xef, 0x60, 0xe1, 0x1b, 0x81, 0x52, 0x60, 0x20, 0x81, 0x60, 0x04, 0x81, 0x64,
    0x01, 0x62, 0x5f, 0x10, 0x00, 0x5a, 0xfa, 0x90, 0x81, 0x15, 0x61, 0x05, 0x0f, 0x57, 0x5f, 0x91,
    0x61, 0x13, 0x98, 0x57, 0x5b, 0x50, 0x60, 0x40, 0x51, 0x63, 0x50, 0x7f, 0x38, 0xed, 0x60, 0xe1,
    0x1b, 0x81, 0x52, 0x60, 0x20, 0x81, 0x60, 0x04, 0x81, 0x64, 0x01, 0x62, 0x5f, 0x10, 0x05, 0x5a,
    0xfa, 0x90, 0x81, 0x15, 0x61, 0x05, 0x0f, 0x57, 0x5f, 0x91, 0x61, 0x13, 0x50, 0x57, 0x5b, 0x50,
    0x60, 0x01, 0x60, 0x01, 0x60, 0x40, 0x1b, 0x03, 0x61, 0x13, 0x48, 0x81, 0x92, 0x82, 0x5f, 0x54,
    0x60, 0x40, 0x1c, 0x16, 0x61, 0x08, 0x82, 0x56, 0x5b, 0x16, 0x91, 0x16, 0x10, 0x15, 0x90, 0x56,
    0x5b, 0x90, 0x50, 0x60, 0x20, 0x81, 0x3d, 0x60, 0x20, 0x11, 0x61, 0x13, 0x90, 0x57, 0x5b, 0x81,
    0x61, 0x13, 0x6b, 0x60, 0x20, 0x93, 0x83, 0x61, 0x06, 0xa3, 0x56, 0x5b, 0x81, 0x01, 0x03, 0x12,
    0x61, 0x05, 0x1a, 0x57, 0x60, 0x01, 0x60, 0x01, 0x60, 0x40, 0x1b, 0x03, 0x61, 0x13, 0x48, 0x61,
    0x13, 0x88, 0x82, 0x93, 0x61, 0x08, 0x6e, 0x56, 0x5b, 0x92, 0x50, 0x50, 0x61, 0x13, 0x2e, 0x56,
    0x5b, 0x3d, 0x91, 0x50, 0x61, 0x13, 0x5e, 0x56, 0x5b, 0x90, 0x50, 0x60, 0x20, 0x81, 0x3d, 0x60,
    0x20, 0x11, 0x61, 0x13, 0xca, 0x57, 0x5b, 0x81, 0x61, 0x13, 0xb3, 0x60, 0x20, 0x93, 0x83, 0x61,
    0x06, 0xa3, 0x56, 0x5b, 0x81, 0x01, 0x03, 0x12, 0x61, 0x05, 0x1a, 0x57, 0x61, 0x13, 0xc4, 0x90,
    0x61, 0x08, 0x6e, 0x56, 0x5b, 0x5f, 0x61, 0x13, 0x04, 0x56, 0x5b, 0x3d, 0x91, 0x50, 0x61, 0x13,
    0xa6, 0x56, 0x5b, 0x60, 0x40, 0x51, 0x63, 0x68, 0x33, 0x59, 0xe9, 0x60, 0xe0, 0x1b, 0x81, 0x52,
    0x5f, 0x91, 0x90, 0x82, 0x81, 0x60, 0x04, 0x81, 0x64, 0x01, 0x62, 0x5f, 0x20, 0x01, 0x5a, 0xfa,
    0x90, 0x81, 0x15, 0x61, 0x05, 0x0f, 0x57, 0x5f, 0x91, 0x61, 0x15, 0xbc, 0x57, 0x5b, 0x50, 0x60,
    0x40, 0x51, 0x63, 0x95, 0xd8, 0xab, 0xd7, 0x60, 0xe0, 0x1b, 0x81, 0x52, 0x5f, 0x81, 0x60, 0x04,
    0x81, 0x64, 0x01, 0x62, 0x5f, 0x20, 0x01, 0x5a, 0xfa, 0x90, 0x81, 0x15, 0x61, 0x05, 0x0f, 0x57,
    0x5f, 0x91, 0x61, 0x15, 0xa2, 0x57, 0x5b, 0x50, 0x64, 0x01, 0x62, 0x5f, 0x20, 0x02, 0x3b, 0x15,
    0x61, 0x05, 0x1a, 0x57, 0x60, 0x40, 0x51, 0x63, 0x3d, 0xbe, 0xfe, 0x19, 0x60, 0xe0, 0x1b, 0x81,
    0x52, 0x5f, 0x81, 0x60, 0x04, 0x81, 0x83, 0x64, 0x01, 0x62, 0x5f, 0x20, 0x02, 0x5a, 0xf1, 0x80,
    0x15, 0x61, 0x05, 0x0f, 0x57, 0x61, 0x15, 0x8d, 0x57, 0x5b, 0x50, 0x60, 0x01, 0x60, 0x01, 0x60,
    0x40, 0x1b, 0x03, 0x84, 0x54, 0x16, 0x91, 0x64, 0x01, 0x62, 0x5f, 0x20, 0x02, 0x3b, 0x15, 0x61,
    0x15, 0x89, 0x57, 0x91, 0x61, 0x14, 0xf1, 0x60, 0x20, 0x94, 0x92, 0x61, 0x14, 0xdf, 0x87, 0x95,
    0x60, 0x01, 0x60, 0x01, 0x60, 0x80, 0x1b, 0x03, 0x60, 0x40, 0x80, 0x51, 0x99, 0x8a, 0x98, 0x89,
    0x98, 0x63, 0x66, 0xbc, 0x75, 0xbd, 0x60, 0xe0, 0x1b, 0x8a, 0x52, 0x60, 0x04, 0x8a, 0x01, 0x52,
    0x80, 0x51, 0x61, 0x14, 0xaa, 0x81, 0x61, 0x06, 0x85, 0x56, 0x5b, 0x60, 0x24, 0x8a, 0x01, 0x52,
    0x01, 0x51, 0x82, 0x81, 0x51, 0x16, 0x60, 0x44, 0x89, 0x01, 0x52, 0x82, 0x60, 0x20, 0x82, 0x01,
    0x51, 0x16, 0x60, 0x64, 0x89, 0x01, 0x52, 0x01, 0x51, 0x16, 0x60, 0x84, 0x86, 0x01, 0x52, 0x60,
    0xe0, 0x60, 0xa4, 0x86, 0x01, 0x52, 0x60, 0xe4, 0x85, 0x01, 0x90, 0x61, 0x0c, 0x1c, 0x56, 0x5b,
    0x83, 0x81, 0x03, 0x60, 0x03, 0x19, 0x01, 0x60, 0xc4, 0x85, 0x01, 0x52, 0x90, 0x61, 0x0c, 0x1c,
    0x56, 0x5b, 0x03, 0x81, 0x83, 0x64, 0x01, 0x62, 0x5f, 0x20, 0x02, 0x5a, 0xf1, 0x80, 0x15, 0x61,
    0x03, 0x21, 0x57, 0x90, 0x82, 0x91, 0x61, 0x15, 0x74, 0x57, 0x5b, 0x50, 0x50, 0x80, 0x54, 0x67,
    0xff, 0xff, 0xff, 0xff, 0xff, 0xff, 0xff, 0xff, 0x60, 0x88, 0x1b, 0x60, 0x01, 0x60, 0x80, 0x1b,
    0x60, 0xff, 0x60, 0x80, 0x1b, 0x19, 0x83, 0x16, 0x81, 0x17, 0x60, 0x88, 0x1b, 0x91, 0x90, 0x91,
    0x16, 0x68, 0xff, 0xff, 0xff, 0xff, 0xff, 0xff, 0xff, 0xff, 0xff, 0x60, 0x80, 0x1b, 0x19, 0x83,
    0x16, 0x17, 0x17, 0x82, 0x55, 0x60, 0x01, 0x60, 0x01, 0x60, 0x40, 0x1b, 0x03, 0x16, 0x90, 0x7f,
    0x9e, 0xc1, 0x7f, 0x9e, 0x5f, 0x75, 0x48, 0xcc, 0xc3, 0x0d, 0xc8, 0x82, 0xcf, 0x26, 0x41, 0x94,
    0xbc, 0x72, 0x26, 0x1f, 0x29, 0x49, 0x74, 0xad, 0xf2, 0xb1, 0xb7, 0x0d, 0x89, 0x98, 0xb0, 0x0b,
    0x90, 0x80, 0xa2, 0x56, 0x5b, 0x81, 0x61, 0x15, 0x7e, 0x91, 0x61, 0x06, 0xa3, 0x56, 0x5b, 0x61,
    0x00, 0xc9, 0x57, 0x80, 0x5f, 0x61, 0x15, 0x0a, 0x56, 0x5b, 0x84, 0x80, 0xfd, 0x5b, 0x61, 0x15,
    0x9a, 0x91, 0x94, 0x50, 0x5f, 0x90, 0x61, 0x06, 0xa3, 0x56, 0x5b, 0x5f, 0x92, 0x5f, 0x61, 0x14,
    0x59, 0x56, 0x5b, 0x61, 0x15, 0xb6, 0x91, 0x50, 0x3d, 0x80, 0x5f, 0x83, 0x3e, 0x61, 0x11, 0x51,
    0x81, 0x83, 0x61, 0x06, 0xa3, 0x56, 0x5b, 0x5f, 0x61, 0x14, 0x26, 0x56, 0x5b, 0x61, 0x15, 0xd0,
    0x91, 0x50, 0x3d, 0x80, 0x5f, 0x83, 0x3e, 0x61, 0x11, 0x51, 0x81, 0x83, 0x61, 0x06, 0xa3, 0x56,
    0x5b, 0x5f, 0x61, 0x13, 0xfd, 0x56, 0x5b, 0x64, 0x01, 0x62, 0x5f, 0x20, 0x02, 0x3b, 0x15, 0x61,
    0x05, 0x1a, 0x57, 0x60, 0x40, 0x51, 0x63, 0x3d, 0xbe, 0xfe, 0x19, 0x60, 0xe0, 0x1b, 0x81, 0x52,
    0x5f, 0x81, 0x60, 0x04, 0x81, 0x83, 0x64, 0x01, 0x62, 0x5f, 0x20, 0x02, 0x5a, 0xf1, 0x80, 0x15,
    0x61, 0x05, 0x0f, 0x57, 0x61, 0x16, 0x13, 0x57, 0x5b, 0x50, 0x61, 0x16, 0x11, 0x61, 0x0c, 0xec,
    0x56, 0x5b, 0x56, 0x5b, 0x5f, 0x61, 0x16, 0x1d, 0x91, 0x61, 0x06, 0xa3, 0x56, 0x5b, 0x5f, 0x61,
    0x16, 0x08, 0x56, 0xfe, 0xa2, 0x64, 0x69, 0x70, 0x66, 0x73, 0x58, 0x22, 0x12, 0x20, 0xc8, 0xe4,
    0x36, 0x75, 0x80, 0x74, 0x13, 0x19, 0xc7, 0x4d, 0xb7, 0xb7, 0x64, 0xb8, 0x6f, 0x2b, 0xc5, 0x73,
    0x4b, 0x85, 0x0e, 0x28, 0x79, 0xbb, 0x24, 0x5e, 0xb3, 0xb0, 0xe5, 0x16, 0x4c, 0xb8, 0x64, 0x73,
    0x6f, 0x6c, 0x63, 0x43, 0x00, 0x08, 0x1e, 0x00, 0x33,
];
/// Reconfiguration system address
pub const RECONFIGURATION_ADDRESS: Address = address!("00000000000000000000000000000001625F2003");

/// Blocker runtime bytecode (from current HEAD)
pub const BLOCKER_BYTECODE: &[u8] = &[
    0x60, 0x80, 0x80, 0x60, 0x40, 0x52, 0x60, 0x04, 0x36, 0x10, 0x15, 0x61, 0x00, 0x12, 0x57, 0x5f,
    0x80, 0xfd, 0x5b, 0x5f, 0x90, 0x5f, 0x35, 0x60, 0xe0, 0x1c, 0x90, 0x81, 0x63, 0x39, 0x2e, 0x53,
    0xcd, 0x14, 0x61, 0x04, 0xd9, 0x57, 0x50, 0x80, 0x63, 0x4a, 0x14, 0x5d, 0x36, 0x14, 0x61, 0x04,
    0xb8, 0x57, 0x80, 0x63, 0x81, 0x29, 0xfc, 0x1c, 0x14, 0x61, 0x03, 0xbe, 0x57, 0x63, 0x8d, 0x4a,
    0xdf, 0xd5, 0x14, 0x61, 0x00, 0x4a, 0x57, 0x5f, 0x80, 0xfd, 0x5b, 0x34, 0x61, 0x03, 0xbb, 0x57,
    0x60, 0x60, 0x36, 0x60, 0x03, 0x19, 0x01, 0x12, 0x61, 0x03, 0xbb, 0x57, 0x60, 0x04, 0x35, 0x60,
    0x01, 0x60, 0x01, 0x60, 0x40, 0x1b, 0x03, 0x81, 0x16, 0x90, 0x81, 0x81, 0x03, 0x61, 0x02, 0xf9,
    0x57, 0x60, 0x24, 0x35, 0x91, 0x60, 0x01, 0x60, 0x01, 0x60, 0x40, 0x1b, 0x03, 0x83, 0x11, 0x61,
    0x02, 0x96, 0x57, 0x36, 0x60, 0x23, 0x84, 0x01, 0x12, 0x15, 0x61, 0x02, 0x96, 0x57, 0x82, 0x60,
    0x04, 0x01, 0x35, 0x92, 0x60, 0x01, 0x60, 0x01, 0x60, 0x40, 0x1b, 0x03, 0x84, 0x11, 0x61, 0x03,
    0xb9, 0x57, 0x36, 0x60, 0x24, 0x85, 0x60, 0x05, 0x1b, 0x83, 0x01, 0x01, 0x11, 0x61, 0x03, 0xb9,
    0x57, 0x60, 0x44, 0x35, 0x93, 0x60, 0x01, 0x60, 0x01, 0x60, 0x40, 0x1b, 0x03, 0x85, 0x16, 0x85,
    0x03, 0x61, 0x03, 0x54, 0x57, 0x64, 0x01, 0x62, 0x5f, 0x00, 0x00, 0x33, 0x03, 0x61, 0x03, 0x9d,
    0x57, 0x60, 0xff, 0x86, 0x54, 0x16, 0x15, 0x61, 0x03, 0x58, 0x57, 0x64, 0x01, 0x62, 0x5f, 0x20,
    0x05, 0x3b, 0x15, 0x61, 0x03, 0x54, 0x57, 0x90, 0x81, 0x86, 0x93, 0x92, 0x60, 0x40, 0x51, 0x93,
    0x63, 0xb2, 0x8f, 0x66, 0x45, 0x60, 0xe0, 0x1b, 0x85, 0x52, 0x60, 0x44, 0x85, 0x01, 0x90, 0x60,
    0x04, 0x86, 0x01, 0x52, 0x60, 0x40, 0x60, 0x24, 0x86, 0x01, 0x52, 0x52, 0x60, 0x24, 0x60, 0x64,
    0x84, 0x01, 0x92, 0x01, 0x90, 0x84, 0x90, 0x5b, 0x80, 0x82, 0x10, 0x61, 0x03, 0x1d, 0x57, 0x50,
    0x50, 0x50, 0x81, 0x80, 0x84, 0x92, 0x03, 0x81, 0x83, 0x64, 0x01, 0x62, 0x5f, 0x20, 0x05, 0x5a,
    0xf1, 0x80, 0x15, 0x61, 0x02, 0xfd, 0x57, 0x61, 0x03, 0x08, 0x57, 0x5b, 0x50, 0x50, 0x61, 0x01,
    0x46, 0x90, 0x61, 0x05, 0x95, 0x56, 0x5b, 0x64, 0x01, 0x62, 0x5f, 0x10, 0x00, 0x3b, 0x15, 0x61,
    0x02, 0xf9, 0x57, 0x60, 0x40, 0x51, 0x63, 0x22, 0x6d, 0x77, 0x8f, 0x60, 0xe2, 0x1b, 0x81, 0x52,
    0x60, 0x01, 0x60, 0x01, 0x60, 0xa0, 0x1b, 0x03, 0x82, 0x16, 0x60, 0x04, 0x82, 0x01, 0x52, 0x60,
    0x01, 0x60, 0x01, 0x60, 0x40, 0x1b, 0x03, 0x83, 0x16, 0x60, 0x24, 0x82, 0x01, 0x52, 0x83, 0x90,
    0x81, 0x81, 0x60, 0x44, 0x81, 0x83, 0x64, 0x01, 0x62, 0x5f, 0x10, 0x00, 0x5a, 0xf1, 0x80, 0x15,
    0x61, 0x02, 0xfd, 0x57, 0x61, 0x02, 0xe4, 0x57, 0x5b, 0x50, 0x50, 0x60, 0x40, 0x51, 0x63, 0x30,
    0x20, 0xf5, 0x73, 0x60, 0xe1, 0x1b, 0x81, 0x52, 0x60, 0x20, 0x81, 0x60, 0x04, 0x81, 0x87, 0x64,
    0x01, 0x62, 0x5f, 0x20, 0x03, 0x5a, 0xf1, 0x80, 0x15, 0x61, 0x02, 0xa2, 0x57, 0x61, 0x02, 0xad,
    0x57, 0x5b, 0x50, 0x60, 0x40, 0x51, 0x63, 0x0e, 0xcc, 0xe3, 0x01, 0x60, 0xe3, 0x1b, 0x81, 0x52,
    0x60, 0x20, 0x81, 0x60, 0x04, 0x81, 0x64, 0x01, 0x62, 0x5f, 0x20, 0x03, 0x5a, 0xfa, 0x90, 0x81,
    0x15, 0x61, 0x02, 0xa2, 0x57, 0x84, 0x91, 0x61, 0x02, 0x3a, 0x57, 0x5b, 0x50, 0x60, 0x40, 0x80,
    0x51, 0x60, 0x01, 0x60, 0x01, 0x60, 0xa0, 0x1b, 0x03, 0x93, 0x90, 0x93, 0x16, 0x83, 0x52, 0x60,
    0x01, 0x60, 0x01, 0x60, 0x40, 0x1b, 0x03, 0x93, 0x84, 0x16, 0x60, 0x20, 0x84, 0x01, 0x52, 0x92,
    0x16, 0x91, 0x43, 0x91, 0x7f, 0xfa, 0xa2, 0x04, 0x95, 0x97, 0x4c, 0xbb, 0xca, 0xc6, 0xe6, 0x4b,
    0x92, 0xeb, 0x3e, 0xc6, 0x6d, 0xf5, 0x9d, 0x0a, 0xcc, 0xa6, 0xd8, 0x52, 0xe5, 0x51, 0x00, 0x1d,
    0xee, 0xef, 0xdc, 0x35, 0xf8, 0x91, 0x90, 0xa3, 0x80, 0xf3, 0x5b, 0x90, 0x50, 0x60, 0x20, 0x81,
    0x3d, 0x60, 0x20, 0x11, 0x61, 0x02, 0x9a, 0x57, 0x5b, 0x81, 0x61, 0x02, 0x55, 0x60, 0x20, 0x93,
    0x83, 0x61, 0x04, 0xf7, 0x56, 0x5b, 0x81, 0x01, 0x03, 0x12, 0x61, 0x02, 0x96, 0x57, 0x60, 0x01,
    0x60, 0x01, 0x60, 0x40, 0x1b, 0x03, 0x61, 0x02, 0x8f, 0x7f, 0xfa, 0xa2, 0x04, 0x95, 0x97, 0x4c,
    0xbb, 0xca, 0xc6, 0xe6, 0x4b, 0x92, 0xeb, 0x3e, 0xc6, 0x6d, 0xf5, 0x9d, 0x0a, 0xcc, 0xa6, 0xd8,
    0x52, 0xe5, 0x51, 0x00, 0x1d, 0xee, 0xef, 0xdc, 0x35, 0xf8, 0x92, 0x61, 0x05, 0x2c, 0x56, 0x5b,
    0x91, 0x50, 0x61, 0x01, 0xeb, 0x56, 0x5b, 0x83, 0x80, 0xfd, 0x5b, 0x3d, 0x91, 0x50, 0x61, 0x02,
    0x48, 0x56, 0x5b, 0x60, 0x40, 0x51, 0x3d, 0x86, 0x82, 0x3e, 0x3d, 0x90, 0xfd, 0x5b, 0x60, 0x20,
    0x81, 0x3d, 0x60, 0x20, 0x11, 0x61, 0x02, 0xdc, 0x57, 0x5b, 0x81, 0x61, 0x02, 0xc6, 0x60, 0x20,
    0x93, 0x83, 0x61, 0x04, 0xf7, 0x56, 0x5b, 0x81, 0x01, 0x03, 0x12, 0x61, 0x02, 0x96, 0x57, 0x51,
    0x80, 0x15, 0x15, 0x81, 0x14, 0x61, 0x01, 0xc1, 0x57, 0x83, 0x80, 0xfd, 0x5b, 0x3d, 0x91, 0x50,
    0x61, 0x02, 0xb9, 0x56, 0x5b, 0x81, 0x61, 0x02, 0xee, 0x91, 0x61, 0x04, 0xf7, 0x56, 0x5b, 0x61,
    0x02, 0xf9, 0x57, 0x82, 0x5f, 0x61, 0x01, 0x98, 0x56, 0x5b, 0x82, 0x80, 0xfd, 0x5b, 0x60, 0x40,
    0x51, 0x3d, 0x84, 0x82, 0x3e, 0x3d, 0x90, 0xfd, 0x5b, 0x81, 0x61, 0x03, 0x12, 0x91, 0x61, 0x04,
    0xf7, 0x56, 0x5b, 0x61, 0x02, 0xf9, 0x57, 0x82, 0x5f, 0x61, 0x01, 0x3b, 0x56, 0x5b, 0x91, 0x93,
    0x94, 0x92, 0x90, 0x92, 0x50, 0x83, 0x35, 0x90, 0x60, 0x01, 0x60, 0x01, 0x60, 0x40, 0x1b, 0x03,
    0x82, 0x16, 0x80, 0x92, 0x03, 0x61, 0x03, 0x50, 0x57, 0x60, 0x20, 0x81, 0x60, 0x01, 0x93, 0x82,
    0x93, 0x52, 0x01, 0x94, 0x01, 0x92, 0x01, 0x87, 0x94, 0x93, 0x92, 0x91, 0x61, 0x01, 0x17, 0x56,
    0x5b, 0x88, 0x80, 0xfd, 0x5b, 0x85, 0x80, 0xfd, 0x5b, 0x60, 0x40, 0x51, 0x62, 0x46, 0x1b, 0xcd,
    0x60, 0xe5, 0x1b, 0x81, 0x52, 0x60, 0x20, 0x60, 0x04, 0x82, 0x01, 0x52, 0x60, 0x18, 0x60, 0x24,
    0x82, 0x01, 0x52, 0x7f, 0x42, 0x6c, 0x6f, 0x63, 0x6b, 0x65, 0x72, 0x3a, 0x20, 0x6e, 0x6f, 0x74,
    0x20, 0x69, 0x6e, 0x69, 0x74, 0x69, 0x61, 0x6c, 0x69, 0x7a, 0x65, 0x64, 0x00, 0x00, 0x00, 0x00,
    0x00, 0x00, 0x00, 0x00, 0x60, 0x44, 0x82, 0x01, 0x52, 0x60, 0x64, 0x90, 0xfd, 0x5b, 0x63, 0x02,
    0x72, 0xd0, 0x29, 0x60, 0xe6, 0x1b, 0x86, 0x52, 0x33, 0x60, 0x04, 0x52, 0x64, 0x01, 0x62, 0x5f,
    0x00, 0x00, 0x60, 0x24, 0x52, 0x60, 0x44, 0x86, 0xfd, 0x5b, 0x84, 0x5b, 0x80, 0xfd, 0x5b, 0x50,
    0x34, 0x61, 0x04, 0x8a, 0x57, 0x5f, 0x36, 0x60, 0x03, 0x19, 0x01, 0x12, 0x61, 0x04, 0x8a, 0x57,
    0x64, 0x01, 0x62, 0x5f, 0x00, 0x01, 0x33, 0x03, 0x61, 0x04, 0x9c, 0x57, 0x5f, 0x54, 0x60, 0xff,
    0x81, 0x16, 0x61, 0x04, 0x8e, 0x57, 0x60, 0xff, 0x19, 0x16, 0x60, 0x01, 0x17, 0x5f, 0x55, 0x64,
    0x01, 0x62, 0x5f, 0x10, 0x00, 0x3b, 0x15, 0x61, 0x04, 0x8a, 0x57, 0x60, 0x40, 0x51, 0x63, 0x22,
    0x6d, 0x77, 0x8f, 0x60, 0xe2, 0x1b, 0x81, 0x52, 0x64, 0x01, 0x62, 0x5f, 0x00, 0x00, 0x60, 0x04,
    0x82, 0x01, 0x52, 0x5f, 0x60, 0x24, 0x82, 0x01, 0x81, 0x90, 0x52, 0x81, 0x60, 0x44, 0x81, 0x83,
    0x64, 0x01, 0x62, 0x5f, 0x10, 0x00, 0x5a, 0xf1, 0x80, 0x15, 0x61, 0x04, 0x7f, 0x57, 0x61, 0x04,
    0x6c, 0x57, 0x5b, 0x50, 0x80, 0x80, 0x7f, 0xfa, 0xa2, 0x04, 0x95, 0x97, 0x4c, 0xbb, 0xca, 0xc6,
    0xe6, 0x4b, 0x92, 0xeb, 0x3e, 0xc6, 0x6d, 0xf5, 0x9d, 0x0a, 0xcc, 0xa6, 0xd8, 0x52, 0xe5, 0x51,
    0x00, 0x1d, 0xee, 0xef, 0xdc, 0x35, 0xf8, 0x60, 0x40, 0x80, 0x51, 0x64, 0x01, 0x62, 0x5f, 0x00,
    0x00, 0x81, 0x52, 0x83, 0x60, 0x20, 0x82, 0x01, 0x52, 0xa3, 0x80, 0xf3, 0x5b, 0x61, 0x04, 0x78,
    0x91, 0x50, 0x5f, 0x90, 0x61, 0x04, 0xf7, 0x56, 0x5b, 0x5f, 0x5f, 0x61, 0x04, 0x32, 0x56, 0x5b,
    0x60, 0x40, 0x51, 0x3d, 0x5f, 0x82, 0x3e, 0x3d, 0x90, 0xfd, 0x5b, 0x5f, 0x80, 0xfd, 0x5b, 0x62,
    0xdc, 0x14, 0x9f, 0x60, 0xe4, 0x1b, 0x5f, 0x52, 0x60, 0x04, 0x5f, 0xfd, 0x5b, 0x63, 0x02, 0x72,
    0xd0, 0x29, 0x60, 0xe6, 0x1b, 0x5f, 0x52, 0x33, 0x60, 0x04, 0x52, 0x64, 0x01, 0x62, 0x5f, 0x00,
    0x01, 0x60, 0x24, 0x52, 0x60, 0x44, 0x5f, 0xfd, 0x5b, 0x34, 0x61, 0x04, 0x8a, 0x57, 0x5f, 0x36,
    0x60, 0x03, 0x19, 0x01, 0x12, 0x61, 0x04, 0x8a, 0x57, 0x60, 0x20, 0x60, 0x40, 0x51, 0x60, 0x01,
    0x60, 0x01, 0x60, 0x40, 0x1b, 0x03, 0x81, 0x52, 0xf3, 0x5b, 0x34, 0x61, 0x04, 0x8a, 0x57, 0x5f,
    0x36, 0x60, 0x03, 0x19, 0x01, 0x12, 0x61, 0x04, 0x8a, 0x57, 0x60, 0x20, 0x90, 0x60, 0xff, 0x5f,
    0x54, 0x16, 0x15, 0x15, 0x81, 0x52, 0xf3, 0x5b, 0x90, 0x60, 0x1f, 0x80, 0x19, 0x91, 0x01, 0x16,
    0x81, 0x01, 0x90, 0x81, 0x10, 0x60, 0x01, 0x60, 0x01, 0x60, 0x40, 0x1b, 0x03, 0x82, 0x11, 0x17,
    0x61, 0x05, 0x18, 0x57, 0x60, 0x40, 0x52, 0x56, 0x5b, 0x63, 0x4e, 0x48, 0x7b, 0x71, 0x60, 0xe0,
    0x1b, 0x5f, 0x52, 0x60, 0x41, 0x60, 0x04, 0x52, 0x60, 0x24, 0x5f, 0xfd, 0x5b, 0x51, 0x90, 0x60,
    0x01, 0x60, 0x01, 0x60, 0x40, 0x1b, 0x03, 0x82, 0x16, 0x82, 0x03, 0x61, 0x04, 0x8a, 0x57, 0x56,
    0x5b, 0x81, 0x60, 0x1f, 0x82, 0x01, 0x12, 0x15, 0x61, 0x04, 0x8a, 0x57, 0x80, 0x51, 0x90, 0x60,
    0x01, 0x60, 0x01, 0x60, 0x40, 0x1b, 0x03, 0x82, 0x11, 0x61, 0x05, 0x18, 0x57, 0x60, 0x40, 0x51,
    0x92, 0x61, 0x05, 0x74, 0x60, 0x1f, 0x84, 0x01, 0x60, 0x1f, 0x19, 0x16, 0x60, 0x20, 0x01, 0x85,
    0x61, 0x04, 0xf7, 0x56, 0x5b, 0x82, 0x84, 0x52, 0x60, 0x20, 0x83, 0x83, 0x01, 0x01, 0x11, 0x61,
    0x04, 0x8a, 0x57, 0x81, 0x5f, 0x92, 0x60, 0x20, 0x80, 0x93, 0x01, 0x83, 0x86, 0x01, 0x5e, 0x83,
    0x01, 0x01, 0x52, 0x90, 0x56, 0x5b, 0x60, 0x01, 0x60, 0x01, 0x60, 0x40, 0x1b, 0x03, 0x16, 0x60,
    0x01, 0x60, 0x01, 0x60, 0x40, 0x1b, 0x03, 0x81, 0x14, 0x61, 0x07, 0x02, 0x57, 0x60, 0x40, 0x51,
    0x90, 0x63, 0xc0, 0x73, 0x52, 0x51, 0x60, 0xe0, 0x1b, 0x82, 0x52, 0x60, 0x04, 0x82, 0x01, 0x52,
    0x5f, 0x81, 0x60, 0x24, 0x81, 0x64, 0x01, 0x62, 0x5f, 0x20, 0x01, 0x5a, 0xfa, 0x90, 0x81, 0x15,
    0x61, 0x04, 0x7f, 0x57, 0x5f, 0x91, 0x61, 0x05, 0xe8, 0x57, 0x5b, 0x50, 0x51, 0x60, 0x01, 0x60,
    0x01, 0x60, 0xa0, 0x1b, 0x03, 0x16, 0x90, 0x56, 0x5b, 0x90, 0x50, 0x3d, 0x80, 0x5f, 0x83, 0x3e,
    0x61, 0x05, 0xf9, 0x81, 0x83, 0x61, 0x04, 0xf7, 0x56, 0x5b, 0x81, 0x01, 0x90, 0x60, 0x20, 0x81,
    0x83, 0x03, 0x12, 0x61, 0x04, 0x8a, 0x57, 0x80, 0x51, 0x90, 0x60, 0x01, 0x60, 0x01, 0x60, 0x40,
    0x1b, 0x03, 0x82, 0x11, 0x61, 0x04, 0x8a, 0x57, 0x01, 0x60, 0xe0, 0x81, 0x83, 0x03, 0x12, 0x61,
    0x04, 0x8a, 0x57, 0x60, 0x40, 0x51, 0x91, 0x60, 0xe0, 0x83, 0x01, 0x83, 0x81, 0x10, 0x60, 0x01,
    0x60, 0x01, 0x60, 0x40, 0x1b, 0x03, 0x82, 0x11, 0x17, 0x61, 0x05, 0x18, 0x57, 0x60, 0x40, 0x52,
    0x81, 0x51, 0x60, 0x01, 0x60, 0x01, 0x60, 0xa0, 0x1b, 0x03, 0x81, 0x16, 0x81, 0x03, 0x61, 0x04,
    0x8a, 0x57, 0x83, 0x52, 0x60, 0x20, 0x82, 0x01, 0x51, 0x60, 0x01, 0x60, 0x01, 0x60, 0x40, 0x1b,
    0x03, 0x81, 0x11, 0x61, 0x04, 0x8a, 0x57, 0x81, 0x61, 0x06, 0x72, 0x91, 0x84, 0x01, 0x61, 0x05,
    0x40, 0x56, 0x5b, 0x60, 0x20, 0x84, 0x01, 0x52, 0x60, 0x40, 0x82, 0x01, 0x51, 0x60, 0x01, 0x60,
    0x01, 0x60, 0x40, 0x1b, 0x03, 0x81, 0x11, 0x61, 0x04, 0x8a, 0x57, 0x81, 0x61, 0x06, 0x96, 0x91,
    0x84, 0x01, 0x61, 0x05, 0x40, 0x56, 0x5b, 0x60, 0x40, 0x84, 0x01, 0x52, 0x60, 0x60, 0x82, 0x01,
    0x51, 0x60, 0x60, 0x84, 0x01, 0x52, 0x61, 0x06, 0xb1, 0x60, 0x80, 0x83, 0x01, 0x61, 0x05, 0x2c,
    0x56, 0x5b, 0x60, 0x80, 0x84, 0x01, 0x52, 0x60, 0xa0, 0x82, 0x01, 0x51, 0x60, 0x01, 0x60, 0x01,
    0x60, 0x40, 0x1b, 0x03, 0x81, 0x11, 0x61, 0x04, 0x8a, 0x57, 0x81, 0x61, 0x06, 0xd5, 0x91, 0x84,
    0x01, 0x61, 0x05, 0x40, 0x56, 0x5b, 0x60, 0xa0, 0x84, 0x01, 0x52, 0x60, 0xc0, 0x82, 0x01, 0x51,
    0x60, 0x01, 0x60, 0x01, 0x60, 0x40, 0x1b, 0x03, 0x81, 0x11, 0x61, 0x04, 0x8a, 0x57, 0x61, 0x06,
    0xf7, 0x92, 0x01, 0x61, 0x05, 0x40, 0x56, 0x5b, 0x60, 0xc0, 0x82, 0x01, 0x52, 0x5f, 0x61, 0x05,
    0xda, 0x56, 0x5b, 0x50, 0x64, 0x01, 0x62, 0x5f, 0x00, 0x00, 0x90, 0x56, 0xfe, 0xa2, 0x64, 0x69,
    0x70, 0x66, 0x73, 0x58, 0x22, 0x12, 0x20, 0xb0, 0x19, 0x4b, 0xdb, 0x85, 0xce, 0xf1, 0x3c, 0x44,
    0xd9, 0x0d, 0xa8, 0x96, 0xfe, 0xc6, 0xea, 0x95, 0xdb, 0xe2, 0xb4, 0xeb, 0xa1, 0x74, 0xa0, 0x6b,
    0x22, 0xe5, 0xf3, 0x18, 0x59, 0xb7, 0x5a, 0x64, 0x73, 0x6f, 0x6c, 0x63, 0x43, 0x00, 0x08, 0x1e,
    0x00, 0x33,
];
/// Blocker system address
pub const BLOCKER_ADDRESS: Address = address!("00000000000000000000000000000001625F2004");

/// `ValidatorPerformanceTracker` runtime bytecode (from current HEAD)
pub const PERFORMANCE_TRACKER_BYTECODE: &[u8] = &[
    0x60, 0x80, 0x60, 0x40, 0x52, 0x60, 0x04, 0x36, 0x10, 0x15, 0x61, 0x00, 0x11, 0x57, 0x5f, 0x80,
    0xfd, 0x5b, 0x5f, 0x35, 0x60, 0xe0, 0x1c, 0x80, 0x63, 0x03, 0xf8, 0x93, 0x47, 0x14, 0x61, 0x04,
    0x79, 0x57, 0x80, 0x63, 0x04, 0x85, 0xaa, 0x62, 0x14, 0x61, 0x03, 0x3e, 0x57, 0x80, 0x63, 0x39,
    0x2e, 0x53, 0xcd, 0x14, 0x61, 0x03, 0x1c, 0x57, 0x80, 0x63, 0x54, 0xa5, 0x5a, 0xef, 0x14, 0x61,
    0x03, 0x00, 0x57, 0x80, 0x63, 0xaf, 0xe4, 0xbd, 0x44, 0x14, 0x61, 0x02, 0xc4, 0x57, 0x80, 0x63,
    0xb2, 0x8f, 0x66, 0x45, 0x14, 0x61, 0x00, 0xf7, 0x57, 0x63, 0xfe, 0x4b, 0x84, 0xdf, 0x14, 0x61,
    0x00, 0x66, 0x57, 0x5f, 0x80, 0xfd, 0x5b, 0x34, 0x61, 0x00, 0xf3, 0x57, 0x60, 0x20, 0x36, 0x60,
    0x03, 0x19, 0x01, 0x12, 0x61, 0x00, 0xf3, 0x57, 0x60, 0x04, 0x35, 0x64, 0x01, 0x62, 0x5f, 0x00,
    0x01, 0x33, 0x03, 0x61, 0x00, 0xd7, 0x57, 0x60, 0x01, 0x54, 0x60, 0xff, 0x81, 0x16, 0x61, 0x00,
    0xc9, 0x57, 0x60, 0x01, 0x90, 0x60, 0xff, 0x19, 0x16, 0x17, 0x60, 0x01, 0x55, 0x5f, 0x5b, 0x81,
    0x81, 0x10, 0x61, 0x00, 0xa7, 0x57, 0x00, 0x5b, 0x60, 0x01, 0x90, 0x61, 0x00, 0xc3, 0x61, 0x00,
    0xb5, 0x61, 0x05, 0x6a, 0x56, 0x5b, 0x5f, 0x81, 0x52, 0x5f, 0x60, 0x20, 0x82, 0x01, 0x52, 0x61,
    0x05, 0x89, 0x56, 0x5b, 0x01, 0x61, 0x00, 0x9e, 0x56, 0x5b, 0x62, 0xdc, 0x14, 0x9f, 0x60, 0xe4,
    0x1b, 0x5f, 0x52, 0x60, 0x04, 0x5f, 0xfd, 0x5b, 0x63, 0x02, 0x72, 0xd0, 0x29, 0x60, 0xe6, 0x1b,
    0x5f, 0x52, 0x33, 0x60, 0x04, 0x52, 0x64, 0x01, 0x62, 0x5f, 0x00, 0x01, 0x60, 0x24, 0x52, 0x60,
    0x44, 0x5f, 0xfd, 0x5b, 0x5f, 0x80, 0xfd, 0x5b, 0x34, 0x61, 0x00, 0xf3, 0x57, 0x60, 0x40, 0x36,
    0x60, 0x03, 0x19, 0x01, 0x12, 0x61, 0x00, 0xf3, 0x57, 0x61, 0x01, 0x10, 0x61, 0x05, 0x2a, 0x56,
    0x5b, 0x60, 0x24, 0x35, 0x90, 0x60, 0x01, 0x60, 0x01, 0x60, 0x40, 0x1b, 0x03, 0x82, 0x11, 0x61,
    0x00, 0xf3, 0x57, 0x36, 0x60, 0x23, 0x83, 0x01, 0x12, 0x15, 0x61, 0x00, 0xf3, 0x57, 0x81, 0x60,
    0x04, 0x01, 0x35, 0x60, 0x01, 0x60, 0x01, 0x60, 0x40, 0x1b, 0x03, 0x81, 0x11, 0x61, 0x00, 0xf3,
    0x57, 0x36, 0x60, 0x24, 0x82, 0x60, 0x05, 0x1b, 0x85, 0x01, 0x01, 0x11, 0x61, 0x00, 0xf3, 0x57,
    0x64, 0x01, 0x62, 0x5f, 0x20, 0x04, 0x33, 0x03, 0x61, 0x02, 0xa8, 0x57, 0x5f, 0x54, 0x92, 0x5f,
    0x92, 0x60, 0x01, 0x60, 0x01, 0x60, 0x40, 0x1b, 0x03, 0x81, 0x16, 0x90, 0x60, 0x01, 0x60, 0x01,
    0x60, 0x40, 0x1b, 0x03, 0x82, 0x03, 0x61, 0x02, 0x61, 0x57, 0x5b, 0x50, 0x5f, 0x92, 0x5f, 0x5b,
    0x81, 0x81, 0x10, 0x15, 0x61, 0x02, 0x25, 0x57, 0x60, 0x24, 0x81, 0x60, 0x05, 0x1b, 0x85, 0x01,
    0x01, 0x35, 0x60, 0x01, 0x60, 0x01, 0x60, 0x40, 0x1b, 0x03, 0x81, 0x16, 0x80, 0x82, 0x03, 0x61,
    0x00, 0xf3, 0x57, 0x88, 0x11, 0x15, 0x61, 0x01, 0xfc, 0x57, 0x90, 0x61, 0x01, 0xf6, 0x61, 0x01,
    0xb8, 0x60, 0x01, 0x93, 0x61, 0x05, 0x40, 0x56, 0x5b, 0x50, 0x61, 0x01, 0xcf, 0x60, 0x01, 0x60,
    0x01, 0x60, 0x40, 0x1b, 0x03, 0x82, 0x54, 0x60, 0x40, 0x1c, 0x16, 0x61, 0x06, 0x7b, 0x56, 0x5b,
    0x67, 0xff, 0xff, 0xff, 0xff, 0xff, 0xff, 0xff, 0xff, 0x60, 0x40, 0x1b, 0x82, 0x54, 0x91, 0x60,
    0x40, 0x1b, 0x16, 0x90, 0x67, 0xff, 0xff, 0xff, 0xff, 0xff, 0xff, 0xff, 0xff, 0x60, 0x40, 0x1b,
    0x19, 0x16, 0x17, 0x90, 0x55, 0x56, 0x5b, 0x01, 0x61, 0x01, 0x7f, 0x56, 0x5b, 0x50, 0x93, 0x5f,
    0x19, 0x81, 0x14, 0x61, 0x02, 0x11, 0x57, 0x60, 0x01, 0x80, 0x91, 0x01, 0x94, 0x61, 0x01, 0xf6,
    0x56, 0x5b, 0x63, 0x4e, 0x48, 0x7b, 0x71, 0x60, 0xe0, 0x1b, 0x5f, 0x52, 0x60, 0x11, 0x60, 0x04,
    0x52, 0x60, 0x24, 0x5f, 0xfd, 0x5b, 0x50, 0x60, 0x60, 0x7f, 0x8c, 0xc1, 0x45, 0x6a, 0xc6, 0x5a,
    0x21, 0xff, 0x8f, 0x0e, 0xa8, 0x2b, 0x22, 0x82, 0xdc, 0x3b, 0xd6, 0x20, 0x5d, 0x17, 0xae, 0x6d,
    0x77, 0x47, 0x75, 0xbd, 0x87, 0x46, 0xc8, 0x52, 0x2d, 0x9a, 0x91, 0x85, 0x87, 0x60, 0x40, 0x51,
    0x92, 0x83, 0x52, 0x15, 0x15, 0x60, 0x20, 0x83, 0x01, 0x52, 0x60, 0x40, 0x82, 0x01, 0x52, 0xa2,
    0x00, 0x5b, 0x85, 0x82, 0x10, 0x15, 0x61, 0x02, 0x9e, 0x57, 0x61, 0x02, 0x72, 0x90, 0x61, 0x05,
    0x40, 0x56, 0x5b, 0x50, 0x60, 0x01, 0x60, 0x01, 0x60, 0x40, 0x1b, 0x03, 0x61, 0x02, 0x87, 0x81,
    0x83, 0x54, 0x16, 0x61, 0x06, 0x7b, 0x56, 0x5b, 0x16, 0x60, 0x01, 0x60, 0x01, 0x60, 0x40, 0x1b,
    0x03, 0x19, 0x82, 0x54, 0x16, 0x17, 0x90, 0x55, 0x5b, 0x85, 0x61, 0x01, 0x7a, 0x56, 0x5b, 0x50,
    0x60, 0x01, 0x93, 0x50, 0x61, 0x02, 0x98, 0x56, 0x5b, 0x63, 0x02, 0x72, 0xd0, 0x29, 0x60, 0xe6,
    0x1b, 0x5f, 0x52, 0x33, 0x60, 0x04, 0x52, 0x64, 0x01, 0x62, 0x5f, 0x20, 0x04, 0x60, 0x24, 0x52,
    0x60, 0x44, 0x5f, 0xfd, 0x5b, 0x34, 0x61, 0x00, 0xf3, 0x57, 0x60, 0x20, 0x36, 0x60, 0x03, 0x19,
    0x01, 0x12, 0x61, 0x00, 0xf3, 0x57, 0x60, 0x40, 0x60, 0x01, 0x60, 0x01, 0x60, 0x40, 0x1b, 0x03,
    0x61, 0x02, 0xef, 0x61, 0x02, 0xea, 0x61, 0x05, 0x2a, 0x56, 0x5b, 0x61, 0x06, 0x43, 0x56, 0x5b,
    0x83, 0x51, 0x91, 0x83, 0x16, 0x82, 0x52, 0x90, 0x91, 0x16, 0x60, 0x20, 0x82, 0x01, 0x52, 0xf3,
    0x5b, 0x34, 0x61, 0x00, 0xf3, 0x57, 0x5f, 0x36, 0x60, 0x03, 0x19, 0x01, 0x12, 0x61, 0x00, 0xf3,
    0x57, 0x60, 0x20, 0x5f, 0x54, 0x60, 0x40, 0x51, 0x90, 0x81, 0x52, 0xf3, 0x5b, 0x34, 0x61, 0x00,
    0xf3, 0x57, 0x5f, 0x36, 0x60, 0x03, 0x19, 0x01, 0x12, 0x61, 0x00, 0xf3, 0x57, 0x60, 0x20, 0x60,
    0xff, 0x60, 0x01, 0x54, 0x16, 0x60, 0x40, 0x51, 0x90, 0x15, 0x15, 0x81, 0x52, 0xf3, 0x5b, 0x34,
    0x61, 0x00, 0xf3, 0x57, 0x5f, 0x36, 0x60, 0x03, 0x19, 0x01, 0x12, 0x61, 0x00, 0xf3, 0x57, 0x5f,
    0x54, 0x61, 0x03, 0x59, 0x81, 0x61, 0x06, 0x18, 0x56, 0x5b, 0x60, 0x40, 0x51, 0x91, 0x90, 0x60,
    0x1f, 0x01, 0x60, 0x1f, 0x19, 0x16, 0x82, 0x01, 0x60, 0x01, 0x60, 0x01, 0x60, 0x40, 0x1b, 0x03,
    0x81, 0x11, 0x83, 0x82, 0x10, 0x17, 0x61, 0x04, 0x65, 0x57, 0x60, 0x40, 0x52, 0x80, 0x82, 0x52,
    0x60, 0x1f, 0x19, 0x61, 0x03, 0x8b, 0x82, 0x61, 0x06, 0x18, 0x56, 0x5b, 0x01, 0x5f, 0x5b, 0x81,
    0x81, 0x10, 0x61, 0x04, 0x46, 0x57, 0x50, 0x50, 0x5f, 0x5b, 0x81, 0x81, 0x10, 0x61, 0x03, 0xfd,
    0x57, 0x82, 0x60, 0x40, 0x51, 0x80, 0x91, 0x60, 0x20, 0x82, 0x01, 0x60, 0x20, 0x83, 0x52, 0x81,
    0x51, 0x80, 0x91, 0x52, 0x60, 0x20, 0x60, 0x40, 0x84, 0x01, 0x92, 0x01, 0x90, 0x5f, 0x5b, 0x81,
    0x81, 0x10, 0x61, 0x03, 0xcc, 0x57, 0x50, 0x50, 0x50, 0x03, 0x90, 0xf3, 0x5b, 0x91, 0x93, 0x50,
    0x91, 0x60, 0x20, 0x60, 0x40, 0x60, 0x01, 0x92, 0x60, 0x01, 0x60, 0x01, 0x60, 0x40, 0x1b, 0x03,
    0x83, 0x88, 0x51, 0x82, 0x81, 0x51, 0x16, 0x84, 0x52, 0x01, 0x51, 0x16, 0x83, 0x82, 0x01, 0x52,
    0x01, 0x94, 0x01, 0x91, 0x01, 0x91, 0x84, 0x93, 0x92, 0x61, 0x03, 0xbe, 0x56, 0x5b, 0x80, 0x61,
    0x04, 0x09, 0x60, 0x01, 0x92, 0x61, 0x05, 0x40, 0x56, 0x5b, 0x50, 0x60, 0x01, 0x60, 0x01, 0x60,
    0x40, 0x1b, 0x03, 0x61, 0x04, 0x1a, 0x61, 0x05, 0x6a, 0x56, 0x5b, 0x91, 0x54, 0x81, 0x81, 0x16,
    0x83, 0x52, 0x60, 0x40, 0x1c, 0x16, 0x60, 0x20, 0x82, 0x01, 0x52, 0x61, 0x04, 0x34, 0x82, 0x86,
    0x61, 0x06, 0x2f, 0x56, 0x5b, 0x52, 0x61, 0x04, 0x3f, 0x81, 0x85, 0x61, 0x06, 0x2f, 0x56, 0x5b,
    0x50, 0x01, 0x61, 0x03, 0x99, 0x56, 0x5b, 0x60, 0x20, 0x90, 0x61, 0x04, 0x51, 0x61, 0x05, 0x6a,
    0x56, 0x5b, 0x5f, 0x81, 0x52, 0x5f, 0x83, 0x82, 0x01, 0x52, 0x82, 0x82, 0x87, 0x01, 0x01, 0x52,
    0x01, 0x61, 0x03, 0x8e, 0x56, 0x5b, 0x63, 0x4e, 0x48, 0x7b, 0x71, 0x60, 0xe0, 0x1b, 0x5f, 0x52,
    0x60, 0x41, 0x60, 0x04, 0x52, 0x60, 0x24, 0x5f, 0xfd, 0x5b, 0x34, 0x61, 0x00, 0xf3, 0x57, 0x60,
    0x20, 0x36, 0x60, 0x03, 0x19, 0x01, 0x12, 0x61, 0x00, 0xf3, 0x57, 0x60, 0x04, 0x35, 0x64, 0x01,
    0x62, 0x5f, 0x20, 0x03, 0x33, 0x03, 0x61, 0x05, 0x0e, 0x57, 0x5f, 0x54, 0x80, 0x5b, 0x61, 0x04,
    0xc1, 0x57, 0x50, 0x5f, 0x5b, 0x81, 0x81, 0x10, 0x61, 0x04, 0xad, 0x57, 0x00, 0x5b, 0x60, 0x01,
    0x90, 0x61, 0x04, 0xbb, 0x61, 0x00, 0xb5, 0x61, 0x05, 0x6a, 0x56, 0x5b, 0x01, 0x61, 0x04, 0xa4,
    0x56, 0x5b, 0x5f, 0x54, 0x80, 0x15, 0x61, 0x04, 0xfa, 0x57, 0x5f, 0x19, 0x01, 0x61, 0x04, 0xd5,
    0x81, 0x61, 0x05, 0x40, 0x56, 0x5b, 0x61, 0x04, 0xe7, 0x57, 0x5f, 0x90, 0x55, 0x5f, 0x55, 0x5f,
    0x19, 0x01, 0x80, 0x61, 0x04, 0x9d, 0x56, 0x5b, 0x63, 0x4e, 0x48, 0x7b, 0x71, 0x60, 0xe0, 0x1b,
    0x5f, 0x52, 0x5f, 0x60, 0x04, 0x52, 0x60, 0x24, 0x5f, 0xfd, 0x5b, 0x63, 0x4e, 0x48, 0x7b, 0x71,
    0x60, 0xe0, 0x1b, 0x5f, 0x52, 0x60, 0x31, 0x60, 0x04, 0x52, 0x60, 0x24, 0x5f, 0xfd, 0x5b, 0x63,
    0x02, 0x72, 0xd0, 0x29, 0x60, 0xe6, 0x1b, 0x5f, 0x52, 0x33, 0x60, 0x04, 0x52, 0x64, 0x01, 0x62,
    0x5f, 0x20, 0x03, 0x60, 0x24, 0x52, 0x60, 0x44, 0x5f, 0xfd, 0x5b, 0x60, 0x04, 0x35, 0x90, 0x60,
    0x01, 0x60, 0x01, 0x60, 0x40, 0x1b, 0x03, 0x82, 0x16, 0x82, 0x03, 0x61, 0x00, 0xf3, 0x57, 0x56,
    0x5b, 0x5f, 0x54, 0x81, 0x10, 0x15, 0x61, 0x05, 0x56, 0x57, 0x5f, 0x80, 0x52, 0x60, 0x20, 0x5f,
    0x20, 0x01, 0x90, 0x5f, 0x90, 0x56, 0x5b, 0x63, 0x4e, 0x48, 0x7b, 0x71, 0x60, 0xe0, 0x1b, 0x5f,
    0x52, 0x60, 0x32, 0x60, 0x04, 0x52, 0x60, 0x24, 0x5f, 0xfd, 0x5b, 0x60, 0x40, 0x51, 0x90, 0x60,
    0x40, 0x82, 0x01, 0x82, 0x81, 0x10, 0x60, 0x01, 0x60, 0x01, 0x60, 0x40, 0x1b, 0x03, 0x82, 0x11,
    0x17, 0x61, 0x04, 0x65, 0x57, 0x60, 0x40, 0x52, 0x56, 0x5b, 0x5f, 0x54, 0x68, 0x01, 0x00, 0x00,
    0x00, 0x00, 0x00, 0x00, 0x00, 0x00, 0x81, 0x10, 0x15, 0x61, 0x04, 0x65, 0x57, 0x60, 0x01, 0x81,
    0x01, 0x5f, 0x55, 0x5f, 0x54, 0x81, 0x10, 0x15, 0x61, 0x05, 0x56, 0x57, 0x5f, 0x80, 0x52, 0x7f,
    0x29, 0x0d, 0xec, 0xd9, 0x54, 0x8b, 0x62, 0xa8, 0xd6, 0x03, 0x45, 0xa9, 0x88, 0x38, 0x6f, 0xc8,
    0x4b, 0xa6, 0xbc, 0x95, 0x48, 0x40, 0x08, 0xf6, 0x36, 0x2f, 0x93, 0x16, 0x0e, 0xf3, 0xe5, 0x63,
    0x01, 0x81, 0x51, 0x81, 0x54, 0x60, 0x20, 0x93, 0x90, 0x93, 0x01, 0x51, 0x6f, 0xff, 0xff, 0xff,
    0xff, 0xff, 0xff, 0xff, 0xff, 0xff, 0xff, 0xff, 0xff, 0xff, 0xff, 0xff, 0xff, 0x19, 0x90, 0x93,
    0x16, 0x60, 0x01, 0x60, 0x01, 0x60, 0x40, 0x1b, 0x03, 0x91, 0x90, 0x91, 0x16, 0x17, 0x60, 0x40,
    0x92, 0x90, 0x92, 0x1b, 0x67, 0xff, 0xff, 0xff, 0xff, 0xff, 0xff, 0xff, 0xff, 0x60, 0x40, 0x1b,
    0x16, 0x91, 0x90, 0x91, 0x17, 0x90, 0x55, 0x56, 0x5b, 0x60, 0x01, 0x60, 0x01, 0x60, 0x40, 0x1b,
    0x03, 0x81, 0x11, 0x61, 0x04, 0x65, 0x57, 0x60, 0x05, 0x1b, 0x60, 0x20, 0x01, 0x90, 0x56, 0x5b,
    0x80, 0x51, 0x82, 0x10, 0x15, 0x61, 0x05, 0x56, 0x57, 0x60, 0x20, 0x91, 0x60, 0x05, 0x1b, 0x01,
    0x01, 0x90, 0x56, 0x5b, 0x5f, 0x54, 0x60, 0x01, 0x60, 0x01, 0x60, 0x40, 0x1b, 0x03, 0x82, 0x16,
    0x10, 0x15, 0x61, 0x06, 0x74, 0x57, 0x61, 0x06, 0x5e, 0x90, 0x61, 0x05, 0x40, 0x56, 0x5b, 0x50,
    0x54, 0x90, 0x60, 0x01, 0x60, 0x01, 0x60, 0x40, 0x1b, 0x03, 0x80, 0x83, 0x16, 0x92, 0x60, 0x40,
    0x1c, 0x16, 0x90, 0x56, 0x5b, 0x50, 0x5f, 0x90, 0x5f, 0x90, 0x56, 0x5b, 0x60, 0x01, 0x60, 0x01,
    0x60, 0x40, 0x1b, 0x03, 0x16, 0x60, 0x01, 0x60, 0x01, 0x60, 0x40, 0x1b, 0x03, 0x81, 0x14, 0x61,
    0x02, 0x11, 0x57, 0x60, 0x01, 0x01, 0x90, 0x56, 0xfe, 0xa2, 0x64, 0x69, 0x70, 0x66, 0x73, 0x58,
    0x22, 0x12, 0x20, 0x37, 0x50, 0x3d, 0x18, 0x7a, 0xa0, 0xa5, 0x18, 0x25, 0x9d, 0x88, 0x53, 0x81,
    0x28, 0xed, 0x45, 0x8c, 0xee, 0xc3, 0x95, 0x18, 0x9c, 0x86, 0xa8, 0x83, 0xd7, 0xf5, 0xaa, 0xa1,
    0x0e, 0x19, 0x0c, 0x64, 0x73, 0x6f, 0x6c, 0x63, 0x43, 0x00, 0x08, 0x1e, 0x00, 0x33,
];
/// `ValidatorPerformanceTracker` system address
pub const PERFORMANCE_TRACKER_ADDRESS: Address =
    address!("00000000000000000000000000000001625F2005");

/// Governance runtime bytecode (from current HEAD)
pub const GOVERNANCE_BYTECODE: &[u8] = &[
    0x60, 0x80, 0x60, 0x40, 0x52, 0x60, 0x04, 0x36, 0x10, 0x15, 0x61, 0x00, 0x11, 0x57, 0x5f, 0x80,
    0xfd, 0x5b, 0x5f, 0x35, 0x60, 0xe0, 0x1c, 0x80, 0x62, 0x93, 0x9c, 0xc9, 0x14, 0x61, 0x0f, 0x20,
    0x57, 0x80, 0x63, 0x0f, 0x30, 0x60, 0x8a, 0x14, 0x61, 0x0b, 0x6d, 0x57, 0x80, 0x63, 0x10, 0x7e,
    0xd8, 0x51, 0x14, 0x61, 0x0e, 0xfd, 0x57, 0x80, 0x63, 0x1f, 0x5a, 0x0b, 0xbe, 0x14, 0x61, 0x0e,
    0x9e, 0x57, 0x80, 0x63, 0x24, 0x78, 0x84, 0x29, 0x14, 0x61, 0x0e, 0x3f, 0x57, 0x80, 0x63, 0x26,
    0xd0, 0xf6, 0x41, 0x14, 0x61, 0x0d, 0xe3, 0x57, 0x80, 0x63, 0x2a, 0xb0, 0x9d, 0x14, 0x14, 0x61,
    0x0d, 0x28, 0x57, 0x80, 0x63, 0x3c, 0x93, 0xd1, 0x0a, 0x14, 0x61, 0x0d, 0xc6, 0x57, 0x80, 0x63,
    0x66, 0xf2, 0x22, 0x04, 0x14, 0x61, 0x05, 0xc2, 0x57, 0x80, 0x63, 0x6b, 0xd1, 0x46, 0xc5, 0x14,
    0x61, 0x0d, 0x70, 0x57, 0x80, 0x63, 0x71, 0x50, 0x18, 0xa6, 0x14, 0x61, 0x0d, 0x51, 0x57, 0x80,
    0x63, 0x78, 0x7e, 0x0f, 0xe0, 0x14, 0x61, 0x0d, 0x28, 0x57, 0x80, 0x63, 0x79, 0xba, 0x50, 0x97,
    0x14, 0x61, 0x0c, 0xa8, 0x57, 0x80, 0x63, 0x89, 0x05, 0xb9, 0x87, 0x14, 0x61, 0x0c, 0x6b, 0x57,
    0x80, 0x63, 0x8d, 0xa5, 0xcb, 0x5b, 0x14, 0x61, 0x0c, 0x44, 0x57, 0x80, 0x63, 0x93, 0x0d, 0x1e,
    0x54, 0x14, 0x61, 0x0c, 0x21, 0x57, 0x80, 0x63, 0x96, 0xc6, 0xc3, 0x7c, 0x14, 0x61, 0x0b, 0xaa,
    0x57, 0x80, 0x63, 0xaa, 0xa8, 0xc7, 0x68, 0x14, 0x61, 0x0b, 0x6d, 0x57, 0x80, 0x63, 0xab, 0x3f,
    0xb0, 0x4c, 0x14, 0x61, 0x0a, 0xfc, 0x57, 0x80, 0x63, 0xc8, 0xe5, 0x83, 0xa6, 0x14, 0x61, 0x09,
    0x9a, 0x57, 0x80, 0x63, 0xca, 0x66, 0x0a, 0x66, 0x14, 0x61, 0x09, 0x5d, 0x57, 0x80, 0x63, 0xd3,
    0xe3, 0x6b, 0xdc, 0x14, 0x61, 0x06, 0x6d, 0x57, 0x80, 0x63, 0xde, 0xbf, 0xda, 0x30, 0x14, 0x61,
    0x06, 0x2b, 0x57, 0x80, 0x63, 0xe3, 0x0c, 0x39, 0x78, 0x14, 0x61, 0x06, 0x03, 0x57, 0x80, 0x63,
    0xeb, 0xc5, 0xf2, 0x0c, 0x14, 0x61, 0x05, 0xc2, 0x57, 0x80, 0x63, 0xef, 0x09, 0xe7, 0x8f, 0x14,
    0x61, 0x05, 0x03, 0x57, 0x80, 0x63, 0xf1, 0x61, 0x0a, 0x28, 0x14, 0x61, 0x02, 0x53, 0x57, 0x80,
    0x63, 0xf2, 0xfd, 0xe3, 0x8b, 0x14, 0x61, 0x01, 0xe1, 0x57, 0x63, 0xf8, 0x6a, 0xd6, 0x90, 0x14,
    0x61, 0x01, 0x57, 0x57, 0x5f, 0x80, 0xfd, 0x5b, 0x34, 0x61, 0x01, 0xdd, 0x57, 0x60, 0x40, 0x36,
    0x60, 0x03, 0x19, 0x01, 0x12, 0x61, 0x01, 0xdd, 0x57, 0x60, 0x04, 0x35, 0x60, 0x01, 0x60, 0x01,
    0x60, 0x40, 0x1b, 0x03, 0x81, 0x11, 0x61, 0x01, 0xdd, 0x57, 0x61, 0x01, 0x87, 0x90, 0x36, 0x90,
    0x60, 0x04, 0x01, 0x61, 0x16, 0x2d, 0x56, 0x5b, 0x90, 0x60, 0x24, 0x35, 0x91, 0x60, 0x01, 0x60,
    0x01, 0x60, 0x40, 0x1b, 0x03, 0x83, 0x11, 0x61, 0x01, 0xdd, 0x57, 0x61, 0x01, 0xd2, 0x61, 0x01,
    0xc4, 0x91, 0x61, 0x01, 0xb1, 0x60, 0x20, 0x95, 0x36, 0x90, 0x60, 0x04, 0x01, 0x61, 0x16, 0x2d,
    0x56, 0x5b, 0x60, 0x40, 0x94, 0x91, 0x94, 0x51, 0x94, 0x85, 0x93, 0x88, 0x85, 0x01, 0x97, 0x88,
    0x61, 0x17, 0x61, 0x56, 0x5b, 0x03, 0x60, 0x1f, 0x19, 0x81, 0x01, 0x83, 0x52, 0x82, 0x61, 0x17,
    0x01, 0x56, 0x5b, 0x51, 0x90, 0x20, 0x60, 0x40, 0x51, 0x90, 0x81, 0x52, 0xf3, 0x5b, 0x5f, 0x80,
    0xfd, 0x5b, 0x34, 0x61, 0x01, 0xdd, 0x57, 0x60, 0x20, 0x36, 0x60, 0x03, 0x19, 0x01, 0x12, 0x61,
    0x01, 0xdd, 0x57, 0x61, 0x01, 0xfa, 0x61, 0x16, 0x17, 0x56, 0x5b, 0x61, 0x02, 0x02, 0x61, 0x1d,
    0x31, 0x56, 0x5b, 0x60, 0x01, 0x80, 0x60, 0xa0, 0x1b, 0x03, 0x16, 0x80, 0x6b, 0xff, 0xff, 0xff,
    0xff, 0xff, 0xff, 0xff, 0xff, 0xff, 0xff, 0xff, 0xff, 0x60, 0xa0, 0x1b, 0x60, 0x01, 0x54, 0x16,
    0x17, 0x60, 0x01, 0x55, 0x60, 0x01, 0x80, 0x60, 0xa0, 0x1b, 0x03, 0x5f, 0x54, 0x16, 0x7f, 0x38,
    0xd1, 0x6b, 0x8c, 0xac, 0x22, 0xd9, 0x9f, 0xc7, 0xc1, 0x24, 0xb9, 0xcd, 0x0d, 0xe2, 0xd3, 0xfa,
    0x1f, 0xae, 0xf4, 0x20, 0xbf, 0xe7, 0x91, 0xd8, 0xc3, 0x62, 0xd7, 0x65, 0xe2, 0x27, 0x00, 0x5f,
    0x80, 0xa3, 0x00, 0x5b, 0x34, 0x61, 0x01, 0xdd, 0x57, 0x60, 0x20, 0x36, 0x60, 0x03, 0x19, 0x01,
    0x12, 0x61, 0x01, 0xdd, 0x57, 0x60, 0x01, 0x60, 0x01, 0x60, 0x40, 0x1b, 0x03, 0x61, 0x02, 0x74,
    0x61, 0x16, 0x5d, 0x56, 0x5b, 0x5f, 0x61, 0x01, 0x40, 0x60, 0x40, 0x51, 0x61, 0x02, 0x84, 0x81,
    0x61, 0x16, 0xe5, 0x56, 0x5b, 0x82, 0x81, 0x52, 0x82, 0x60, 0x20, 0x82, 0x01, 0x52, 0x82, 0x60,
    0x40, 0x82, 0x01, 0x52, 0x60, 0x60, 0x80, 0x82, 0x01, 0x52, 0x82, 0x60, 0x80, 0x82, 0x01, 0x52,
    0x82, 0x60, 0xa0, 0x82, 0x01, 0x52, 0x82, 0x60, 0xc0, 0x82, 0x01, 0x52, 0x82, 0x60, 0xe0, 0x82,
    0x01, 0x52, 0x82, 0x61, 0x01, 0x00, 0x82, 0x01, 0x52, 0x82, 0x61, 0x01, 0x20, 0x82, 0x01, 0x52,
    0x01, 0x52, 0x16, 0x80, 0x5f, 0x52, 0x60, 0x02, 0x60, 0x20, 0x52, 0x60, 0x01, 0x60, 0x01, 0x60,
    0x40, 0x1b, 0x03, 0x60, 0x40, 0x5f, 0x20, 0x54, 0x16, 0x15, 0x61, 0x04, 0xf1, 0x57, 0x5f, 0x52,
    0x60, 0x02, 0x60, 0x20, 0x52, 0x60, 0x40, 0x5f, 0x20, 0x60, 0x40, 0x51, 0x61, 0x02, 0xf4, 0x81,
    0x61, 0x16, 0xe5, 0x56, 0x5b, 0x81, 0x54, 0x91, 0x60, 0x01, 0x60, 0x01, 0x60, 0x40, 0x1b, 0x03,
    0x83, 0x16, 0x82, 0x52, 0x60, 0x20, 0x82, 0x01, 0x92, 0x60, 0x01, 0x80, 0x60, 0xa0, 0x1b, 0x03,
    0x90, 0x60, 0x40, 0x1c, 0x16, 0x83, 0x52, 0x60, 0x01, 0x81, 0x01, 0x54, 0x60, 0x40, 0x83, 0x01,
    0x90, 0x81, 0x52, 0x60, 0x02, 0x82, 0x01, 0x90, 0x60, 0x40, 0x51, 0x80, 0x92, 0x5f, 0x90, 0x80,
    0x54, 0x90, 0x61, 0x03, 0x3a, 0x82, 0x61, 0x18, 0x5b, 0x56, 0x5b, 0x80, 0x85, 0x52, 0x91, 0x60,
    0x01, 0x81, 0x16, 0x90, 0x81, 0x15, 0x61, 0x04, 0xd3, 0x57, 0x50, 0x60, 0x01, 0x14, 0x61, 0x04,
    0x96, 0x57, 0x5b, 0x50, 0x50, 0x03, 0x61, 0x03, 0x5f, 0x90, 0x83, 0x61, 0x17, 0x01, 0x56, 0x5b,
    0x60, 0x60, 0x84, 0x01, 0x91, 0x82, 0x52, 0x60, 0x03, 0x83, 0x01, 0x54, 0x60, 0x80, 0x85, 0x01,
    0x93, 0x60, 0x01, 0x60, 0x01, 0x60, 0x40, 0x1b, 0x03, 0x82, 0x16, 0x85, 0x52, 0x60, 0xa0, 0x86,
    0x01, 0x91, 0x80, 0x60, 0x40, 0x1c, 0x60, 0x01, 0x60, 0x01, 0x60, 0x40, 0x1b, 0x03, 0x16, 0x83,
    0x52, 0x60, 0xc0, 0x87, 0x01, 0x90, 0x60, 0x80, 0x1c, 0x81, 0x52, 0x60, 0x04, 0x82, 0x01, 0x54,
    0x92, 0x60, 0xe0, 0x88, 0x01, 0x92, 0x60, 0x01, 0x60, 0x01, 0x60, 0x80, 0x1b, 0x03, 0x85, 0x16,
    0x84, 0x52, 0x61, 0x01, 0x00, 0x89, 0x01, 0x94, 0x60, 0x80, 0x1c, 0x85, 0x52, 0x60, 0x05, 0x01,
    0x54, 0x95, 0x61, 0x01, 0x20, 0x89, 0x01, 0x95, 0x60, 0xff, 0x88, 0x16, 0x15, 0x15, 0x87, 0x52,
    0x61, 0x01, 0x40, 0x8a, 0x01, 0x97, 0x60, 0x08, 0x1c, 0x60, 0x01, 0x60, 0x01, 0x60, 0x40, 0x1b,
    0x03, 0x16, 0x88, 0x52, 0x60, 0x40, 0x51, 0x9a, 0x8b, 0x9a, 0x60, 0x20, 0x8c, 0x52, 0x51, 0x60,
    0x01, 0x60, 0x01, 0x60, 0x40, 0x1b, 0x03, 0x16, 0x60, 0x20, 0x8c, 0x01, 0x52, 0x60, 0x01, 0x60,
    0xa0, 0x1b, 0x60, 0x01, 0x90, 0x03, 0x90, 0x51, 0x16, 0x60, 0x40, 0x8b, 0x01, 0x52, 0x51, 0x60,
    0x60, 0x8a, 0x01, 0x52, 0x51, 0x60, 0x80, 0x89, 0x01, 0x61, 0x01, 0x60, 0x90, 0x52, 0x61, 0x01,
    0x80, 0x89, 0x01, 0x61, 0x04, 0x2b, 0x91, 0x61, 0x16, 0xc1, 0x56, 0x5b, 0x96, 0x51, 0x60, 0x01,
    0x60, 0x01, 0x60, 0x40, 0x1b, 0x03, 0x16, 0x60, 0xa0, 0x89, 0x01, 0x52, 0x51, 0x60, 0x01, 0x60,
    0x01, 0x60, 0x40, 0x1b, 0x03, 0x16, 0x60, 0xc0, 0x88, 0x01, 0x52, 0x51, 0x60, 0x01, 0x60, 0x01,
    0x60, 0x80, 0x1b, 0x03, 0x16, 0x60, 0xe0, 0x87, 0x01, 0x52, 0x51, 0x60, 0x01, 0x60, 0x01, 0x60,
    0x80, 0x1b, 0x03, 0x16, 0x61, 0x01, 0x00, 0x86, 0x01, 0x52, 0x51, 0x60, 0x01, 0x60, 0x01, 0x60,
    0x80, 0x1b, 0x03, 0x16, 0x61, 0x01, 0x20, 0x85, 0x01, 0x52, 0x51, 0x15, 0x15, 0x61, 0x01, 0x40,
    0x84, 0x01, 0x52, 0x51, 0x60, 0x01, 0x60, 0x01, 0x60, 0x40, 0x1b, 0x03, 0x16, 0x61, 0x01, 0x60,
    0x83, 0x01, 0x52, 0x03, 0x90, 0xf3, 0x5b, 0x5f, 0x90, 0x81, 0x52, 0x60, 0x20, 0x81, 0x20, 0x90,
    0x92, 0x50, 0x5b, 0x81, 0x83, 0x10, 0x61, 0x04, 0xb7, 0x57, 0x50, 0x50, 0x81, 0x01, 0x60, 0x20,
    0x01, 0x87, 0x80, 0x61, 0x03, 0x52, 0x56, 0x5b, 0x60, 0x20, 0x91, 0x93, 0x50, 0x80, 0x60, 0x01,
    0x91, 0x54, 0x83, 0x85, 0x89, 0x01, 0x01, 0x52, 0x01, 0x91, 0x01, 0x90, 0x91, 0x84, 0x92, 0x61,
    0x04, 0xa2, 0x56, 0x5b, 0x91, 0x50, 0x50, 0x60, 0x20, 0x92, 0x50, 0x60, 0xff, 0x19, 0x16, 0x82,
    0x84, 0x01, 0x52, 0x15, 0x15, 0x60, 0x05, 0x1b, 0x82, 0x01, 0x01, 0x87, 0x80, 0x61, 0x03, 0x52,
    0x56, 0x5b, 0x63, 0x59, 0x82, 0x5a, 0x01, 0x60, 0xe0, 0x1b, 0x5f, 0x52, 0x60, 0x04, 0x52, 0x60,
    0x24, 0x5f, 0xfd, 0x5b, 0x34, 0x61, 0x01, 0xdd, 0x57, 0x5f, 0x36, 0x60, 0x03, 0x19, 0x01, 0x12,
    0x61, 0x01, 0xdd, 0x57, 0x60, 0x40, 0x51, 0x80, 0x60, 0x20, 0x60, 0x06, 0x54, 0x92, 0x83, 0x81,
    0x52, 0x01, 0x80, 0x92, 0x60, 0x06, 0x5f, 0x52, 0x7f, 0xf6, 0x52, 0x22, 0x23, 0x13, 0xe2, 0x84,
    0x59, 0x52, 0x8d, 0x92, 0x0b, 0x65, 0x11, 0x5c, 0x16, 0xc0, 0x4f, 0x3e, 0xfc, 0x82, 0xaa, 0xed,
    0xc9, 0x7b, 0xe5, 0x9f, 0x3f, 0x37, 0x7c, 0x0d, 0x3f, 0x90, 0x5f, 0x5b, 0x81, 0x81, 0x10, 0x61,
    0x05, 0xac, 0x57, 0x50, 0x50, 0x50, 0x81, 0x61, 0x05, 0x61, 0x91, 0x03, 0x82, 0x61, 0x17, 0x01,
    0x56, 0x5b, 0x60, 0x40, 0x51, 0x91, 0x82, 0x91, 0x60, 0x20, 0x83, 0x01, 0x90, 0x60, 0x20, 0x84,
    0x52, 0x51, 0x80, 0x91, 0x52, 0x60, 0x40, 0x83, 0x01, 0x91, 0x90, 0x5f, 0x5b, 0x81, 0x81, 0x10,
    0x61, 0x05, 0x8a, 0x57, 0x50, 0x50, 0x50, 0x03, 0x90, 0xf3, 0x5b, 0x82, 0x51, 0x60, 0x01, 0x60,
    0x01, 0x60, 0xa0, 0x1b, 0x03, 0x16, 0x84, 0x52, 0x85, 0x94, 0x50, 0x60, 0x20, 0x93, 0x84, 0x01,
    0x93, 0x90, 0x92, 0x01, 0x91, 0x60, 0x01, 0x01, 0x61, 0x05, 0x7c, 0x56, 0x5b, 0x82, 0x54, 0x84,
    0x52, 0x60, 0x20, 0x90, 0x93, 0x01, 0x92, 0x60, 0x01, 0x92, 0x83, 0x01, 0x92, 0x01, 0x61, 0x05,
    0x4b, 0x56, 0x5b, 0x34, 0x61, 0x01, 0xdd, 0x57, 0x60, 0x20, 0x36, 0x60, 0x03, 0x19, 0x01, 0x12,
    0x61, 0x01, 0xdd, 0x57, 0x60, 0x01, 0x60, 0x01, 0x60, 0x40, 0x1b, 0x03, 0x61, 0x05, 0xe3, 0x61,
    0x16, 0x5d, 0x56, 0x5b, 0x16, 0x5f, 0x52, 0x60, 0x05, 0x60, 0x20, 0x52, 0x60, 0x20, 0x60, 0x01,
    0x60, 0x01, 0x60, 0x40, 0x1b, 0x03, 0x60, 0x40, 0x5f, 0x20, 0x54, 0x16, 0x60, 0x40, 0x51, 0x90,
    0x81, 0x52, 0xf3, 0x5b, 0x34, 0x61, 0x01, 0xdd, 0x57, 0x5f, 0x36, 0x60, 0x03, 0x19, 0x01, 0x12,
    0x61, 0x01, 0xdd, 0x57, 0x60, 0x01, 0x54, 0x60, 0x40, 0x51, 0x60, 0x01, 0x60, 0x01, 0x60, 0xa0,
    0x1b, 0x03, 0x90, 0x91, 0x16, 0x81, 0x52, 0x60, 0x20, 0x90, 0xf3, 0x5b, 0x34, 0x61, 0x01, 0xdd,
    0x57, 0x60, 0x20, 0x36, 0x60, 0x03, 0x19, 0x01, 0x12, 0x61, 0x01, 0xdd, 0x57, 0x60, 0x20, 0x61,
    0x06, 0x63, 0x60, 0x01, 0x60, 0x01, 0x60, 0xa0, 0x1b, 0x03, 0x61, 0x06, 0x51, 0x61, 0x16, 0x17,
    0x56, 0x5b, 0x16, 0x5f, 0x52, 0x60, 0x07, 0x60, 0x20, 0x52, 0x60, 0x40, 0x5f, 0x20, 0x54, 0x15,
    0x15, 0x90, 0x56, 0x5b, 0x60, 0x40, 0x51, 0x90, 0x15, 0x15, 0x81, 0x52, 0xf3, 0x5b, 0x34, 0x61,
    0x01, 0xdd, 0x57, 0x60, 0x60, 0x36, 0x60, 0x03, 0x19, 0x01, 0x12, 0x61, 0x01, 0xdd, 0x57, 0x61,
    0x06, 0x86, 0x61, 0x16, 0x5d, 0x56, 0x5b, 0x60, 0x24, 0x35, 0x60, 0x01, 0x60, 0x01, 0x60, 0x40,
    0x1b, 0x03, 0x81, 0x11, 0x61, 0x01, 0xdd, 0x57, 0x61, 0x06, 0xa5, 0x90, 0x36, 0x90, 0x60, 0x04,
    0x01, 0x61, 0x16, 0x2d, 0x56, 0x5b, 0x60, 0x44, 0x92, 0x91, 0x92, 0x35, 0x60, 0x01, 0x60, 0x01,
    0x60, 0x40, 0x1b, 0x03, 0x81, 0x11, 0x61, 0x01, 0xdd, 0x57, 0x61, 0x06, 0xc7, 0x90, 0x36, 0x90,
    0x60, 0x04, 0x01, 0x61, 0x16, 0x2d, 0x56, 0x5b, 0x61, 0x06, 0xdf, 0x92, 0x91, 0x92, 0x33, 0x5f,
    0x52, 0x60, 0x07, 0x60, 0x20, 0x52, 0x60, 0x40, 0x5f, 0x20, 0x54, 0x15, 0x15, 0x90, 0x56, 0x5b,
    0x15, 0x61, 0x09, 0x4a, 0x57, 0x80, 0x82, 0x03, 0x61, 0x09, 0x34, 0x57, 0x81, 0x15, 0x61, 0x09,
    0x25, 0x57, 0x60, 0x01, 0x60, 0x01, 0x60, 0x40, 0x1b, 0x03, 0x84, 0x16, 0x93, 0x84, 0x5f, 0x52,
    0x60, 0x02, 0x60, 0x20, 0x52, 0x60, 0x01, 0x60, 0x01, 0x60, 0x40, 0x1b, 0x03, 0x60, 0x40, 0x5f,
    0x20, 0x54, 0x16, 0x15, 0x61, 0x09, 0x12, 0x57, 0x84, 0x5f, 0x52, 0x60, 0x04, 0x60, 0x20, 0x52,
    0x60, 0xff, 0x60, 0x40, 0x5f, 0x20, 0x54, 0x16, 0x61, 0x08, 0xff, 0x57, 0x61, 0x07, 0x34, 0x90,
    0x61, 0x1a, 0x79, 0x56, 0x5b, 0x60, 0x05, 0x81, 0x10, 0x15, 0x61, 0x08, 0xeb, 0x57, 0x60, 0x01,
    0x03, 0x61, 0x08, 0xd8, 0x57, 0x83, 0x5f, 0x52, 0x60, 0x02, 0x60, 0x20, 0x52, 0x60, 0x01, 0x60,
    0x40, 0x5f, 0x20, 0x01, 0x54, 0x60, 0x40, 0x51, 0x60, 0x20, 0x81, 0x01, 0x90, 0x61, 0x07, 0x6d,
    0x81, 0x61, 0x01, 0xc4, 0x86, 0x89, 0x89, 0x8d, 0x88, 0x61, 0x17, 0x61, 0x56, 0x5b, 0x51, 0x90,
    0x20, 0x90, 0x80, 0x82, 0x03, 0x61, 0x08, 0xc3, 0x57, 0x50, 0x50, 0x5f, 0x84, 0x81, 0x52, 0x60,
    0x04, 0x60, 0x20, 0x52, 0x60, 0x40, 0x81, 0x20, 0x80, 0x54, 0x60, 0xff, 0x19, 0x16, 0x60, 0x01,
    0x17, 0x90, 0x55, 0x36, 0x84, 0x90, 0x03, 0x60, 0x1e, 0x19, 0x01, 0x90, 0x5b, 0x83, 0x81, 0x10,
    0x61, 0x07, 0xdf, 0x57, 0x50, 0x50, 0x90, 0x61, 0x07, 0xda, 0x7f, 0x0f, 0x41, 0x73, 0x80, 0x4d,
    0x83, 0x47, 0x6a, 0x94, 0xb4, 0x57, 0xb1, 0x02, 0x33, 0xc4, 0x81, 0x6c, 0xbc, 0x6c, 0x14, 0x29,
    0x69, 0x00, 0x2e, 0x82, 0x10, 0xed, 0x1a, 0x20, 0x8c, 0xce, 0x9d, 0x93, 0x92, 0x60, 0x40, 0x51,
    0x93, 0x84, 0x93, 0x33, 0x98, 0x85, 0x61, 0x17, 0x61, 0x56, 0x5b, 0x03, 0x90, 0xa3, 0x00, 0x5b,
    0x61, 0x07, 0xf2, 0x61, 0x07, 0xed, 0x82, 0x86, 0x8a, 0x61, 0x1b, 0x8d, 0x56, 0x5b, 0x61, 0x1b,
    0x9d, 0x56, 0x5b, 0x83, 0x82, 0x10, 0x15, 0x61, 0x08, 0xaf, 0x57, 0x81, 0x60, 0x05, 0x1b, 0x86,
    0x01, 0x35, 0x83, 0x81, 0x12, 0x15, 0x61, 0x01, 0xdd, 0x57, 0x86, 0x01, 0x90, 0x81, 0x35, 0x91,
    0x60, 0x01, 0x60, 0x01, 0x60, 0x40, 0x1b, 0x03, 0x83, 0x11, 0x61, 0x01, 0xdd, 0x57, 0x60, 0x20,
    0x01, 0x90, 0x82, 0x36, 0x03, 0x82, 0x13, 0x61, 0x01, 0xdd, 0x57, 0x82, 0x5f, 0x80, 0x94, 0x93,
    0x81, 0x94, 0x60, 0x40, 0x51, 0x93, 0x84, 0x92, 0x83, 0x37, 0x81, 0x01, 0x82, 0x81, 0x52, 0x03,
    0x92, 0x5a, 0xf1, 0x3d, 0x15, 0x61, 0x08, 0xa7, 0x57, 0x3d, 0x90, 0x61, 0x08, 0x53, 0x82, 0x61,
    0x18, 0x40, 0x56, 0x5b, 0x91, 0x61, 0x08, 0x61, 0x60, 0x40, 0x51, 0x93, 0x84, 0x61, 0x17, 0x01,
    0x56, 0x5b, 0x82, 0x52, 0x3d, 0x5f, 0x60, 0x20, 0x84, 0x01, 0x3e, 0x5b, 0x15, 0x61, 0x08, 0x79,
    0x57, 0x50, 0x60, 0x01, 0x01, 0x61, 0x07, 0x9c, 0x56, 0x5b, 0x86, 0x61, 0x08, 0xa3, 0x60, 0x40,
    0x51, 0x92, 0x83, 0x92, 0x63, 0x39, 0x9f, 0x4b, 0x23, 0x60, 0xe2, 0x1b, 0x84, 0x52, 0x60, 0x04,
    0x84, 0x01, 0x52, 0x60, 0x40, 0x60, 0x24, 0x84, 0x01, 0x52, 0x60, 0x44, 0x83, 0x01, 0x90, 0x61,
    0x16, 0xc1, 0x56, 0x5b, 0x03, 0x90, 0xfd, 0x5b, 0x60, 0x60, 0x90, 0x61, 0x08, 0x6b, 0x56, 0x5b,
    0x63, 0x4e, 0x48, 0x7b, 0x71, 0x60, 0xe0, 0x1b, 0x5f, 0x52, 0x60, 0x32, 0x60, 0x04, 0x52, 0x60,
    0x24, 0x5f, 0xfd, 0x5b, 0x63, 0x0c, 0x22, 0x02, 0x13, 0x60, 0xe2, 0x1b, 0x5f, 0x52, 0x60, 0x04,
    0x52, 0x60, 0x24, 0x52, 0x60, 0x44, 0x5f, 0xfd, 0x5b, 0x83, 0x63, 0xc0, 0xc7, 0x68, 0xdb, 0x60,
    0xe0, 0x1b, 0x5f, 0x52, 0x60, 0x04, 0x52, 0x60, 0x24, 0x5f, 0xfd, 0x5b, 0x63, 0x4e, 0x48, 0x7b,
    0x71, 0x60, 0xe0, 0x1b, 0x5f, 0x52, 0x60, 0x21, 0x60, 0x04, 0x52, 0x60, 0x24, 0x5f, 0xfd, 0x5b,
    0x84, 0x63, 0x05, 0x60, 0xe1, 0xc1, 0x60, 0xe3, 0x1b, 0x5f, 0x52, 0x60, 0x04, 0x52, 0x60, 0x24,
    0x5f, 0xfd, 0x5b, 0x84, 0x63, 0x59, 0x82, 0x5a, 0x01, 0x60, 0xe0, 0x1b, 0x5f, 0x52, 0x60, 0x04,
    0x52, 0x60, 0x24, 0x5f, 0xfd, 0x5b, 0x63, 0x3c, 0xbb, 0x5e, 0x13, 0x60, 0xe1, 0x1b, 0x5f, 0x52,
    0x60, 0x04, 0x5f, 0xfd, 0x5b, 0x90, 0x63, 0x6a, 0xa4, 0x74, 0x9d, 0x60, 0xe1, 0x1b, 0x5f, 0x52,
    0x60, 0x04, 0x52, 0x60, 0x24, 0x52, 0x60, 0x44, 0x5f, 0xfd, 0x5b, 0x63, 0x5c, 0xf2, 0x0d, 0x63,
    0x60, 0xe0, 0x1b, 0x5f, 0x52, 0x33, 0x60, 0x04, 0x52, 0x60, 0x24, 0x5f, 0xfd, 0x5b, 0x34, 0x61,
    0x01, 0xdd, 0x57, 0x60, 0x80, 0x36, 0x60, 0x03, 0x19, 0x01, 0x12, 0x61, 0x01, 0xdd, 0x57, 0x61,
    0x09, 0x98, 0x61, 0x09, 0x79, 0x61, 0x16, 0x17, 0x56, 0x5b, 0x61, 0x09, 0x81, 0x61, 0x16, 0x73,
    0x56, 0x5b, 0x61, 0x09, 0x89, 0x61, 0x16, 0x9c, 0x56, 0x5b, 0x90, 0x61, 0x09, 0x92, 0x61, 0x16,
    0xb2, 0x56, 0x5b, 0x92, 0x61, 0x1f, 0x25, 0x56, 0x5b, 0x00, 0x5b, 0x34, 0x61, 0x01, 0xdd, 0x57,
    0x60, 0x20, 0x36, 0x60, 0x03, 0x19, 0x01, 0x12, 0x61, 0x01, 0xdd, 0x57, 0x61, 0x09, 0xb3, 0x61,
    0x16, 0x5d, 0x56, 0x5b, 0x60, 0x01, 0x60, 0x01, 0x60, 0x40, 0x1b, 0x03, 0x81, 0x16, 0x90, 0x81,
    0x5f, 0x52, 0x60, 0x02, 0x60, 0x20, 0x52, 0x60, 0x40, 0x5f, 0x20, 0x60, 0x01, 0x60, 0x01, 0x60,
    0x40, 0x1b, 0x03, 0x81, 0x54, 0x16, 0x15, 0x61, 0x0a, 0xe9, 0x57, 0x60, 0x05, 0x81, 0x01, 0x80,
    0x54, 0x60, 0xff, 0x81, 0x16, 0x61, 0x0a, 0xd6, 0x57, 0x60, 0x01, 0x60, 0x01, 0x60, 0x40, 0x1b,
    0x03, 0x60, 0x03, 0x61, 0x09, 0xfa, 0x61, 0x1c, 0xe9, 0x56, 0x5b, 0x94, 0x01, 0x54, 0x60, 0x40,
    0x1c, 0x16, 0x60, 0x01, 0x60, 0x01, 0x60, 0x40, 0x1b, 0x03, 0x84, 0x16, 0x90, 0x80, 0x82, 0x10,
    0x61, 0x0a, 0xc5, 0x57, 0x50, 0x85, 0x5f, 0x52, 0x60, 0x05, 0x60, 0x20, 0x52, 0x60, 0x01, 0x60,
    0x01, 0x60, 0x40, 0x1b, 0x03, 0x60, 0x40, 0x5f, 0x20, 0x54, 0x16, 0x90, 0x81, 0x80, 0x15, 0x15,
    0x91, 0x82, 0x61, 0x0a, 0xba, 0x57, 0x5b, 0x50, 0x50, 0x61, 0x0a, 0xa8, 0x57, 0x50, 0x68, 0xff,
    0xff, 0xff, 0xff, 0xff, 0xff, 0xff, 0xff, 0xff, 0x19, 0x16, 0x60, 0x08, 0x92, 0x90, 0x92, 0x1b,
    0x68, 0xff, 0xff, 0xff, 0xff, 0xff, 0xff, 0xff, 0xff, 0x00, 0x16, 0x91, 0x90, 0x91, 0x17, 0x60,
    0x01, 0x17, 0x90, 0x55, 0x7f, 0xac, 0x60, 0xaa, 0x27, 0xe2, 0xe8, 0x0b, 0xc2, 0x25, 0x71, 0x59,
    0x46, 0x4d, 0xc0, 0x69, 0xbc, 0x55, 0x57, 0x11, 0x47, 0x70, 0x58, 0x86, 0xea, 0xa0, 0x04, 0x22,
    0x52, 0xdd, 0x50, 0x1a, 0x0f, 0x90, 0x61, 0x0a, 0xa3, 0x90, 0x61, 0x0a, 0x97, 0x90, 0x61, 0x1a,
    0x79, 0x56, 0x5b, 0x61, 0x1a, 0x79, 0x56, 0x5b, 0x60, 0x40, 0x51, 0x91, 0x82, 0x91, 0x82, 0x61,
    0x16, 0x89, 0x56, 0x5b, 0x03, 0x90, 0xa2, 0x00, 0x5b, 0x63, 0xfc, 0xf7, 0x4e, 0x9d, 0x60, 0xe0,
    0x1b, 0x5f, 0x52, 0x60, 0x04, 0x52, 0x60, 0x24, 0x5f, 0xfd, 0x5b, 0x11, 0x15, 0x90, 0x50, 0x81,
    0x88, 0x61, 0x0a, 0x36, 0x56, 0x5b, 0x62, 0x6f, 0x3e, 0x7b, 0x60, 0xe1, 0x1b, 0x5f, 0x52, 0x60,
    0x04, 0x52, 0x60, 0x24, 0x5f, 0xfd, 0x5b, 0x84, 0x63, 0x15, 0xa7, 0x34, 0x97, 0x60, 0xe1, 0x1b,
    0x5f, 0x52, 0x60, 0x04, 0x52, 0x60, 0x24, 0x5f, 0xfd, 0x5b, 0x82, 0x63, 0x59, 0x82, 0x5a, 0x01,
    0x60, 0xe0, 0x1b, 0x5f, 0x52, 0x60, 0x04, 0x52, 0x60, 0x24, 0x5f, 0xfd, 0x5b, 0x34, 0x61, 0x01,
    0xdd, 0x57, 0x60, 0x60, 0x36, 0x60, 0x03, 0x19, 0x01, 0x12, 0x61, 0x01, 0xdd, 0x57, 0x60, 0x04,
    0x35, 0x60, 0x01, 0x60, 0x01, 0x60, 0x40, 0x1b, 0x03, 0x81, 0x11, 0x61, 0x01, 0xdd, 0x57, 0x61,
    0x0b, 0x2c, 0x90, 0x36, 0x90, 0x60, 0x04, 0x01, 0x61, 0x16, 0x2d, 0x56, 0x5b, 0x61, 0x0b, 0x34,
    0x61, 0x16, 0x73, 0x56, 0x5b, 0x90, 0x60, 0x44, 0x35, 0x80, 0x15, 0x15, 0x81, 0x03, 0x61, 0x01,
    0xdd, 0x57, 0x5f, 0x5b, 0x82, 0x81, 0x10, 0x61, 0x0b, 0x4c, 0x57, 0x00, 0x5b, 0x80, 0x61, 0x0b,
    0x67, 0x83, 0x86, 0x61, 0x0b, 0x62, 0x61, 0x07, 0xed, 0x60, 0x01, 0x96, 0x89, 0x8c, 0x61, 0x1b,
    0x8d, 0x56, 0x5b, 0x61, 0x1d, 0x44, 0x56, 0x5b, 0x01, 0x61, 0x0b, 0x43, 0x56, 0x5b, 0x34, 0x61,
    0x01, 0xdd, 0x57, 0x60, 0x20, 0x36, 0x60, 0x03, 0x19, 0x01, 0x12, 0x61, 0x01, 0xdd, 0x57, 0x60,
    0x01, 0x60, 0x01, 0x60, 0x40, 0x1b, 0x03, 0x61, 0x0b, 0x8e, 0x61, 0x16, 0x5d, 0x56, 0x5b, 0x16,
    0x5f, 0x52, 0x60, 0x04, 0x60, 0x20, 0x52, 0x60, 0x20, 0x60, 0xff, 0x60, 0x40, 0x5f, 0x20, 0x54,
    0x16, 0x60, 0x40, 0x51, 0x90, 0x15, 0x15, 0x81, 0x52, 0xf3, 0x5b, 0x34, 0x61, 0x01, 0xdd, 0x57,
    0x60, 0x80, 0x36, 0x60, 0x03, 0x19, 0x01, 0x12, 0x61, 0x01, 0xdd, 0x57, 0x60, 0x04, 0x35, 0x60,
    0x01, 0x60, 0x01, 0x60, 0x40, 0x1b, 0x03, 0x81, 0x11, 0x61, 0x01, 0xdd, 0x57, 0x61, 0x0b, 0xda,
    0x90, 0x36, 0x90, 0x60, 0x04, 0x01, 0x61, 0x16, 0x2d, 0x56, 0x5b, 0x61, 0x0b, 0xe2, 0x61, 0x16,
    0x73, 0x56, 0x5b, 0x90, 0x61, 0x0b, 0xeb, 0x61, 0x16, 0x9c, 0x56, 0x5b, 0x61, 0x0b, 0xf3, 0x61,
    0x16, 0xb2, 0x56, 0x5b, 0x90, 0x5f, 0x5b, 0x83, 0x81, 0x10, 0x61, 0x0b, 0xff, 0x57, 0x00, 0x5b,
    0x80, 0x61, 0x0c, 0x1b, 0x84, 0x84, 0x88, 0x61, 0x0c, 0x16, 0x61, 0x07, 0xed, 0x60, 0x01, 0x97,
    0x8b, 0x8e, 0x61, 0x1b, 0x8d, 0x56, 0x5b, 0x61, 0x1f, 0x25, 0x56, 0x5b, 0x01, 0x61, 0x0b, 0xf6,
    0x56, 0x5b, 0x34, 0x61, 0x01, 0xdd, 0x57, 0x60, 0x20, 0x36, 0x60, 0x03, 0x19, 0x01, 0x12, 0x61,
    0x01, 0xdd, 0x57, 0x61, 0x0c, 0x40, 0x61, 0x0a, 0x97, 0x61, 0x0a, 0x92, 0x61, 0x16, 0x5d, 0x56,
    0x5b, 0x03, 0x90, 0xf3, 0x5b, 0x34, 0x61, 0x01, 0xdd, 0x57, 0x5f, 0x36, 0x60, 0x03, 0x19, 0x01,
    0x12, 0x61, 0x01, 0xdd, 0x57, 0x5f, 0x54, 0x60, 0x40, 0x51, 0x60, 0x01, 0x60, 0x01, 0x60, 0xa0,
    0x1b, 0x03, 0x90, 0x91, 0x16, 0x81, 0x52, 0x60, 0x20, 0x90, 0xf3, 0x5b, 0x34, 0x61, 0x01, 0xdd,
    0x57, 0x60, 0x40, 0x36, 0x60, 0x03, 0x19, 0x01, 0x12, 0x61, 0x01, 0xdd, 0x57, 0x60, 0x20, 0x61,
    0x0c, 0x97, 0x61, 0x0c, 0x89, 0x61, 0x16, 0x17, 0x56, 0x5b, 0x61, 0x0c, 0x91, 0x61, 0x16, 0x73,
    0x56, 0x5b, 0x90, 0x61, 0x19, 0x30, 0x56, 0x5b, 0x60, 0x01, 0x60, 0x01, 0x60, 0x80, 0x1b, 0x03,
    0x60, 0x40, 0x51, 0x91, 0x16, 0x81, 0x52, 0xf3, 0x5b, 0x34, 0x61, 0x01, 0xdd, 0x57, 0x5f, 0x36,
    0x60, 0x03, 0x19, 0x01, 0x12, 0x61, 0x01, 0xdd, 0x57, 0x60, 0x01, 0x54, 0x33, 0x60, 0x01, 0x60,
    0x01, 0x60, 0xa0, 0x1b, 0x03, 0x82, 0x16, 0x03, 0x61, 0x0d, 0x15, 0x57, 0x60, 0x01, 0x60, 0x01,
    0x60, 0xa0, 0x1b, 0x03, 0x19, 0x90, 0x81, 0x16, 0x60, 0x01, 0x55, 0x5f, 0x80, 0x54, 0x33, 0x92,
    0x81, 0x16, 0x83, 0x17, 0x82, 0x55, 0x60, 0x01, 0x60, 0x01, 0x60, 0xa0, 0x1b, 0x03, 0x16, 0x90,
    0x7f, 0x8b, 0xe0, 0x07, 0x9c, 0x53, 0x16, 0x59, 0x14, 0x13, 0x44, 0xcd, 0x1f, 0xd0, 0xa4, 0xf2,
    0x84, 0x19, 0x49, 0x7f, 0x97, 0x22, 0xa3, 0xda, 0xaf, 0xe3, 0xb4, 0x18, 0x6f, 0x6b, 0x64, 0x57,
    0xe0, 0x90, 0x80, 0xa3, 0x00, 0x5b, 0x63, 0x11, 0x8c, 0xda, 0xa7, 0x60, 0xe0, 0x1b, 0x5f, 0x52,
    0x33, 0x60, 0x04, 0x52, 0x60, 0x24, 0x5f, 0xfd, 0x5b, 0x34, 0x61, 0x01, 0xdd, 0x57, 0x5f, 0x36,
    0x60, 0x03, 0x19, 0x01, 0x12, 0x61, 0x01, 0xdd, 0x57, 0x60, 0x20, 0x60, 0x01, 0x60, 0x01, 0x60,
    0x40, 0x1b, 0x03, 0x60, 0x01, 0x54, 0x60, 0xa0, 0x1c, 0x16, 0x60, 0x40, 0x51, 0x90, 0x81, 0x52,
    0xf3, 0x5b, 0x34, 0x61, 0x01, 0xdd, 0x57, 0x5f, 0x36, 0x60, 0x03, 0x19, 0x01, 0x12, 0x61, 0x01,
    0xdd, 0x57, 0x63, 0x29, 0xa2, 0x70, 0xf5, 0x60, 0xe0, 0x1b, 0x5f, 0x52, 0x60, 0x04, 0x5f, 0xfd,
    0x5b, 0x34, 0x61, 0x01, 0xdd, 0x57, 0x60, 0x20, 0x36, 0x60, 0x03, 0x19, 0x01, 0x12, 0x61, 0x01,
    0xdd, 0x57, 0x60, 0x01, 0x60, 0x01, 0x60, 0x40, 0x1b, 0x03, 0x61, 0x0d, 0x91, 0x61, 0x16, 0x5d,
    0x56, 0x5b, 0x16, 0x80, 0x5f, 0x52, 0x60, 0x02, 0x60, 0x20, 0x52, 0x60, 0x01, 0x60, 0x01, 0x60,
    0x40, 0x1b, 0x03, 0x60, 0x40, 0x5f, 0x20, 0x54, 0x16, 0x15, 0x61, 0x04, 0xf1, 0x57, 0x5f, 0x52,
    0x60, 0x02, 0x60, 0x20, 0x52, 0x60, 0x20, 0x60, 0x01, 0x60, 0x40, 0x5f, 0x20, 0x01, 0x54, 0x60,
    0x40, 0x51, 0x90, 0x81, 0x52, 0xf3, 0x5b, 0x34, 0x61, 0x01, 0xdd, 0x57, 0x5f, 0x36, 0x60, 0x03,
    0x19, 0x01, 0x12, 0x61, 0x01, 0xdd, 0x57, 0x60, 0x20, 0x60, 0x06, 0x54, 0x60, 0x40, 0x51, 0x90,
    0x81, 0x52, 0xf3, 0x5b, 0x34, 0x61, 0x01, 0xdd, 0x57, 0x60, 0x40, 0x36, 0x60, 0x03, 0x19, 0x01,
    0x12, 0x61, 0x01, 0xdd, 0x57, 0x61, 0x0d, 0xfc, 0x61, 0x16, 0x17, 0x56, 0x5b, 0x61, 0x0e, 0x04,
    0x61, 0x16, 0x73, 0x56, 0x5b, 0x90, 0x60, 0x01, 0x80, 0x60, 0xa0, 0x1b, 0x03, 0x16, 0x5f, 0x52,
    0x60, 0x03, 0x60, 0x20, 0x52, 0x60, 0x01, 0x60, 0x01, 0x60, 0x40, 0x1b, 0x03, 0x60, 0x40, 0x5f,
    0x20, 0x91, 0x16, 0x5f, 0x52, 0x60, 0x20, 0x52, 0x60, 0x20, 0x60, 0x01, 0x60, 0x01, 0x60, 0x80,
    0x1b, 0x03, 0x60, 0x40, 0x5f, 0x20, 0x54, 0x16, 0x60, 0x40, 0x51, 0x90, 0x81, 0x52, 0xf3, 0x5b,
    0x34, 0x61, 0x01, 0xdd, 0x57, 0x60, 0x20, 0x36, 0x60, 0x03, 0x19, 0x01, 0x12, 0x61, 0x01, 0xdd,
    0x57, 0x61, 0x0e, 0x58, 0x61, 0x16, 0x17, 0x56, 0x5b, 0x61, 0x0e, 0x60, 0x61, 0x1d, 0x31, 0x56,
    0x5b, 0x60, 0x01, 0x60, 0x01, 0x60, 0xa0, 0x1b, 0x03, 0x16, 0x61, 0x0e, 0x72, 0x81, 0x61, 0x20,
    0x73, 0x56, 0x5b, 0x61, 0x0e, 0x78, 0x57, 0x00, 0x5b, 0x7f, 0x4a, 0x2c, 0xf6, 0x08, 0xbf, 0xb4,
    0x27, 0xf5, 0x32, 0x79, 0xec, 0x7f, 0x0e, 0xad, 0xf4, 0x89, 0x13, 0xb9, 0x34, 0x6c, 0xce, 0xfc,
    0x3a, 0xf1, 0x38, 0xdb, 0xde, 0xc1, 0x4e, 0xa0, 0x90, 0x7d, 0x5f, 0x80, 0xa2, 0x00, 0x5b, 0x34,
    0x61, 0x01, 0xdd, 0x57, 0x60, 0x20, 0x36, 0x60, 0x03, 0x19, 0x01, 0x12, 0x61, 0x01, 0xdd, 0x57,
    0x61, 0x0e, 0xb7, 0x61, 0x16, 0x17, 0x56, 0x5b, 0x61, 0x0e, 0xbf, 0x61, 0x1d, 0x31, 0x56, 0x5b,
    0x60, 0x01, 0x60, 0x01, 0x60, 0xa0, 0x1b, 0x03, 0x16, 0x61, 0x0e, 0xd1, 0x81, 0x61, 0x20, 0x08,
    0x56, 0x5b, 0x61, 0x0e, 0xd7, 0x57, 0x00, 0x5b, 0x7f, 0xae, 0x5b, 0x7c, 0x3b, 0x00, 0x0f, 0x57,
    0x5c, 0x24, 0x10, 0x01, 0xdc, 0x9b, 0xcb, 0x3d, 0x87, 0x78, 0x37, 0x68, 0x89, 0x35, 0x3b, 0x07,
    0x12, 0x11, 0x15, 0x57, 0x4e, 0xce, 0xff, 0x78, 0xc5, 0x5f, 0x80, 0xa2, 0x00, 0x5b, 0x34, 0x61,
    0x01, 0xdd, 0x57, 0x60, 0x20, 0x36, 0x60, 0x03, 0x19, 0x01, 0x12, 0x61, 0x01, 0xdd, 0x57, 0x60,
    0x20, 0x61, 0x06, 0x63, 0x61, 0x0f, 0x1b, 0x61, 0x16, 0x5d, 0x56, 0x5b, 0x61, 0x18, 0x93, 0x56,
    0x5b, 0x34, 0x61, 0x01, 0xdd, 0x57, 0x60, 0x80, 0x36, 0x60, 0x03, 0x19, 0x01, 0x12, 0x61, 0x01,
    0xdd, 0x57, 0x61, 0x0f, 0x39, 0x61, 0x16, 0x17, 0x56, 0x5b, 0x60, 0x24, 0x35, 0x60, 0x01, 0x60,
    0x01, 0x60, 0x40, 0x1b, 0x03, 0x81, 0x11, 0x61, 0x01, 0xdd, 0x57, 0x61, 0x0f, 0x58, 0x90, 0x36,
    0x90, 0x60, 0x04, 0x01, 0x61, 0x16, 0x2d, 0x56, 0x5b, 0x91, 0x90, 0x60, 0x44, 0x35, 0x60, 0x01,
    0x60, 0x01, 0x60, 0x40, 0x1b, 0x03, 0x81, 0x11, 0x61, 0x01, 0xdd, 0x57, 0x61, 0x0f, 0x79, 0x90,
    0x36, 0x90, 0x60, 0x04, 0x01, 0x61, 0x16, 0x2d, 0x56, 0x5b, 0x92, 0x90, 0x91, 0x60, 0x64, 0x35,
    0x92, 0x60, 0x01, 0x60, 0x01, 0x60, 0x40, 0x1b, 0x03, 0x84, 0x11, 0x61, 0x01, 0xdd, 0x57, 0x36,
    0x60, 0x23, 0x85, 0x01, 0x12, 0x15, 0x61, 0x01, 0xdd, 0x57, 0x60, 0x01, 0x60, 0x01, 0x60, 0x40,
    0x1b, 0x03, 0x84, 0x60, 0x04, 0x01, 0x35, 0x11, 0x61, 0x01, 0xdd, 0x57, 0x36, 0x60, 0x24, 0x85,
    0x60, 0x04, 0x01, 0x35, 0x86, 0x01, 0x01, 0x11, 0x61, 0x01, 0xdd, 0x57, 0x84, 0x86, 0x03, 0x61,
    0x16, 0x00, 0x57, 0x85, 0x15, 0x61, 0x09, 0x25, 0x57, 0x61, 0x0f, 0xd1, 0x83, 0x61, 0x1b, 0xb1,
    0x56, 0x5b, 0x61, 0x0f, 0xda, 0x83, 0x61, 0x1c, 0x43, 0x56, 0x5b, 0x61, 0x0f, 0xe2, 0x61, 0x1c,
    0xe9, 0x56, 0x5b, 0x60, 0x40, 0x51, 0x63, 0x66, 0x4b, 0x96, 0xbf, 0x60, 0xe0, 0x1b, 0x81, 0x52,
    0x96, 0x90, 0x60, 0x20, 0x88, 0x60, 0x04, 0x81, 0x64, 0x01, 0x62, 0x5f, 0x10, 0x04, 0x5a, 0xfa,
    0x97, 0x88, 0x15, 0x61, 0x15, 0x1d, 0x57, 0x5f, 0x98, 0x61, 0x15, 0xc4, 0x57, 0x5b, 0x50, 0x60,
    0x01, 0x60, 0x01, 0x60, 0x40, 0x1b, 0x03, 0x80, 0x91, 0x16, 0x97, 0x16, 0x87, 0x01, 0x95, 0x60,
    0x01, 0x60, 0x01, 0x60, 0x40, 0x1b, 0x03, 0x87, 0x11, 0x61, 0x15, 0x28, 0x57, 0x60, 0x40, 0x51,
    0x63, 0x2e, 0x30, 0xb7, 0xb1, 0x60, 0xe2, 0x1b, 0x81, 0x52, 0x60, 0x01, 0x60, 0x01, 0x60, 0xa0,
    0x1b, 0x03, 0x86, 0x16, 0x60, 0x04, 0x82, 0x01, 0x52, 0x60, 0x01, 0x60, 0x01, 0x60, 0x40, 0x1b,
    0x03, 0x88, 0x16, 0x60, 0x24, 0x82, 0x01, 0x52, 0x60, 0x20, 0x81, 0x60, 0x44, 0x81, 0x64, 0x01,
    0x62, 0x5f, 0x20, 0x00, 0x5a, 0xfa, 0x90, 0x81, 0x15, 0x61, 0x15, 0x1d, 0x57, 0x5f, 0x91, 0x61,
    0x15, 0x92, 0x57, 0x5b, 0x50, 0x60, 0x40, 0x51, 0x63, 0xd2, 0x8b, 0xd8, 0x0f, 0x60, 0xe0, 0x1b,
    0x81, 0x52, 0x60, 0x20, 0x81, 0x60, 0x04, 0x81, 0x64, 0x01, 0x62, 0x5f, 0x10, 0x04, 0x5a, 0xfa,
    0x90, 0x81, 0x15, 0x61, 0x15, 0x1d, 0x57, 0x5f, 0x91, 0x61, 0x15, 0x60, 0x57, 0x5b, 0x50, 0x80,
    0x82, 0x10, 0x61, 0x15, 0x4b, 0x57, 0x50, 0x50, 0x90, 0x61, 0x01, 0xc4, 0x61, 0x10, 0xc0, 0x92,
    0x60, 0x40, 0x51, 0x94, 0x85, 0x93, 0x60, 0x20, 0x85, 0x01, 0x97, 0x88, 0x61, 0x17, 0x61, 0x56,
    0x5b, 0x51, 0x90, 0x20, 0x90, 0x60, 0x01, 0x54, 0x93, 0x60, 0x01, 0x60, 0x01, 0x60, 0x40, 0x1b,
    0x03, 0x85, 0x60, 0xa0, 0x1c, 0x16, 0x15, 0x61, 0x15, 0x3c, 0x57, 0x60, 0x01, 0x60, 0x01, 0x60,
    0x40, 0x1b, 0x03, 0x80, 0x86, 0x60, 0xa0, 0x1c, 0x16, 0x14, 0x61, 0x15, 0x28, 0x57, 0x60, 0x01,
    0x60, 0x01, 0x60, 0x40, 0x1b, 0x03, 0x60, 0xa0, 0x1b, 0x60, 0x01, 0x60, 0x01, 0x60, 0x01, 0x60,
    0x40, 0x1b, 0x03, 0x87, 0x60, 0xa0, 0x1c, 0x16, 0x01, 0x60, 0xa0, 0x1b, 0x16, 0x60, 0x01, 0x60,
    0x01, 0x60, 0x40, 0x1b, 0x03, 0x60, 0xa0, 0x1b, 0x19, 0x86, 0x16, 0x17, 0x60, 0x01, 0x55, 0x60,
    0x40, 0x51, 0x95, 0x63, 0x31, 0xea, 0xd8, 0x43, 0x60, 0xe0, 0x1b, 0x87, 0x52, 0x60, 0x20, 0x87,
    0x60, 0x04, 0x81, 0x64, 0x01, 0x62, 0x5f, 0x10, 0x04, 0x5a, 0xfa, 0x96, 0x87, 0x15, 0x61, 0x15,
    0x1d, 0x57, 0x5f, 0x97, 0x61, 0x14, 0xd9, 0x57, 0x5b, 0x50, 0x60, 0x40, 0x51, 0x91, 0x61, 0x11,
    0x56, 0x83, 0x61, 0x16, 0xe5, 0x56, 0x5b, 0x60, 0x01, 0x60, 0x01, 0x60, 0x40, 0x1b, 0x03, 0x87,
    0x60, 0xa0, 0x1c, 0x16, 0x83, 0x52, 0x60, 0x01, 0x60, 0x01, 0x60, 0x80, 0x1b, 0x03, 0x60, 0x20,
    0x84, 0x01, 0x98, 0x33, 0x8a, 0x52, 0x60, 0x01, 0x60, 0x01, 0x60, 0x40, 0x1b, 0x03, 0x60, 0x40,
    0x86, 0x01, 0x93, 0x88, 0x85, 0x52, 0x61, 0x11, 0x92, 0x8a, 0x60, 0x04, 0x01, 0x35, 0x61, 0x18,
    0x40, 0x56, 0x5b, 0x95, 0x61, 0x11, 0xa0, 0x60, 0x40, 0x51, 0x97, 0x88, 0x61, 0x17, 0x01, 0x56,
    0x5b, 0x60, 0x04, 0x8b, 0x01, 0x35, 0x80, 0x88, 0x52, 0x60, 0x24, 0x8c, 0x01, 0x60, 0x20, 0x89,
    0x01, 0x37, 0x5f, 0x60, 0x20, 0x8c, 0x60, 0x04, 0x01, 0x35, 0x89, 0x01, 0x01, 0x52, 0x60, 0x60,
    0x88, 0x01, 0x96, 0x87, 0x52, 0x60, 0x80, 0x88, 0x01, 0x52, 0x16, 0x60, 0xa0, 0x86, 0x01, 0x52,
    0x16, 0x60, 0xc0, 0x84, 0x01, 0x52, 0x5f, 0x60, 0xe0, 0x84, 0x01, 0x52, 0x5f, 0x61, 0x01, 0x00,
    0x84, 0x01, 0x52, 0x5f, 0x61, 0x01, 0x20, 0x84, 0x01, 0x52, 0x5f, 0x61, 0x01, 0x40, 0x84, 0x01,
    0x52, 0x60, 0x01, 0x60, 0x01, 0x60, 0x40, 0x1b, 0x03, 0x87, 0x60, 0xa0, 0x1c, 0x16, 0x5f, 0x52,
    0x60, 0x02, 0x60, 0x20, 0x52, 0x60, 0x40, 0x5f, 0x20, 0x97, 0x60, 0x01, 0x60, 0x01, 0x60, 0x40,
    0x1b, 0x03, 0x80, 0x85, 0x51, 0x16, 0x16, 0x60, 0x01, 0x60, 0x01, 0x60, 0x40, 0x1b, 0x03, 0x19,
    0x8a, 0x54, 0x16, 0x17, 0x89, 0x55, 0x51, 0x88, 0x54, 0x90, 0x60, 0x01, 0x60, 0x40, 0x1b, 0x60,
    0x01, 0x60, 0xe0, 0x1b, 0x03, 0x90, 0x60, 0x40, 0x1b, 0x16, 0x90, 0x60, 0x01, 0x60, 0x01, 0x60,
    0x40, 0x1b, 0x03, 0x63, 0xff, 0xff, 0xff, 0xff, 0x60, 0xe0, 0x1b, 0x01, 0x16, 0x17, 0x88, 0x55,
    0x51, 0x60, 0x01, 0x88, 0x01, 0x55, 0x51, 0x95, 0x86, 0x51, 0x60, 0x01, 0x60, 0x01, 0x60, 0x40,
    0x1b, 0x03, 0x81, 0x11, 0x61, 0x14, 0xc5, 0x57, 0x61, 0x12, 0x74, 0x60, 0x02, 0x83, 0x01, 0x54,
    0x61, 0x18, 0x5b, 0x56, 0x5b, 0x97, 0x60, 0x1f, 0x89, 0x11, 0x61, 0x14, 0x7d, 0x57, 0x5b, 0x60,
    0x20, 0x98, 0x50, 0x88, 0x90, 0x60, 0x1f, 0x83, 0x11, 0x60, 0x01, 0x14, 0x61, 0x14, 0x01, 0x57,
    0x61, 0x13, 0x82, 0x94, 0x93, 0x83, 0x60, 0x01, 0x60, 0x01, 0x60, 0x40, 0x1b, 0x03, 0x94, 0x61,
    0x01, 0x40, 0x94, 0x60, 0x05, 0x94, 0x5f, 0x92, 0x61, 0x13, 0xf6, 0x57, 0x5b, 0x50, 0x50, 0x81,
    0x60, 0x01, 0x1b, 0x91, 0x5f, 0x19, 0x90, 0x60, 0x03, 0x1b, 0x1c, 0x19, 0x16, 0x17, 0x60, 0x02,
    0x82, 0x01, 0x55, 0x5b, 0x60, 0x80, 0x85, 0x81, 0x01, 0x51, 0x60, 0x03, 0x83, 0x01, 0x80, 0x54,
    0x60, 0xa0, 0x89, 0x01, 0x51, 0x60, 0xc0, 0x8a, 0x01, 0x51, 0x60, 0x01, 0x60, 0x01, 0x60, 0x40,
    0x1b, 0x03, 0x8a, 0x19, 0x93, 0x90, 0x93, 0x16, 0x94, 0x8a, 0x16, 0x94, 0x90, 0x94, 0x17, 0x91,
    0x90, 0x91, 0x16, 0x60, 0x40, 0x91, 0x90, 0x91, 0x1b, 0x6f, 0xff, 0xff, 0xff, 0xff, 0xff, 0xff,
    0xff, 0xff, 0x00, 0x00, 0x00, 0x00, 0x00, 0x00, 0x00, 0x00, 0x16, 0x17, 0x91, 0x90, 0x92, 0x1b,
    0x60, 0x01, 0x60, 0x01, 0x60, 0x80, 0x1b, 0x03, 0x19, 0x16, 0x17, 0x90, 0x55, 0x60, 0xe0, 0x85,
    0x01, 0x51, 0x61, 0x01, 0x00, 0x86, 0x01, 0x51, 0x60, 0x80, 0x1b, 0x60, 0x01, 0x60, 0x01, 0x60,
    0x80, 0x1b, 0x03, 0x19, 0x16, 0x60, 0x01, 0x60, 0x01, 0x60, 0x80, 0x1b, 0x03, 0x91, 0x90, 0x91,
    0x16, 0x17, 0x60, 0x04, 0x82, 0x01, 0x55, 0x61, 0x01, 0x20, 0x85, 0x01, 0x51, 0x91, 0x01, 0x80,
    0x54, 0x92, 0x90, 0x94, 0x01, 0x51, 0x68, 0xff, 0xff, 0xff, 0xff, 0xff, 0xff, 0xff, 0xff, 0xff,
    0x19, 0x90, 0x92, 0x16, 0x60, 0xff, 0x91, 0x15, 0x15, 0x91, 0x90, 0x91, 0x16, 0x17, 0x91, 0x16,
    0x60, 0x08, 0x1b, 0x68, 0xff, 0xff, 0xff, 0xff, 0xff, 0xff, 0xff, 0xff, 0x00, 0x16, 0x17, 0x90,
    0x55, 0x56, 0x5b, 0x60, 0x40, 0x51, 0x91, 0x82, 0x52, 0x60, 0x40, 0x85, 0x83, 0x01, 0x52, 0x60,
    0x01, 0x80, 0x60, 0xa0, 0x1b, 0x03, 0x16, 0x91, 0x7f, 0x0f, 0x49, 0x5e, 0xc0, 0x55, 0x72, 0x83,
    0x89, 0x79, 0xa2, 0x46, 0x87, 0xed, 0x83, 0x81, 0x25, 0xab, 0x31, 0xb2, 0xf5, 0xb1, 0x89, 0x6c,
    0xf2, 0x1d, 0x21, 0x29, 0x45, 0x61, 0x86, 0x10, 0x74, 0x33, 0x92, 0x80, 0x61, 0x13, 0xdf, 0x60,
    0x01, 0x60, 0x01, 0x60, 0x40, 0x1b, 0x03, 0x88, 0x60, 0xa0, 0x1c, 0x16, 0x94, 0x60, 0x40, 0x83,
    0x01, 0x90, 0x60, 0x24, 0x81, 0x60, 0x04, 0x01, 0x35, 0x91, 0x01, 0x61, 0x17, 0x41, 0x56, 0x5b,
    0x03, 0x90, 0xa4, 0x60, 0x01, 0x60, 0x01, 0x60, 0x40, 0x1b, 0x03, 0x60, 0x40, 0x51, 0x91, 0x60,
    0xa0, 0x1c, 0x16, 0x81, 0x52, 0xf3, 0x5b, 0x01, 0x51, 0x90, 0x50, 0x8d, 0x80, 0x61, 0x12, 0xac,
    0x56, 0x5b, 0x90, 0x60, 0x02, 0x84, 0x01, 0x5f, 0x52, 0x80, 0x5f, 0x20, 0x91, 0x5f, 0x5b, 0x60,
    0x1f, 0x19, 0x85, 0x16, 0x81, 0x10, 0x61, 0x14, 0x66, 0x57, 0x50, 0x93, 0x60, 0x01, 0x84, 0x61,
    0x01, 0x40, 0x94, 0x60, 0x05, 0x94, 0x61, 0x13, 0x82, 0x99, 0x98, 0x60, 0x01, 0x60, 0x01, 0x60,
    0x40, 0x1b, 0x03, 0x98, 0x60, 0x1f, 0x19, 0x81, 0x16, 0x10, 0x61, 0x14, 0x4e, 0x57, 0x5b, 0x50,
    0x50, 0x50, 0x81, 0x1b, 0x01, 0x60, 0x02, 0x82, 0x01, 0x55, 0x61, 0x12, 0xc3, 0x56, 0x5b, 0x01,
    0x51, 0x5f, 0x19, 0x60, 0xf8, 0x84, 0x60, 0x03, 0x1b, 0x16, 0x1c, 0x19, 0x16, 0x90, 0x55, 0x8d,
    0x80, 0x80, 0x61, 0x14, 0x3e, 0x56, 0x5b, 0x91, 0x92, 0x8b, 0x60, 0x01, 0x81, 0x92, 0x86, 0x85,
    0x01, 0x51, 0x81, 0x55, 0x01, 0x94, 0x01, 0x92, 0x01, 0x61, 0x14, 0x0e, 0x56, 0x5b, 0x60, 0x02,
    0x83, 0x01, 0x5f, 0x52, 0x60, 0x20, 0x5f, 0x20, 0x60, 0x1f, 0x83, 0x01, 0x60, 0x05, 0x1c, 0x81,
    0x01, 0x99, 0x60, 0x20, 0x84, 0x10, 0x61, 0x14, 0xbb, 0x57, 0x5b, 0x60, 0x1f, 0x01, 0x60, 0x05,
    0x1c, 0x01, 0x98, 0x5b, 0x89, 0x81, 0x10, 0x61, 0x14, 0xb0, 0x57, 0x50, 0x61, 0x12, 0x7e, 0x56,
    0x5b, 0x5f, 0x81, 0x55, 0x60, 0x01, 0x01, 0x61, 0x14, 0xa3, 0x56, 0x5b, 0x90, 0x99, 0x50, 0x89,
    0x90, 0x61, 0x14, 0x9a, 0x56, 0x5b, 0x63, 0x4e, 0x48, 0x7b, 0x71, 0x60, 0xe0, 0x1b, 0x5f, 0x52,
    0x60, 0x41, 0x60, 0x04, 0x52, 0x60, 0x24, 0x5f, 0xfd, 0x5b, 0x90, 0x96, 0x50, 0x60, 0x20, 0x81,
    0x3d, 0x60, 0x20, 0x11, 0x61, 0x15, 0x15, 0x57, 0x5b, 0x81, 0x61, 0x14, 0xf5, 0x60, 0x20, 0x93,
    0x83, 0x61, 0x17, 0x01, 0x56, 0x5b, 0x81, 0x01, 0x03, 0x12, 0x61, 0x01, 0xdd, 0x57, 0x51, 0x60,
    0x01, 0x60, 0x01, 0x60, 0x80, 0x1b, 0x03, 0x81, 0x16, 0x81, 0x03, 0x61, 0x01, 0xdd, 0x57, 0x95,
    0x87, 0x61, 0x11, 0x48, 0x56, 0x5b, 0x3d, 0x91, 0x50, 0x61, 0x14, 0xe8, 0x56, 0x5b, 0x60, 0x40,
    0x51, 0x3d, 0x5f, 0x82, 0x3e, 0x3d, 0x90, 0xfd, 0x5b, 0x63, 0x4e, 0x48, 0x7b, 0x71, 0x60, 0xe0,
    0x1b, 0x5f, 0x52, 0x60, 0x11, 0x60, 0x04, 0x52, 0x60, 0x24, 0x5f, 0xfd, 0x5b, 0x63, 0x09, 0x92,
    0xf7, 0xad, 0x60, 0xe0, 0x1b, 0x5f, 0x52, 0x60, 0x04, 0x5f, 0xfd, 0x5b, 0x63, 0x2e, 0xd8, 0xc7,
    0x47, 0x60, 0xe1, 0x1b, 0x5f, 0x52, 0x60, 0x04, 0x52, 0x60, 0x24, 0x52, 0x60, 0x44, 0x5f, 0xfd,
    0x5b, 0x90, 0x50, 0x60, 0x20, 0x81, 0x3d, 0x60, 0x20, 0x11, 0x61, 0x15, 0x8a, 0x57, 0x5b, 0x81,
    0x61, 0x15, 0x7b, 0x60, 0x20, 0x93, 0x83, 0x61, 0x17, 0x01, 0x56, 0x5b, 0x81, 0x01, 0x03, 0x12,
    0x61, 0x01, 0xdd, 0x57, 0x51, 0x8a, 0x61, 0x10, 0x9d, 0x56, 0x5b, 0x3d, 0x91, 0x50, 0x61, 0x15,
    0x6e, 0x56, 0x5b, 0x90, 0x50, 0x60, 0x20, 0x81, 0x3d, 0x60, 0x20, 0x11, 0x61, 0x15, 0xbc, 0x57,
    0x5b, 0x81, 0x61, 0x15, 0xad, 0x60, 0x20, 0x93, 0x83, 0x61, 0x17, 0x01, 0x56, 0x5b, 0x81, 0x01,
    0x03, 0x12, 0x61, 0x01, 0xdd, 0x57, 0x51, 0x89, 0x61, 0x10, 0x73, 0x56, 0x5b, 0x3d, 0x91, 0x50,
    0x61, 0x15, 0xa0, 0x56, 0x5b, 0x60, 0x01, 0x60, 0x01, 0x60, 0x40, 0x1b, 0x03, 0x91, 0x98, 0x50,
    0x61, 0x15, 0xf1, 0x82, 0x91, 0x60, 0x20, 0x3d, 0x60, 0x20, 0x11, 0x61, 0x15, 0xf9, 0x57, 0x5b,
    0x61, 0x15, 0xe9, 0x81, 0x83, 0x61, 0x17, 0x01, 0x56, 0x5b, 0x81, 0x01, 0x90, 0x61, 0x17, 0x22,
    0x56, 0x5b, 0x98, 0x91, 0x50, 0x61, 0x10, 0x0d, 0x56, 0x5b, 0x50, 0x3d, 0x61, 0x15, 0xdf, 0x56,
    0x5b, 0x84, 0x86, 0x63, 0x6a, 0xa4, 0x74, 0x9d, 0x60, 0xe1, 0x1b, 0x5f, 0x52, 0x60, 0x04, 0x52,
    0x60, 0x24, 0x52, 0x60, 0x44, 0x5f, 0xfd, 0x5b, 0x60, 0x04, 0x35, 0x90, 0x60, 0x01, 0x60, 0x01,
    0x60, 0xa0, 0x1b, 0x03, 0x82, 0x16, 0x82, 0x03, 0x61, 0x01, 0xdd, 0x57, 0x56, 0x5b, 0x91, 0x81,
    0x60, 0x1f, 0x84, 0x01, 0x12, 0x15, 0x61, 0x01, 0xdd, 0x57, 0x82, 0x35, 0x91, 0x60, 0x01, 0x60,
    0x01, 0x60, 0x40, 0x1b, 0x03, 0x83, 0x11, 0x61, 0x01, 0xdd, 0x57, 0x60, 0x20, 0x80, 0x85, 0x01,
    0x94, 0x84, 0x60, 0x05, 0x1b, 0x01, 0x01, 0x11, 0x61, 0x01, 0xdd, 0x57, 0x56, 0x5b, 0x60, 0x04,
    0x35, 0x90, 0x60, 0x01, 0x60, 0x01, 0x60, 0x40, 0x1b, 0x03, 0x82, 0x16, 0x82, 0x03, 0x61, 0x01,
    0xdd, 0x57, 0x56, 0x5b, 0x60, 0x24, 0x35, 0x90, 0x60, 0x01, 0x60, 0x01, 0x60, 0x40, 0x1b, 0x03,
    0x82, 0x16, 0x82, 0x03, 0x61, 0x01, 0xdd, 0x57, 0x56, 0x5b, 0x91, 0x90, 0x60, 0x20, 0x83, 0x01,
    0x92, 0x60, 0x05, 0x82, 0x10, 0x15, 0x61, 0x08, 0xeb, 0x57, 0x52, 0x56, 0x5b, 0x60, 0x44, 0x35,
    0x90, 0x60, 0x01, 0x60, 0x01, 0x60, 0x80, 0x1b, 0x03, 0x82, 0x16, 0x82, 0x03, 0x61, 0x01, 0xdd,
    0x57, 0x56, 0x5b, 0x60, 0x64, 0x35, 0x90, 0x81, 0x15, 0x15, 0x82, 0x03, 0x61, 0x01, 0xdd, 0x57,
    0x56, 0x5b, 0x80, 0x51, 0x80, 0x83, 0x52, 0x60, 0x20, 0x92, 0x91, 0x81, 0x90, 0x84, 0x01, 0x84,
    0x84, 0x01, 0x5e, 0x5f, 0x82, 0x82, 0x01, 0x84, 0x01, 0x52, 0x60, 0x1f, 0x01, 0x60, 0x1f, 0x19,
    0x16, 0x01, 0x01, 0x90, 0x56, 0x5b, 0x61, 0x01, 0x60, 0x81, 0x01, 0x90, 0x81, 0x10, 0x60, 0x01,
    0x60, 0x01, 0x60, 0x40, 0x1b, 0x03, 0x82, 0x11, 0x17, 0x61, 0x14, 0xc5, 0x57, 0x60, 0x40, 0x52,
    0x56, 0x5b, 0x90, 0x60, 0x1f, 0x80, 0x19, 0x91, 0x01, 0x16, 0x81, 0x01, 0x90, 0x81, 0x10, 0x60,
    0x01, 0x60, 0x01, 0x60, 0x40, 0x1b, 0x03, 0x82, 0x11, 0x17, 0x61, 0x14, 0xc5, 0x57, 0x60, 0x40,
    0x52, 0x56, 0x5b, 0x90, 0x81, 0x60, 0x20, 0x91, 0x03, 0x12, 0x61, 0x01, 0xdd, 0x57, 0x51, 0x60,
    0x01, 0x60, 0x01, 0x60, 0x40, 0x1b, 0x03, 0x81, 0x16, 0x81, 0x03, 0x61, 0x01, 0xdd, 0x57, 0x90,
    0x56, 0x5b, 0x90, 0x80, 0x60, 0x20, 0x93, 0x92, 0x81, 0x84, 0x52, 0x84, 0x84, 0x01, 0x37, 0x5f,
    0x82, 0x82, 0x01, 0x84, 0x01, 0x52, 0x60, 0x1f, 0x01, 0x60, 0x1f, 0x19, 0x16, 0x01, 0x01, 0x90,
    0x56, 0x5b, 0x90, 0x93, 0x91, 0x80, 0x60, 0x40, 0x83, 0x01, 0x60, 0x40, 0x84, 0x52, 0x52, 0x60,
    0x60, 0x82, 0x01, 0x94, 0x90, 0x5f, 0x90, 0x5b, 0x80, 0x82, 0x10, 0x61, 0x18, 0x12, 0x57, 0x50,
    0x50, 0x50, 0x60, 0x20, 0x81, 0x85, 0x03, 0x91, 0x01, 0x52, 0x80, 0x83, 0x52, 0x60, 0x20, 0x83,
    0x01, 0x90, 0x60, 0x20, 0x81, 0x60, 0x05, 0x1b, 0x85, 0x01, 0x01, 0x93, 0x83, 0x5f, 0x91, 0x60,
    0x1e, 0x19, 0x82, 0x36, 0x03, 0x01, 0x90, 0x5b, 0x84, 0x84, 0x10, 0x61, 0x17, 0xb8, 0x57, 0x50,
    0x50, 0x50, 0x50, 0x50, 0x50, 0x50, 0x90, 0x56, 0x5b, 0x90, 0x91, 0x92, 0x93, 0x94, 0x95, 0x96,
    0x60, 0x1f, 0x19, 0x82, 0x82, 0x03, 0x01, 0x87, 0x52, 0x87, 0x35, 0x83, 0x81, 0x12, 0x15, 0x61,
    0x01, 0xdd, 0x57, 0x84, 0x01, 0x90, 0x60, 0x20, 0x82, 0x35, 0x92, 0x01, 0x91, 0x60, 0x01, 0x60,
    0x01, 0x60, 0x40, 0x1b, 0x03, 0x81, 0x11, 0x61, 0x01, 0xdd, 0x57, 0x80, 0x36, 0x03, 0x83, 0x13,
    0x61, 0x01, 0xdd, 0x57, 0x61, 0x18, 0x03, 0x60, 0x20, 0x92, 0x83, 0x92, 0x60, 0x01, 0x95, 0x61,
    0x17, 0x41, 0x56, 0x5b, 0x99, 0x01, 0x97, 0x01, 0x95, 0x94, 0x01, 0x92, 0x91, 0x90, 0x61, 0x17,
    0xa7, 0x56, 0x5b, 0x90, 0x91, 0x93, 0x94, 0x95, 0x84, 0x35, 0x90, 0x60, 0x01, 0x80, 0x60, 0xa0,
    0x1b, 0x03, 0x82, 0x16, 0x80, 0x92, 0x03, 0x61, 0x01, 0xdd, 0x57, 0x90, 0x81, 0x52, 0x60, 0x20,
    0x90, 0x81, 0x01, 0x96, 0x95, 0x94, 0x01, 0x91, 0x60, 0x01, 0x01, 0x90, 0x61, 0x17, 0x77, 0x56,
    0x5b, 0x60, 0x01, 0x60, 0x01, 0x60, 0x40, 0x1b, 0x03, 0x81, 0x11, 0x61, 0x14, 0xc5, 0x57, 0x60,
    0x1f, 0x01, 0x60, 0x1f, 0x19, 0x16, 0x60, 0x20, 0x01, 0x90, 0x56, 0x5b, 0x90, 0x60, 0x01, 0x82,
    0x81, 0x1c, 0x92, 0x16, 0x80, 0x15, 0x61, 0x18, 0x89, 0x57, 0x5b, 0x60, 0x20, 0x83, 0x10, 0x14,
    0x61, 0x18, 0x75, 0x57, 0x56, 0x5b, 0x63, 0x4e, 0x48, 0x7b, 0x71, 0x60, 0xe0, 0x1b, 0x5f, 0x52,
    0x60, 0x22, 0x60, 0x04, 0x52, 0x60, 0x24, 0x5f, 0xfd, 0x5b, 0x91, 0x60, 0x7f, 0x16, 0x91, 0x61,
    0x18, 0x6a, 0x56, 0x5b, 0x60, 0x01, 0x60, 0x01, 0x60, 0x40, 0x1b, 0x03, 0x16, 0x80, 0x5f, 0x52,
    0x60, 0x02, 0x60, 0x20, 0x52, 0x60, 0x40, 0x5f, 0x20, 0x90, 0x60, 0x01, 0x60, 0x01, 0x60, 0x40,
    0x1b, 0x03, 0x82, 0x54, 0x16, 0x15, 0x80, 0x15, 0x61, 0x19, 0x22, 0x57, 0x5b, 0x61, 0x19, 0x1c,
    0x57, 0x60, 0x01, 0x60, 0x01, 0x60, 0x40, 0x1b, 0x03, 0x80, 0x60, 0x03, 0x61, 0x18, 0xd3, 0x61,
    0x1c, 0xe9, 0x56, 0x5b, 0x94, 0x01, 0x54, 0x60, 0x40, 0x1c, 0x16, 0x92, 0x16, 0x91, 0x82, 0x10,
    0x61, 0x19, 0x1c, 0x57, 0x5f, 0x52, 0x60, 0x05, 0x60, 0x20, 0x52, 0x60, 0x01, 0x60, 0x01, 0x60,
    0x40, 0x1b, 0x03, 0x60, 0x40, 0x5f, 0x20, 0x54, 0x16, 0x80, 0x15, 0x15, 0x91, 0x82, 0x61, 0x19,
    0x11, 0x57, 0x5b, 0x50, 0x50, 0x61, 0x19, 0x0d, 0x57, 0x60, 0x01, 0x90, 0x56, 0x5b, 0x5f, 0x90,
    0x56, 0x5b, 0x11, 0x15, 0x90, 0x50, 0x5f, 0x80, 0x61, 0x19, 0x02, 0x56, 0x5b, 0x50, 0x50, 0x5f,
    0x90, 0x56, 0x5b, 0x50, 0x60, 0xff, 0x60, 0x05, 0x83, 0x01, 0x54, 0x16, 0x61, 0x18, 0xbc, 0x56,
    0x5b, 0x91, 0x90, 0x60, 0x01, 0x60, 0x01, 0x60, 0x40, 0x1b, 0x03, 0x16, 0x80, 0x5f, 0x52, 0x60,
    0x02, 0x60, 0x20, 0x52, 0x60, 0x40, 0x5f, 0x20, 0x92, 0x60, 0x01, 0x60, 0x01, 0x60, 0x40, 0x1b,
    0x03, 0x84, 0x54, 0x16, 0x15, 0x61, 0x1a, 0x46, 0x57, 0x60, 0x03, 0x93, 0x90, 0x93, 0x01, 0x54,
    0x60, 0x40, 0x80, 0x51, 0x63, 0x2e, 0x30, 0xb7, 0xb1, 0x60, 0xe2, 0x1b, 0x81, 0x52, 0x60, 0x01,
    0x60, 0x01, 0x60, 0xa0, 0x1b, 0x03, 0x86, 0x16, 0x60, 0x04, 0x82, 0x01, 0x52, 0x91, 0x90, 0x1c,
    0x60, 0x01, 0x60, 0x01, 0x60, 0x40, 0x1b, 0x03, 0x16, 0x60, 0x24, 0x82, 0x01, 0x52, 0x91, 0x92,
    0x60, 0x20, 0x83, 0x80, 0x60, 0x44, 0x81, 0x01, 0x03, 0x81, 0x64, 0x01, 0x62, 0x5f, 0x20, 0x00,
    0x5a, 0xfa, 0x92, 0x83, 0x15, 0x61, 0x15, 0x1d, 0x57, 0x5f, 0x93, 0x61, 0x1a, 0x12, 0x57, 0x5b,
    0x50, 0x60, 0x01, 0x60, 0x01, 0x60, 0x80, 0x1b, 0x03, 0x83, 0x11, 0x61, 0x1a, 0x03, 0x57, 0x5b,
    0x60, 0x01, 0x80, 0x60, 0xa0, 0x1b, 0x03, 0x16, 0x5f, 0x52, 0x60, 0x03, 0x60, 0x20, 0x52, 0x60,
    0x40, 0x5f, 0x20, 0x90, 0x5f, 0x52, 0x60, 0x20, 0x52, 0x60, 0x01, 0x60, 0x01, 0x60, 0x80, 0x1b,
    0x03, 0x60, 0x40, 0x5f, 0x20, 0x54, 0x16, 0x80, 0x82, 0x11, 0x15, 0x61, 0x19, 0x1c, 0x57, 0x81,
    0x03, 0x90, 0x81, 0x11, 0x61, 0x15, 0x28, 0x57, 0x60, 0x01, 0x60, 0x01, 0x60, 0x80, 0x1b, 0x03,
    0x16, 0x90, 0x56, 0x5b, 0x60, 0x01, 0x60, 0x01, 0x60, 0x80, 0x1b, 0x03, 0x92, 0x50, 0x61, 0x19,
    0xbf, 0x56, 0x5b, 0x90, 0x92, 0x50, 0x60, 0x20, 0x81, 0x3d, 0x60, 0x20, 0x11, 0x61, 0x1a, 0x3e,
    0x57, 0x5b, 0x81, 0x61, 0x1a, 0x2e, 0x60, 0x20, 0x93, 0x83, 0x61, 0x17, 0x01, 0x56, 0x5b, 0x81,
    0x01, 0x03, 0x12, 0x61, 0x01, 0xdd, 0x57, 0x51, 0x91, 0x5f, 0x61, 0x19, 0xaf, 0x56, 0x5b, 0x3d,
    0x91, 0x50, 0x61, 0x1a, 0x21, 0x56, 0x5b, 0x50, 0x63, 0x59, 0x82, 0x5a, 0x01, 0x60, 0xe0, 0x1b,
    0x5f, 0x52, 0x60, 0x04, 0x52, 0x60, 0x24, 0x5f, 0xfd, 0x5b, 0x90, 0x60, 0x01, 0x60, 0x01, 0x60,
    0x80, 0x1b, 0x03, 0x80, 0x91, 0x16, 0x91, 0x16, 0x01, 0x90, 0x60, 0x01, 0x60, 0x01, 0x60, 0x80,
    0x1b, 0x03, 0x82, 0x11, 0x61, 0x15, 0x28, 0x57, 0x56, 0x5b, 0x60, 0x01, 0x60, 0x01, 0x60, 0x40,
    0x1b, 0x03, 0x16, 0x80, 0x5f, 0x52, 0x60, 0x02, 0x60, 0x20, 0x52, 0x60, 0x40, 0x5f, 0x20, 0x90,
    0x60, 0x01, 0x60, 0x01, 0x60, 0x40, 0x1b, 0x03, 0x82, 0x54, 0x16, 0x15, 0x61, 0x04, 0xf1, 0x57,
    0x5f, 0x52, 0x60, 0x04, 0x60, 0x20, 0x52, 0x60, 0xff, 0x60, 0x40, 0x5f, 0x20, 0x54, 0x16, 0x61,
    0x1b, 0x87, 0x57, 0x60, 0xff, 0x60, 0x05, 0x82, 0x01, 0x54, 0x16, 0x61, 0x1b, 0x35, 0x57, 0x61,
    0x1a, 0xc6, 0x61, 0x1c, 0xe9, 0x56, 0x5b, 0x90, 0x60, 0x03, 0x81, 0x01, 0x54, 0x91, 0x60, 0x01,
    0x60, 0x01, 0x60, 0x40, 0x1b, 0x03, 0x80, 0x84, 0x60, 0x40, 0x1c, 0x16, 0x91, 0x16, 0x10, 0x61,
    0x19, 0x1c, 0x57, 0x60, 0x04, 0x01, 0x54, 0x90, 0x60, 0x01, 0x60, 0x01, 0x60, 0x80, 0x1b, 0x03,
    0x82, 0x16, 0x91, 0x60, 0x80, 0x1c, 0x80, 0x83, 0x11, 0x92, 0x83, 0x61, 0x1b, 0x10, 0x57, 0x5b,
    0x50, 0x50, 0x50, 0x61, 0x1b, 0x0b, 0x57, 0x60, 0x02, 0x90, 0x56, 0x5b, 0x60, 0x01, 0x90, 0x56,
    0x5b, 0x60, 0x01, 0x60, 0x01, 0x60, 0x80, 0x1b, 0x03, 0x92, 0x93, 0x50, 0x90, 0x61, 0x1b, 0x25,
    0x91, 0x61, 0x1a, 0x59, 0x56, 0x5b, 0x91, 0x60, 0x80, 0x1c, 0x91, 0x16, 0x10, 0x15, 0x5f, 0x80,
    0x80, 0x61, 0x1a, 0xff, 0x56, 0x5b, 0x60, 0x04, 0x81, 0x01, 0x54, 0x90, 0x60, 0x01, 0x60, 0x01,
    0x60, 0x80, 0x1b, 0x03, 0x82, 0x16, 0x91, 0x60, 0x80, 0x1c, 0x80, 0x83, 0x11, 0x92, 0x83, 0x61,
    0x1b, 0x5e, 0x57, 0x50, 0x50, 0x50, 0x61, 0x1b, 0x0b, 0x57, 0x60, 0x02, 0x90, 0x56, 0x5b, 0x60,
    0x01, 0x60, 0x01, 0x60, 0x80, 0x1b, 0x03, 0x92, 0x93, 0x50, 0x60, 0x03, 0x91, 0x61, 0x1b, 0x75,
    0x91, 0x61, 0x1a, 0x59, 0x56, 0x5b, 0x92, 0x01, 0x54, 0x60, 0x80, 0x1c, 0x91, 0x16, 0x10, 0x15,
    0x5f, 0x80, 0x80, 0x61, 0x1a, 0xff, 0x56, 0x5b, 0x50, 0x60, 0x03, 0x90, 0x56, 0x5b, 0x91, 0x90,
    0x81, 0x10, 0x15, 0x61, 0x08, 0xaf, 0x57, 0x60, 0x05, 0x1b, 0x01, 0x90, 0x56, 0x5b, 0x35, 0x60,
    0x01, 0x60, 0x01, 0x60, 0xa0, 0x1b, 0x03, 0x81, 0x16, 0x81, 0x03, 0x61, 0x01, 0xdd, 0x57, 0x90,
    0x56, 0x5b, 0x60, 0x40, 0x51, 0x63, 0x5b, 0x16, 0xeb, 0xb7, 0x60, 0xe0, 0x1b, 0x81, 0x52, 0x60,
    0x01, 0x60, 0x01, 0x60, 0xa0, 0x1b, 0x03, 0x90, 0x91, 0x16, 0x60, 0x04, 0x82, 0x01, 0x81, 0x90,
    0x52, 0x90, 0x60, 0x20, 0x81, 0x60, 0x24, 0x81, 0x64, 0x01, 0x62, 0x5f, 0x20, 0x00, 0x5a, 0xfa,
    0x90, 0x81, 0x15, 0x61, 0x15, 0x1d, 0x57, 0x5f, 0x91, 0x61, 0x1c, 0x08, 0x57, 0x5b, 0x50, 0x15,
    0x61, 0x1b, 0xf6, 0x57, 0x50, 0x56, 0x5b, 0x63, 0x0f, 0x4c, 0x97, 0x1b, 0x60, 0xe2, 0x1b, 0x5f,
    0x52, 0x60, 0x04, 0x52, 0x60, 0x24, 0x5f, 0xfd, 0x5b, 0x90, 0x50, 0x60, 0x20, 0x81, 0x3d, 0x60,
    0x20, 0x11, 0x61, 0x1c, 0x3b, 0x57, 0x5b, 0x81, 0x61, 0x1c, 0x23, 0x60, 0x20, 0x93, 0x83, 0x61,
    0x17, 0x01, 0x56, 0x5b, 0x81, 0x01, 0x03, 0x12, 0x61, 0x01, 0xdd, 0x57, 0x51, 0x80, 0x15, 0x15,
    0x81, 0x03, 0x61, 0x01, 0xdd, 0x57, 0x5f, 0x61, 0x1b, 0xed, 0x56, 0x5b, 0x3d, 0x91, 0x50, 0x61,
    0x1c, 0x16, 0x56, 0x5b, 0x60, 0x40, 0x51, 0x63, 0x0e, 0xde, 0x9d, 0x01, 0x60, 0xe2, 0x1b, 0x81,
    0x52, 0x60, 0x01, 0x60, 0x01, 0x60, 0xa0, 0x1b, 0x03, 0x90, 0x91, 0x16, 0x60, 0x04, 0x82, 0x01,
    0x52, 0x60, 0x20, 0x81, 0x60, 0x24, 0x81, 0x64, 0x01, 0x62, 0x5f, 0x20, 0x00, 0x5a, 0xfa, 0x90,
    0x81, 0x15, 0x61, 0x15, 0x1d, 0x57, 0x5f, 0x91, 0x61, 0x1c, 0xa7, 0x57, 0x5b, 0x50, 0x60, 0x01,
    0x60, 0x01, 0x60, 0xa0, 0x1b, 0x03, 0x16, 0x33, 0x81, 0x90, 0x03, 0x61, 0x1c, 0x91, 0x57, 0x50,
    0x56, 0x5b, 0x63, 0x30, 0xd6, 0x58, 0x29, 0x60, 0xe1, 0x1b, 0x5f, 0x52, 0x60, 0x04, 0x52, 0x33,
    0x60, 0x24, 0x52, 0x60, 0x44, 0x5f, 0xfd, 0x5b, 0x90, 0x50, 0x60, 0x20, 0x81, 0x3d, 0x60, 0x20,
    0x11, 0x61, 0x1c, 0xe1, 0x57, 0x5b, 0x81, 0x61, 0x1c, 0xc2, 0x60, 0x20, 0x93, 0x83, 0x61, 0x17,
    0x01, 0x56, 0x5b, 0x81, 0x01, 0x03, 0x12, 0x61, 0x01, 0xdd, 0x57, 0x51, 0x60, 0x01, 0x60, 0x01,
    0x60, 0xa0, 0x1b, 0x03, 0x81, 0x16, 0x81, 0x03, 0x61, 0x01, 0xdd, 0x57, 0x5f, 0x61, 0x1c, 0x7c,
    0x56, 0x5b, 0x3d, 0x91, 0x50, 0x61, 0x1c, 0xb5, 0x56, 0x5b, 0x60, 0x40, 0x51, 0x63, 0x7e, 0x34,
    0x5d, 0xef, 0x60, 0xe1, 0x1b, 0x81, 0x52, 0x60, 0x20, 0x81, 0x60, 0x04, 0x81, 0x64, 0x01, 0x62,
    0x5f, 0x10, 0x00, 0x5a, 0xfa, 0x90, 0x81, 0x15, 0x61, 0x15, 0x1d, 0x57, 0x5f, 0x91, 0x61, 0x1d,
    0x15, 0x57, 0x50, 0x90, 0x56, 0x5b, 0x61, 0x1d, 0x2e, 0x91, 0x50, 0x60, 0x20, 0x3d, 0x60, 0x20,
    0x11, 0x61, 0x15, 0xf9, 0x57, 0x61, 0x15, 0xe9, 0x81, 0x83, 0x61, 0x17, 0x01, 0x56, 0x5b, 0x90,
    0x56, 0x5b, 0x5f, 0x54, 0x60, 0x01, 0x60, 0x01, 0x60, 0xa0, 0x1b, 0x03, 0x16, 0x33, 0x03, 0x61,
    0x0d, 0x15, 0x57, 0x56, 0x5b, 0x90, 0x60, 0x01, 0x60, 0x01, 0x60, 0x80, 0x1b, 0x03, 0x92, 0x60,
    0x01, 0x60, 0x01, 0x60, 0x40, 0x1b, 0x03, 0x82, 0x16, 0x91, 0x82, 0x5f, 0x52, 0x60, 0x02, 0x60,
    0x20, 0x52, 0x60, 0x40, 0x5f, 0x20, 0x94, 0x60, 0x01, 0x60, 0x01, 0x60, 0x40, 0x1b, 0x03, 0x86,
    0x54, 0x16, 0x15, 0x61, 0x1f, 0x12, 0x57, 0x61, 0x1d, 0x7e, 0x61, 0x1c, 0xe9, 0x56, 0x5b, 0x91,
    0x60, 0x01, 0x60, 0x01, 0x60, 0x40, 0x1b, 0x03, 0x60, 0x03, 0x88, 0x01, 0x54, 0x60, 0x40, 0x1c,
    0x16, 0x80, 0x60, 0x01, 0x60, 0x01, 0x60, 0x40, 0x1b, 0x03, 0x85, 0x16, 0x10, 0x15, 0x61, 0x1f,
    0x00, 0x57, 0x50, 0x60, 0xff, 0x60, 0x05, 0x88, 0x01, 0x54, 0x16, 0x61, 0x0a, 0xd6, 0x57, 0x61,
    0x1d, 0xca, 0x90, 0x61, 0x1d, 0xbb, 0x87, 0x61, 0x1b, 0xb1, 0x56, 0x5b, 0x61, 0x1d, 0xc4, 0x87,
    0x61, 0x1c, 0x43, 0x56, 0x5b, 0x86, 0x61, 0x19, 0x30, 0x56, 0x5b, 0x81, 0x81, 0x16, 0x82, 0x11,
    0x61, 0x1e, 0xf8, 0x57, 0x5b, 0x50, 0x60, 0x01, 0x60, 0x01, 0x60, 0x80, 0x1b, 0x03, 0x81, 0x16,
    0x94, 0x85, 0x15, 0x61, 0x1e, 0xef, 0x57, 0x60, 0x01, 0x80, 0x60, 0xa0, 0x1b, 0x03, 0x16, 0x95,
    0x86, 0x5f, 0x52, 0x60, 0x03, 0x60, 0x20, 0x52, 0x60, 0x40, 0x5f, 0x20, 0x85, 0x5f, 0x52, 0x60,
    0x20, 0x52, 0x60, 0x40, 0x5f, 0x20, 0x60, 0x01, 0x60, 0x01, 0x60, 0x80, 0x1b, 0x03, 0x61, 0x1e,
    0x1a, 0x84, 0x82, 0x84, 0x54, 0x16, 0x61, 0x1a, 0x59, 0x56, 0x5b, 0x82, 0x54, 0x60, 0x01, 0x60,
    0x01, 0x60, 0x80, 0x1b, 0x03, 0x19, 0x16, 0x91, 0x16, 0x17, 0x90, 0x55, 0x83, 0x15, 0x61, 0x1e,
    0xb5, 0x57, 0x61, 0x1e, 0x4a, 0x60, 0x04, 0x60, 0x01, 0x60, 0x01, 0x60, 0x80, 0x1b, 0x03, 0x92,
    0x01, 0x92, 0x82, 0x84, 0x54, 0x16, 0x61, 0x1a, 0x59, 0x56, 0x5b, 0x16, 0x60, 0x01, 0x60, 0x01,
    0x60, 0x80, 0x1b, 0x03, 0x19, 0x82, 0x54, 0x16, 0x17, 0x90, 0x55, 0x5b, 0x82, 0x5f, 0x52, 0x60,
    0x05, 0x60, 0x20, 0x52, 0x60, 0x01, 0x60, 0x01, 0x60, 0x40, 0x1b, 0x03, 0x60, 0x40, 0x5f, 0x20,
    0x91, 0x16, 0x60, 0x01, 0x60, 0x01, 0x60, 0x40, 0x1b, 0x03, 0x19, 0x82, 0x54, 0x16, 0x17, 0x90,
    0x55, 0x60, 0x40, 0x51, 0x92, 0x83, 0x52, 0x15, 0x15, 0x60, 0x20, 0x83, 0x01, 0x52, 0x7f, 0x30,
    0xc3, 0x57, 0x26, 0xfd, 0xb3, 0x23, 0x98, 0xd8, 0x51, 0xd0, 0x53, 0x72, 0xfb, 0xc8, 0x0c, 0xc4,
    0xb4, 0x96, 0xc5, 0x77, 0xd6, 0xb2, 0x10, 0x8b, 0x2b, 0xbd, 0x8b, 0x75, 0x2d, 0x9a, 0xa2, 0x60,
    0x40, 0x33, 0x93, 0xa4, 0x56, 0x5b, 0x60, 0x04, 0x01, 0x80, 0x54, 0x61, 0x1e, 0xea, 0x92, 0x61,
    0x1e, 0xca, 0x91, 0x60, 0x80, 0x1c, 0x61, 0x1a, 0x59, 0x56, 0x5b, 0x81, 0x54, 0x60, 0x01, 0x60,
    0x01, 0x60, 0x80, 0x1b, 0x03, 0x16, 0x60, 0x80, 0x91, 0x90, 0x91, 0x1b, 0x60, 0x01, 0x60, 0x01,
    0x60, 0x80, 0x1b, 0x03, 0x19, 0x16, 0x17, 0x90, 0x55, 0x56, 0x5b, 0x61, 0x1e, 0x5b, 0x56, 0x5b,
    0x50, 0x50, 0x50, 0x50, 0x50, 0x50, 0x50, 0x56, 0x5b, 0x90, 0x50, 0x5f, 0x61, 0x1d, 0xd4, 0x56,
    0x5b, 0x63, 0x07, 0x4e, 0x1d, 0xb9, 0x60, 0xe0, 0x1b, 0x5f, 0x52, 0x60, 0x04, 0x52, 0x60, 0x24,
    0x5f, 0xfd, 0x5b, 0x83, 0x63, 0x59, 0x82, 0x5a, 0x01, 0x60, 0xe0, 0x1b, 0x5f, 0x52, 0x60, 0x04,
    0x52, 0x60, 0x24, 0x5f, 0xfd, 0x5b, 0x91, 0x92, 0x60, 0x01, 0x60, 0x01, 0x60, 0x40, 0x1b, 0x03,
    0x82, 0x16, 0x91, 0x82, 0x5f, 0x52, 0x60, 0x02, 0x60, 0x20, 0x52, 0x60, 0x40, 0x5f, 0x20, 0x94,
    0x60, 0x01, 0x60, 0x01, 0x60, 0x40, 0x1b, 0x03, 0x86, 0x54, 0x16, 0x15, 0x61, 0x1f, 0x12, 0x57,
    0x61, 0x1f, 0x57, 0x61, 0x1c, 0xe9, 0x56, 0x5b, 0x91, 0x60, 0x01, 0x60, 0x01, 0x60, 0x40, 0x1b,
    0x03, 0x60, 0x03, 0x88, 0x01, 0x54, 0x60, 0x40, 0x1c, 0x16, 0x80, 0x60, 0x01, 0x60, 0x01, 0x60,
    0x40, 0x1b, 0x03, 0x85, 0x16, 0x10, 0x15, 0x61, 0x1f, 0x00, 0x57, 0x50, 0x60, 0xff, 0x60, 0x05,
    0x88, 0x01, 0x54, 0x16, 0x61, 0x0a, 0xd6, 0x57, 0x61, 0x1f, 0x94, 0x90, 0x61, 0x1d, 0xbb, 0x87,
    0x61, 0x1b, 0xb1, 0x56, 0x5b, 0x60, 0x01, 0x60, 0x01, 0x60, 0x80, 0x1b, 0x03, 0x81, 0x16, 0x60,
    0x01, 0x60, 0x01, 0x60, 0x80, 0x1b, 0x03, 0x83, 0x16, 0x11, 0x61, 0x1e, 0xf8, 0x57, 0x50, 0x60,
    0x01, 0x60, 0x01, 0x60, 0x80, 0x1b, 0x03, 0x81, 0x16, 0x94, 0x85, 0x15, 0x61, 0x1e, 0xef, 0x57,
    0x60, 0x01, 0x80, 0x60, 0xa0, 0x1b, 0x03, 0x16, 0x95, 0x86, 0x5f, 0x52, 0x60, 0x03, 0x60, 0x20,
    0x52, 0x60, 0x40, 0x5f, 0x20, 0x85, 0x5f, 0x52, 0x60, 0x20, 0x52, 0x60, 0x40, 0x5f, 0x20, 0x60,
    0x01, 0x60, 0x01, 0x60, 0x80, 0x1b, 0x03, 0x61, 0x1e, 0x1a, 0x84, 0x82, 0x84, 0x54, 0x16, 0x61,
    0x1a, 0x59, 0x56, 0x5b, 0x80, 0x54, 0x82, 0x10, 0x15, 0x61, 0x08, 0xaf, 0x57, 0x5f, 0x52, 0x60,
    0x20, 0x5f, 0x20, 0x01, 0x90, 0x5f, 0x90, 0x56, 0x5b, 0x80, 0x5f, 0x52, 0x60, 0x07, 0x60, 0x20,
    0x52, 0x60, 0x40, 0x5f, 0x20, 0x54, 0x15, 0x5f, 0x14, 0x61, 0x20, 0x6e, 0x57, 0x60, 0x06, 0x54,
    0x60, 0x01, 0x60, 0x40, 0x1b, 0x81, 0x10, 0x15, 0x61, 0x14, 0xc5, 0x57, 0x61, 0x20, 0x57, 0x61,
    0x20, 0x41, 0x82, 0x60, 0x01, 0x85, 0x94, 0x01, 0x60, 0x06, 0x55, 0x60, 0x06, 0x61, 0x1f, 0xf3,
    0x56, 0x5b, 0x81, 0x93, 0x91, 0x54, 0x90, 0x60, 0x03, 0x1b, 0x91, 0x82, 0x1b, 0x91, 0x5f, 0x19,
    0x90, 0x1b, 0x19, 0x16, 0x17, 0x90, 0x56, 0x5b, 0x90, 0x55, 0x60, 0x06, 0x54, 0x90, 0x5f, 0x52,
    0x60, 0x07, 0x60, 0x20, 0x52, 0x60, 0x40, 0x5f, 0x20, 0x55, 0x60, 0x01, 0x90, 0x56, 0x5b, 0x50,
    0x5f, 0x90, 0x56, 0x5b, 0x5f, 0x81, 0x81, 0x52, 0x60, 0x07, 0x60, 0x20, 0x52, 0x60, 0x40, 0x90,
    0x20, 0x54, 0x80, 0x15, 0x61, 0x19, 0x1c, 0x57, 0x5f, 0x19, 0x81, 0x01, 0x81, 0x81, 0x11, 0x61,
    0x15, 0x28, 0x57, 0x60, 0x06, 0x54, 0x5f, 0x19, 0x81, 0x01, 0x91, 0x90, 0x82, 0x11, 0x61, 0x15,
    0x28, 0x57, 0x81, 0x81, 0x03, 0x61, 0x20, 0xfa, 0x57, 0x5b, 0x50, 0x50, 0x50, 0x60, 0x06, 0x54,
    0x80, 0x15, 0x61, 0x20, 0xe6, 0x57, 0x5f, 0x19, 0x01, 0x61, 0x20, 0xc3, 0x81, 0x60, 0x06, 0x61,
    0x1f, 0xf3, 0x56, 0x5b, 0x81, 0x54, 0x90, 0x5f, 0x19, 0x90, 0x60, 0x03, 0x1b, 0x1b, 0x19, 0x16,
    0x90, 0x55, 0x60, 0x06, 0x55, 0x5f, 0x52, 0x60, 0x07, 0x60, 0x20, 0x52, 0x5f, 0x60, 0x40, 0x81,
    0x20, 0x55, 0x60, 0x01, 0x90, 0x56, 0x5b, 0x63, 0x4e, 0x48, 0x7b, 0x71, 0x60, 0xe0, 0x1b, 0x5f,
    0x52, 0x60, 0x31, 0x60, 0x04, 0x52, 0x60, 0x24, 0x5f, 0xfd, 0x5b, 0x61, 0x21, 0x1c, 0x61, 0x21,
    0x0b, 0x61, 0x20, 0x41, 0x93, 0x60, 0x06, 0x61, 0x1f, 0xf3, 0x56, 0x5b, 0x90, 0x54, 0x90, 0x60,
    0x03, 0x1b, 0x1c, 0x92, 0x83, 0x92, 0x60, 0x06, 0x61, 0x1f, 0xf3, 0x56, 0x5b, 0x90, 0x55, 0x5f,
    0x52, 0x60, 0x07, 0x60, 0x20, 0x52, 0x60, 0x40, 0x5f, 0x20, 0x55, 0x5f, 0x80, 0x80, 0x61, 0x20,
    0xa9, 0x56, 0xfe, 0xa2, 0x64, 0x69, 0x70, 0x66, 0x73, 0x58, 0x22, 0x12, 0x20, 0xb3, 0xe2, 0x8f,
    0x7e, 0xf6, 0xe5, 0x37, 0xa3, 0x66, 0x7d, 0xb7, 0x5b, 0x20, 0x04, 0x60, 0x1b, 0x67, 0x0f, 0x96,
    0xd3, 0x62, 0x42, 0x9b, 0xdc, 0xf5, 0xf7, 0xcd, 0xb5, 0x08, 0x25, 0x5a, 0x50, 0x64, 0x73, 0x6f,
    0x6c, 0x63, 0x43, 0x00, 0x08, 0x1e, 0x00, 0x33,
];
/// Governance system address
pub const GOVERNANCE_ADDRESS: Address = address!("00000000000000000000000000000001625F3000");

/// `NativeOracle` runtime bytecode (from current HEAD)
pub const NATIVE_ORACLE_BYTECODE: &[u8] = &[
    0x60, 0xa0, 0x60, 0x40, 0x52, 0x60, 0x04, 0x36, 0x10, 0x15, 0x61, 0x00, 0x11, 0x57, 0x5f, 0x80,
    0xfd, 0x5b, 0x5f, 0x35, 0x60, 0xe0, 0x1c, 0x80, 0x63, 0x09, 0x56, 0x3c, 0xa4, 0x14, 0x61, 0x06,
    0x67, 0x57, 0x80, 0x63, 0x19, 0xa1, 0xdf, 0x9f, 0x14, 0x61, 0x06, 0x1d, 0x57, 0x80, 0x63, 0x52,
    0xe7, 0xae, 0x8f, 0x14, 0x61, 0x05, 0xe0, 0x57, 0x80, 0x63, 0x77, 0x79, 0xcf, 0x9f, 0x14, 0x61,
    0x05, 0x48, 0x57, 0x80, 0x63, 0x94, 0x2f, 0xf9, 0xbd, 0x14, 0x61, 0x05, 0x0f, 0x57, 0x80, 0x63,
    0x9e, 0x2f, 0xe4, 0x3e, 0x14, 0x61, 0x03, 0x95, 0x57, 0x80, 0x63, 0x9e, 0xe1, 0xed, 0x1e, 0x14,
    0x61, 0x02, 0xe9, 0x57, 0x80, 0x63, 0xc2, 0x43, 0x10, 0x92, 0x14, 0x61, 0x02, 0x89, 0x57, 0x80,
    0x63, 0xc7, 0xc3, 0xc1, 0x8f, 0x14, 0x61, 0x01, 0xe6, 0x57, 0x63, 0xd4, 0x6c, 0x83, 0xa4, 0x14,
    0x61, 0x00, 0x87, 0x57, 0x5f, 0x80, 0xfd, 0x5b, 0x34, 0x61, 0x01, 0xe2, 0x57, 0x63, 0xff, 0xff,
    0xff, 0xff, 0x61, 0x00, 0x9a, 0x36, 0x61, 0x09, 0x32, 0x56, 0x5b, 0x92, 0x90, 0x91, 0x60, 0x60,
    0x60, 0x40, 0x80, 0x51, 0x61, 0x00, 0xac, 0x81, 0x61, 0x09, 0x8d, 0x56, 0x5b, 0x5f, 0x81, 0x52,
    0x5f, 0x60, 0x20, 0x82, 0x01, 0x52, 0x01, 0x52, 0x16, 0x5f, 0x52, 0x5f, 0x60, 0x20, 0x52, 0x60,
    0x40, 0x5f, 0x20, 0x90, 0x5f, 0x52, 0x60, 0x20, 0x52, 0x60, 0x01, 0x60, 0x01, 0x60, 0x80, 0x1b,
    0x03, 0x60, 0x40, 0x5f, 0x20, 0x91, 0x16, 0x5f, 0x52, 0x60, 0x20, 0x52, 0x60, 0x40, 0x5f, 0x20,
    0x60, 0x40, 0x51, 0x61, 0x00, 0xeb, 0x81, 0x61, 0x09, 0x8d, 0x56, 0x5b, 0x81, 0x54, 0x60, 0x01,
    0x60, 0x01, 0x60, 0x40, 0x1b, 0x03, 0x16, 0x81, 0x52, 0x60, 0x01, 0x82, 0x01, 0x54, 0x60, 0x20,
    0x82, 0x01, 0x90, 0x81, 0x52, 0x60, 0x40, 0x51, 0x60, 0x02, 0x90, 0x93, 0x01, 0x80, 0x54, 0x5f,
    0x91, 0x61, 0x01, 0x19, 0x82, 0x61, 0x0a, 0x1a, 0x56, 0x5b, 0x80, 0x87, 0x52, 0x91, 0x60, 0x01,
    0x81, 0x16, 0x90, 0x81, 0x15, 0x61, 0x01, 0xbb, 0x57, 0x50, 0x60, 0x01, 0x14, 0x61, 0x01, 0x7e,
    0x57, 0x5b, 0x60, 0x01, 0x60, 0x01, 0x60, 0x40, 0x1b, 0x03, 0x85, 0x61, 0x01, 0x7a, 0x88, 0x87,
    0x61, 0x01, 0x4b, 0x82, 0x89, 0x03, 0x83, 0x61, 0x09, 0xa8, 0x56, 0x5b, 0x60, 0x40, 0x84, 0x01,
    0x91, 0x82, 0x52, 0x60, 0x40, 0x51, 0x94, 0x85, 0x94, 0x60, 0x20, 0x86, 0x52, 0x51, 0x16, 0x60,
    0x20, 0x85, 0x01, 0x52, 0x51, 0x60, 0x40, 0x84, 0x01, 0x52, 0x51, 0x60, 0x60, 0x80, 0x84, 0x01,
    0x52, 0x60, 0x80, 0x83, 0x01, 0x90, 0x61, 0x09, 0x69, 0x56, 0x5b, 0x03, 0x90, 0xf3, 0x5b, 0x5f,
    0x90, 0x81, 0x52, 0x60, 0x20, 0x81, 0x20, 0x90, 0x92, 0x50, 0x5b, 0x81, 0x83, 0x10, 0x61, 0x01,
    0xa1, 0x57, 0x50, 0x50, 0x83, 0x01, 0x60, 0x20, 0x01, 0x81, 0x61, 0x01, 0x4b, 0x61, 0x01, 0x31,
    0x56, 0x5b, 0x60, 0x01, 0x81, 0x60, 0x20, 0x92, 0x94, 0x93, 0x94, 0x54, 0x83, 0x85, 0x8a, 0x01,
    0x01, 0x52, 0x01, 0x91, 0x01, 0x91, 0x90, 0x61, 0x01, 0x8a, 0x56, 0x5b, 0x60, 0xff, 0x19, 0x16,
    0x60, 0x20, 0x80, 0x89, 0x01, 0x91, 0x90, 0x91, 0x52, 0x92, 0x15, 0x15, 0x60, 0x05, 0x1b, 0x87,
    0x01, 0x90, 0x92, 0x01, 0x92, 0x50, 0x83, 0x91, 0x50, 0x61, 0x01, 0x4b, 0x90, 0x50, 0x61, 0x01,
    0x31, 0x56, 0x5b, 0x5f, 0x80, 0xfd, 0x5b, 0x34, 0x61, 0x01, 0xe2, 0x57, 0x60, 0x60, 0x36, 0x60,
    0x03, 0x19, 0x01, 0x12, 0x61, 0x01, 0xe2, 0x57, 0x61, 0x01, 0xff, 0x61, 0x08, 0xef, 0x56, 0x5b,
    0x60, 0x44, 0x35, 0x60, 0x01, 0x60, 0x01, 0x60, 0xa0, 0x1b, 0x03, 0x81, 0x16, 0x91, 0x60, 0x24,
    0x35, 0x91, 0x83, 0x90, 0x03, 0x61, 0x01, 0xe2, 0x57, 0x63, 0xff, 0xff, 0xff, 0xff, 0x90, 0x61,
    0x02, 0x26, 0x61, 0x0e, 0x82, 0x56, 0x5b, 0x16, 0x5f, 0x81, 0x81, 0x52, 0x60, 0x03, 0x60, 0x20,
    0x90, 0x81, 0x52, 0x60, 0x40, 0x80, 0x83, 0x20, 0x85, 0x84, 0x52, 0x82, 0x52, 0x91, 0x82, 0x90,
    0x20, 0x80, 0x54, 0x60, 0x01, 0x60, 0x01, 0x60, 0xa0, 0x1b, 0x03, 0x19, 0x81, 0x16, 0x87, 0x17,
    0x90, 0x91, 0x55, 0x91, 0x51, 0x94, 0x85, 0x52, 0x60, 0x01, 0x60, 0x01, 0x60, 0xa0, 0x1b, 0x03,
    0x90, 0x91, 0x16, 0x93, 0x7f, 0x06, 0xd3, 0xd6, 0x65, 0x90, 0x16, 0x67, 0x76, 0x1b, 0xd3, 0xd4,
    0x5f, 0x12, 0x93, 0x20, 0xbf, 0xcb, 0x39, 0x12, 0x33, 0x1a, 0xa3, 0x3a, 0x24, 0x96, 0xa2, 0x2e,
    0x73, 0x1c, 0xc1, 0x67, 0xd8, 0x91, 0x90, 0xa4, 0x00, 0x5b, 0x34, 0x61, 0x01, 0xe2, 0x57, 0x60,
    0x20, 0x63, 0xff, 0xff, 0xff, 0xff, 0x61, 0x02, 0x9e, 0x36, 0x61, 0x09, 0x32, 0x56, 0x5b, 0x92,
    0x90, 0x91, 0x16, 0x5f, 0x52, 0x60, 0x01, 0x83, 0x52, 0x60, 0x40, 0x5f, 0x20, 0x90, 0x5f, 0x52,
    0x82, 0x52, 0x60, 0x01, 0x60, 0x01, 0x60, 0x80, 0x1b, 0x03, 0x60, 0x40, 0x5f, 0x20, 0x54, 0x16,
    0x80, 0x15, 0x15, 0x91, 0x82, 0x61, 0x02, 0xd5, 0x57, 0x5b, 0x50, 0x50, 0x60, 0x40, 0x51, 0x90,
    0x15, 0x15, 0x81, 0x52, 0xf3, 0x5b, 0x60, 0x01, 0x60, 0x01, 0x60, 0x80, 0x1b, 0x03, 0x16, 0x11,
    0x15, 0x90, 0x50, 0x82, 0x80, 0x61, 0x02, 0xc9, 0x56, 0x5b, 0x34, 0x61, 0x01, 0xe2, 0x57, 0x60,
    0xc0, 0x36, 0x60, 0x03, 0x19, 0x01, 0x12, 0x61, 0x01, 0xe2, 0x57, 0x61, 0x03, 0x02, 0x61, 0x08,
    0xef, 0x56, 0x5b, 0x60, 0x44, 0x35, 0x60, 0x01, 0x60, 0x01, 0x60, 0x40, 0x1b, 0x03, 0x81, 0x11,
    0x61, 0x01, 0xe2, 0x57, 0x61, 0x03, 0x21, 0x90, 0x36, 0x90, 0x60, 0x04, 0x01, 0x61, 0x09, 0x02,
    0x56, 0x5b, 0x91, 0x60, 0x64, 0x35, 0x60, 0x01, 0x60, 0x01, 0x60, 0x40, 0x1b, 0x03, 0x81, 0x11,
    0x61, 0x01, 0xe2, 0x57, 0x61, 0x03, 0x41, 0x90, 0x36, 0x90, 0x60, 0x04, 0x01, 0x61, 0x09, 0x02,
    0x56, 0x5b, 0x90, 0x60, 0x84, 0x35, 0x60, 0x01, 0x60, 0x01, 0x60, 0x40, 0x1b, 0x03, 0x81, 0x11,
    0x61, 0x01, 0xe2, 0x57, 0x61, 0x03, 0x61, 0x90, 0x36, 0x90, 0x60, 0x04, 0x01, 0x61, 0x09, 0x02,
    0x56, 0x5b, 0x92, 0x90, 0x91, 0x60, 0xa4, 0x35, 0x96, 0x60, 0x01, 0x60, 0x01, 0x60, 0x40, 0x1b,
    0x03, 0x88, 0x11, 0x61, 0x01, 0xe2, 0x57, 0x61, 0x03, 0x87, 0x61, 0x03, 0x93, 0x98, 0x36, 0x90,
    0x60, 0x04, 0x01, 0x61, 0x09, 0x02, 0x56, 0x5b, 0x97, 0x90, 0x96, 0x60, 0x24, 0x35, 0x90, 0x61,
    0x0a, 0xe6, 0x56, 0x5b, 0x00, 0x5b, 0x34, 0x61, 0x01, 0xe2, 0x57, 0x60, 0x40, 0x36, 0x60, 0x03,
    0x19, 0x01, 0x12, 0x61, 0x01, 0xe2, 0x57, 0x60, 0x04, 0x35, 0x60, 0x01, 0x60, 0x01, 0x60, 0x40,
    0x1b, 0x03, 0x81, 0x11, 0x61, 0x01, 0xe2, 0x57, 0x61, 0x03, 0xc5, 0x90, 0x36, 0x90, 0x60, 0x04,
    0x01, 0x61, 0x09, 0x02, 0x56, 0x5b, 0x60, 0x24, 0x35, 0x60, 0x01, 0x60, 0x01, 0x60, 0x40, 0x1b,
    0x03, 0x81, 0x11, 0x61, 0x01, 0xe2, 0x57, 0x61, 0x03, 0xe4, 0x90, 0x36, 0x90, 0x60, 0x04, 0x01,
    0x61, 0x09, 0x02, 0x56, 0x5b, 0x91, 0x90, 0x64, 0x01, 0x62, 0x5f, 0x00, 0x01, 0x33, 0x03, 0x61,
    0x04, 0xf3, 0x57, 0x60, 0xff, 0x60, 0x04, 0x54, 0x16, 0x61, 0x04, 0xe5, 0x57, 0x82, 0x82, 0x03,
    0x61, 0x04, 0xcf, 0x57, 0x5f, 0x5b, 0x82, 0x81, 0x10, 0x61, 0x04, 0x1b, 0x57, 0x60, 0x04, 0x80,
    0x54, 0x60, 0xff, 0x19, 0x16, 0x60, 0x01, 0x17, 0x90, 0x55, 0x00, 0x5b, 0x80, 0x61, 0x04, 0x31,
    0x61, 0x04, 0x2c, 0x60, 0x01, 0x93, 0x87, 0x86, 0x61, 0x0a, 0x9d, 0x56, 0x5b, 0x61, 0x0a, 0xc1,
    0x56, 0x5b, 0x63, 0xff, 0xff, 0xff, 0xff, 0x61, 0x04, 0x49, 0x61, 0x04, 0x44, 0x84, 0x88, 0x8b,
    0x61, 0x0a, 0x9d, 0x56, 0x5b, 0x61, 0x0a, 0xd5, 0x56, 0x5b, 0x16, 0x5f, 0x52, 0x60, 0x02, 0x60,
    0x20, 0x52, 0x60, 0x40, 0x5f, 0x20, 0x90, 0x83, 0x80, 0x60, 0xa0, 0x1b, 0x03, 0x16, 0x6b, 0xff,
    0xff, 0xff, 0xff, 0xff, 0xff, 0xff, 0xff, 0xff, 0xff, 0xff, 0xff, 0x60, 0xa0, 0x1b, 0x82, 0x54,
    0x16, 0x17, 0x90, 0x55, 0x5f, 0x61, 0x04, 0x82, 0x61, 0x04, 0x44, 0x83, 0x87, 0x8a, 0x61, 0x0a,
    0x9d, 0x56, 0x5b, 0x7f, 0x88, 0xfc, 0x90, 0x28, 0xc3, 0x03, 0xc2, 0x6a, 0x3e, 0xd0, 0xe7, 0x3d,
    0x90, 0x21, 0xd7, 0x63, 0xd4, 0xe2, 0x11, 0x8b, 0x0d, 0x4d, 0x85, 0x29, 0x25, 0x7a, 0x43, 0xdc,
    0x1d, 0x7d, 0x72, 0x76, 0x60, 0x20, 0x63, 0xff, 0xff, 0xff, 0xff, 0x61, 0x04, 0xb8, 0x61, 0x04,
    0x2c, 0x87, 0x8c, 0x8b, 0x61, 0x0a, 0x9d, 0x56, 0x5b, 0x93, 0x60, 0x40, 0x51, 0x94, 0x88, 0x80,
    0x60, 0xa0, 0x1b, 0x03, 0x16, 0x85, 0x52, 0x16, 0x92, 0xa3, 0x01, 0x61, 0x04, 0x05, 0x56, 0x5b,
    0x50, 0x63, 0x1f, 0x4b, 0xb7, 0xc1, 0x60, 0xe3, 0x1b, 0x5f, 0x52, 0x60, 0x04, 0x52, 0x60, 0x24,
    0x52, 0x60, 0x44, 0x5f, 0xfd, 0x5b, 0x62, 0xdc, 0x14, 0x9f, 0x60, 0xe4, 0x1b, 0x5f, 0x52, 0x60,
    0x04, 0x5f, 0xfd, 0x5b, 0x63, 0x02, 0x72, 0xd0, 0x29, 0x60, 0xe6, 0x1b, 0x5f, 0x52, 0x33, 0x60,
    0x04, 0x52, 0x64, 0x01, 0x62, 0x5f, 0x00, 0x01, 0x60, 0x24, 0x52, 0x60, 0x44, 0x5f, 0xfd, 0x5b,
    0x34, 0x61, 0x01, 0xe2, 0x57, 0x60, 0x40, 0x36, 0x60, 0x03, 0x19, 0x01, 0x12, 0x61, 0x01, 0xe2,
    0x57, 0x60, 0x20, 0x61, 0x05, 0x36, 0x61, 0x05, 0x2d, 0x61, 0x08, 0xef, 0x56, 0x5b, 0x60, 0x24,
    0x35, 0x90, 0x61, 0x0a, 0x52, 0x56, 0x5b, 0x60, 0x40, 0x51, 0x60, 0x01, 0x60, 0x01, 0x60, 0xa0,
    0x1b, 0x03, 0x90, 0x91, 0x16, 0x81, 0x52, 0xf3, 0x5b, 0x34, 0x61, 0x01, 0xe2, 0x57, 0x60, 0x40,
    0x36, 0x60, 0x03, 0x19, 0x01, 0x12, 0x61, 0x01, 0xe2, 0x57, 0x61, 0x05, 0x61, 0x61, 0x08, 0xef,
    0x56, 0x5b, 0x60, 0x24, 0x35, 0x60, 0x01, 0x60, 0x01, 0x60, 0xa0, 0x1b, 0x03, 0x81, 0x16, 0x91,
    0x90, 0x82, 0x90, 0x03, 0x61, 0x01, 0xe2, 0x57, 0x63, 0xff, 0xff, 0xff, 0xff, 0x90, 0x61, 0x05,
    0x85, 0x61, 0x0e, 0x82, 0x56, 0x5b, 0x16, 0x5f, 0x81, 0x81, 0x52, 0x60, 0x02, 0x60, 0x20, 0x90,
    0x81, 0x52, 0x60, 0x40, 0x91, 0x82, 0x90, 0x20, 0x80, 0x54, 0x60, 0x01, 0x60, 0x01, 0x60, 0xa0,
    0x1b, 0x03, 0x19, 0x81, 0x16, 0x86, 0x17, 0x90, 0x91, 0x55, 0x91, 0x51, 0x93, 0x84, 0x52, 0x60,
    0x01, 0x60, 0x01, 0x60, 0xa0, 0x1b, 0x03, 0x90, 0x91, 0x16, 0x92, 0x7f, 0x88, 0xfc, 0x90, 0x28,
    0xc3, 0x03, 0xc2, 0x6a, 0x3e, 0xd0, 0xe7, 0x3d, 0x90, 0x21, 0xd7, 0x63, 0xd4, 0xe2, 0x11, 0x8b,
    0x0d, 0x4d, 0x85, 0x29, 0x25, 0x7a, 0x43, 0xdc, 0x1d, 0x7d, 0x72, 0x76, 0x91, 0x90, 0xa3, 0x00,
    0x5b, 0x34, 0x61, 0x01, 0xe2, 0x57, 0x60, 0x20, 0x36, 0x60, 0x03, 0x19, 0x01, 0x12, 0x61, 0x01,
    0xe2, 0x57, 0x63, 0xff, 0xff, 0xff, 0xff, 0x61, 0x05, 0xfe, 0x61, 0x08, 0xef, 0x56, 0x5b, 0x16,
    0x5f, 0x52, 0x60, 0x02, 0x60, 0x20, 0x52, 0x60, 0x20, 0x60, 0x01, 0x80, 0x60, 0xa0, 0x1b, 0x03,
    0x60, 0x40, 0x5f, 0x20, 0x54, 0x16, 0x60, 0x40, 0x51, 0x90, 0x81, 0x52, 0xf3, 0x5b, 0x34, 0x61,
    0x01, 0xe2, 0x57, 0x60, 0x40, 0x36, 0x60, 0x03, 0x19, 0x01, 0x12, 0x61, 0x01, 0xe2, 0x57, 0x63,
    0xff, 0xff, 0xff, 0xff, 0x61, 0x06, 0x3b, 0x61, 0x08, 0xef, 0x56, 0x5b, 0x16, 0x5f, 0x52, 0x60,
    0x01, 0x60, 0x20, 0x52, 0x60, 0x40, 0x5f, 0x20, 0x60, 0x24, 0x35, 0x5f, 0x52, 0x60, 0x20, 0x52,
    0x60, 0x20, 0x60, 0x01, 0x60, 0x01, 0x60, 0x80, 0x1b, 0x03, 0x60, 0x40, 0x5f, 0x20, 0x54, 0x16,
    0x60, 0x40, 0x51, 0x90, 0x81, 0x52, 0xf3, 0x5b, 0x34, 0x61, 0x01, 0xe2, 0x57, 0x60, 0xc0, 0x36,
    0x60, 0x03, 0x19, 0x01, 0x12, 0x61, 0x01, 0xe2, 0x57, 0x61, 0x06, 0x80, 0x61, 0x08, 0xef, 0x56,
    0x5b, 0x60, 0x24, 0x35, 0x60, 0x44, 0x35, 0x60, 0x01, 0x60, 0x01, 0x60, 0x80, 0x1b, 0x03, 0x81,
    0x16, 0x81, 0x03, 0x61, 0x01, 0xe2, 0x57, 0x60, 0x84, 0x35, 0x90, 0x60, 0x01, 0x60, 0x01, 0x60,
    0x40, 0x1b, 0x03, 0x82, 0x11, 0x61, 0x01, 0xe2, 0x57, 0x36, 0x60, 0x23, 0x83, 0x01, 0x12, 0x15,
    0x61, 0x01, 0xe2, 0x57, 0x81, 0x60, 0x04, 0x01, 0x35, 0x90, 0x60, 0x01, 0x60, 0x01, 0x60, 0x40,
    0x1b, 0x03, 0x82, 0x11, 0x61, 0x01, 0xe2, 0x57, 0x60, 0x24, 0x83, 0x01, 0x92, 0x60, 0x24, 0x83,
    0x36, 0x92, 0x01, 0x01, 0x11, 0x61, 0x01, 0xe2, 0x57, 0x60, 0xa4, 0x35, 0x61, 0x06, 0xe3, 0x61,
    0x0e, 0x58, 0x56, 0x5b, 0x61, 0x06, 0xee, 0x82, 0x86, 0x88, 0x61, 0x0e, 0xde, 0x56, 0x5b, 0x60,
    0x01, 0x90, 0x80, 0x61, 0x08, 0xda, 0x57, 0x5b, 0x50, 0x61, 0x06, 0xfe, 0x57, 0x00, 0x5b, 0x60,
    0x02, 0x60, 0x40, 0x51, 0x61, 0x07, 0x0c, 0x81, 0x61, 0x09, 0x8d, 0x56, 0x5b, 0x60, 0x01, 0x60,
    0x01, 0x60, 0x40, 0x1b, 0x03, 0x42, 0x16, 0x81, 0x52, 0x63, 0xff, 0xff, 0xff, 0xff, 0x61, 0x07,
    0x32, 0x60, 0x20, 0x83, 0x01, 0x96, 0x60, 0x64, 0x35, 0x88, 0x52, 0x86, 0x36, 0x91, 0x61, 0x09,
    0xe4, 0x56, 0x5b, 0x97, 0x60, 0x40, 0x83, 0x01, 0x98, 0x89, 0x52, 0x16, 0x94, 0x85, 0x5f, 0x52,
    0x5f, 0x60, 0x20, 0x52, 0x60, 0x40, 0x5f, 0x20, 0x87, 0x5f, 0x52, 0x60, 0x20, 0x52, 0x60, 0x40,
    0x5f, 0x20, 0x60, 0x01, 0x60, 0x01, 0x60, 0x80, 0x1b, 0x03, 0x85, 0x16, 0x5f, 0x52, 0x60, 0x20,
    0x52, 0x60, 0x01, 0x60, 0x01, 0x60, 0x40, 0x1b, 0x03, 0x60, 0x40, 0x5f, 0x20, 0x92, 0x51, 0x16,
    0x60, 0x01, 0x60, 0x01, 0x60, 0x40, 0x1b, 0x03, 0x19, 0x83, 0x54, 0x16, 0x17, 0x82, 0x55, 0x51,
    0x60, 0x01, 0x82, 0x01, 0x55, 0x01, 0x94, 0x51, 0x94, 0x85, 0x51, 0x60, 0x01, 0x60, 0x01, 0x60,
    0x40, 0x1b, 0x03, 0x81, 0x11, 0x61, 0x08, 0xc6, 0x57, 0x61, 0x07, 0xa2, 0x82, 0x54, 0x61, 0x0a,
    0x1a, 0x56, 0x5b, 0x60, 0x1f, 0x81, 0x11, 0x61, 0x08, 0x81, 0x57, 0x5b, 0x50, 0x60, 0x20, 0x60,
    0x1f, 0x82, 0x11, 0x60, 0x01, 0x14, 0x61, 0x08, 0x0f, 0x57, 0x81, 0x90, 0x5f, 0x51, 0x60, 0x20,
    0x61, 0x11, 0x8d, 0x5f, 0x39, 0x5f, 0x51, 0x90, 0x5f, 0x52, 0x96, 0x97, 0x98, 0x5f, 0x92, 0x61,
    0x08, 0x04, 0x57, 0x5b, 0x50, 0x50, 0x81, 0x60, 0x01, 0x1b, 0x91, 0x5f, 0x19, 0x90, 0x60, 0x03,
    0x1b, 0x1c, 0x19, 0x16, 0x17, 0x90, 0x55, 0x5b, 0x60, 0x40, 0x80, 0x51, 0x60, 0x01, 0x60, 0x01,
    0x60, 0x80, 0x1b, 0x03, 0x92, 0x90, 0x92, 0x16, 0x82, 0x52, 0x60, 0x20, 0x82, 0x01, 0x92, 0x90,
    0x92, 0x52, 0xa3, 0x00, 0x5b, 0x01, 0x51, 0x90, 0x50, 0x88, 0x80, 0x61, 0x07, 0xd3, 0x56, 0x5b,
    0x60, 0x1f, 0x19, 0x82, 0x16, 0x97, 0x83, 0x5f, 0x52, 0x81, 0x5f, 0x20, 0x98, 0x5f, 0x5b, 0x81,
    0x81, 0x10, 0x61, 0x08, 0x69, 0x57, 0x50, 0x91, 0x5f, 0x51, 0x60, 0x20, 0x61, 0x11, 0x8d, 0x5f,
    0x39, 0x5f, 0x51, 0x90, 0x5f, 0x52, 0x97, 0x98, 0x99, 0x91, 0x84, 0x60, 0x01, 0x95, 0x94, 0x10,
    0x61, 0x08, 0x51, 0x57, 0x5b, 0x50, 0x50, 0x50, 0x81, 0x1b, 0x01, 0x90, 0x55, 0x61, 0x07, 0xe7,
    0x56, 0x5b, 0x01, 0x51, 0x5f, 0x19, 0x60, 0xf8, 0x84, 0x60, 0x03, 0x1b, 0x16, 0x1c, 0x19, 0x16,
    0x90, 0x55, 0x88, 0x80, 0x80, 0x61, 0x08, 0x44, 0x56, 0x5b, 0x83, 0x83, 0x01, 0x51, 0x8b, 0x55,
    0x60, 0x01, 0x90, 0x9a, 0x01, 0x99, 0x60, 0x20, 0x93, 0x84, 0x01, 0x93, 0x01, 0x61, 0x08, 0x1e,
    0x56, 0x5b, 0x82, 0x5f, 0x52, 0x60, 0x20, 0x5f, 0x20, 0x60, 0x1f, 0x83, 0x01, 0x60, 0x05, 0x1c,
    0x81, 0x01, 0x91, 0x60, 0x20, 0x84, 0x10, 0x61, 0x08, 0xbc, 0x57, 0x5b, 0x60, 0x1f, 0x01, 0x60,
    0x05, 0x1c, 0x01, 0x90, 0x5b, 0x81, 0x81, 0x10, 0x61, 0x08, 0xb1, 0x57, 0x50, 0x61, 0x07, 0xab,
    0x56, 0x5b, 0x5f, 0x81, 0x55, 0x60, 0x01, 0x01, 0x61, 0x08, 0xa4, 0x56, 0x5b, 0x90, 0x91, 0x50,
    0x81, 0x90, 0x61, 0x08, 0x9b, 0x56, 0x5b, 0x63, 0x4e, 0x48, 0x7b, 0x71, 0x60, 0xe0, 0x1b, 0x5f,
    0x52, 0x60, 0x41, 0x60, 0x04, 0x52, 0x60, 0x24, 0x5f, 0xfd, 0x5b, 0x61, 0x08, 0xe9, 0x91, 0x50,
    0x83, 0x85, 0x84, 0x88, 0x8a, 0x61, 0x0f, 0x83, 0x56, 0x5b, 0x86, 0x61, 0x06, 0xf7, 0x56, 0x5b,
    0x60, 0x04, 0x35, 0x90, 0x63, 0xff, 0xff, 0xff, 0xff, 0x82, 0x16, 0x82, 0x03, 0x61, 0x01, 0xe2,
    0x57, 0x56, 0x5b, 0x91, 0x81, 0x60, 0x1f, 0x84, 0x01, 0x12, 0x15, 0x61, 0x01, 0xe2, 0x57, 0x82,
    0x35, 0x91, 0x60, 0x01, 0x60, 0x01, 0x60, 0x40, 0x1b, 0x03, 0x83, 0x11, 0x61, 0x01, 0xe2, 0x57,
    0x60, 0x20, 0x80, 0x85, 0x01, 0x94, 0x84, 0x60, 0x05, 0x1b, 0x01, 0x01, 0x11, 0x61, 0x01, 0xe2,
    0x57, 0x56, 0x5b, 0x60, 0x60, 0x90, 0x60, 0x03, 0x19, 0x01, 0x12, 0x61, 0x01, 0xe2, 0x57, 0x60,
    0x04, 0x35, 0x63, 0xff, 0xff, 0xff, 0xff, 0x81, 0x16, 0x81, 0x03, 0x61, 0x01, 0xe2, 0x57, 0x90,
    0x60, 0x24, 0x35, 0x90, 0x60, 0x44, 0x35, 0x60, 0x01, 0x60, 0x01, 0x60, 0x80, 0x1b, 0x03, 0x81,
    0x16, 0x81, 0x03, 0x61, 0x01, 0xe2, 0x57, 0x90, 0x56, 0x5b, 0x80, 0x51, 0x80, 0x83, 0x52, 0x60,
    0x20, 0x92, 0x91, 0x81, 0x90, 0x84, 0x01, 0x84, 0x84, 0x01, 0x5e, 0x5f, 0x82, 0x82, 0x01, 0x84,
    0x01, 0x52, 0x60, 0x1f, 0x01, 0x60, 0x1f, 0x19, 0x16, 0x01, 0x01, 0x90, 0x56, 0x5b, 0x60, 0x60,
    0x81, 0x01, 0x90, 0x81, 0x10, 0x60, 0x01, 0x60, 0x01, 0x60, 0x40, 0x1b, 0x03, 0x82, 0x11, 0x17,
    0x61, 0x08, 0xc6, 0x57, 0x60, 0x40, 0x52, 0x56, 0x5b, 0x90, 0x60, 0x1f, 0x80, 0x19, 0x91, 0x01,
    0x16, 0x81, 0x01, 0x90, 0x81, 0x10, 0x60, 0x01, 0x60, 0x01, 0x60, 0x40, 0x1b, 0x03, 0x82, 0x11,
    0x17, 0x61, 0x08, 0xc6, 0x57, 0x60, 0x40, 0x52, 0x56, 0x5b, 0x60, 0x01, 0x60, 0x01, 0x60, 0x40,
    0x1b, 0x03, 0x81, 0x11, 0x61, 0x08, 0xc6, 0x57, 0x60, 0x1f, 0x01, 0x60, 0x1f, 0x19, 0x16, 0x60,
    0x20, 0x01, 0x90, 0x56, 0x5b, 0x92, 0x91, 0x92, 0x61, 0x09, 0xf0, 0x82, 0x61, 0x09, 0xc9, 0x56,
    0x5b, 0x91, 0x61, 0x09, 0xfe, 0x60, 0x40, 0x51, 0x93, 0x84, 0x61, 0x09, 0xa8, 0x56, 0x5b, 0x82,
    0x94, 0x81, 0x84, 0x52, 0x81, 0x83, 0x01, 0x11, 0x61, 0x01, 0xe2, 0x57, 0x82, 0x81, 0x60, 0x20,
    0x93, 0x84, 0x5f, 0x96, 0x01, 0x37, 0x01, 0x01, 0x52, 0x56, 0x5b, 0x90, 0x60, 0x01, 0x82, 0x81,
    0x1c, 0x92, 0x16, 0x80, 0x15, 0x61, 0x0a, 0x48, 0x57, 0x5b, 0x60, 0x20, 0x83, 0x10, 0x14, 0x61,
    0x0a, 0x34, 0x57, 0x56, 0x5b, 0x63, 0x4e, 0x48, 0x7b, 0x71, 0x60, 0xe0, 0x1b, 0x5f, 0x52, 0x60,
    0x22, 0x60, 0x04, 0x52, 0x60, 0x24, 0x5f, 0xfd, 0x5b, 0x91, 0x60, 0x7f, 0x16, 0x91, 0x61, 0x0a,
    0x29, 0x56, 0x5b, 0x63, 0xff, 0xff, 0xff, 0xff, 0x16, 0x90, 0x81, 0x5f, 0x52, 0x60, 0x03, 0x60,
    0x20, 0x52, 0x60, 0x40, 0x5f, 0x20, 0x90, 0x5f, 0x52, 0x60, 0x20, 0x52, 0x60, 0x01, 0x80, 0x60,
    0xa0, 0x1b, 0x03, 0x60, 0x40, 0x5f, 0x20, 0x54, 0x16, 0x80, 0x61, 0x0a, 0x98, 0x57, 0x50, 0x5f,
    0x90, 0x81, 0x52, 0x60, 0x02, 0x60, 0x20, 0x52, 0x60, 0x40, 0x90, 0x20, 0x54, 0x60, 0x01, 0x60,
    0x01, 0x60, 0xa0, 0x1b, 0x03, 0x16, 0x90, 0x56, 0x5b, 0x90, 0x50, 0x90, 0x56, 0x5b, 0x91, 0x90,
    0x81, 0x10, 0x15, 0x61, 0x0a, 0xad, 0x57, 0x60, 0x05, 0x1b, 0x01, 0x90, 0x56, 0x5b, 0x63, 0x4e,
    0x48, 0x7b, 0x71, 0x60, 0xe0, 0x1b, 0x5f, 0x52, 0x60, 0x32, 0x60, 0x04, 0x52, 0x60, 0x24, 0x5f,
    0xfd, 0x5b, 0x35, 0x60, 0x01, 0x60, 0x01, 0x60, 0xa0, 0x1b, 0x03, 0x81, 0x16, 0x81, 0x03, 0x61,
    0x01, 0xe2, 0x57, 0x90, 0x56, 0x5b, 0x35, 0x63, 0xff, 0xff, 0xff, 0xff, 0x81, 0x16, 0x81, 0x03,
    0x61, 0x01, 0xe2, 0x57, 0x90, 0x56, 0x5b, 0x96, 0x93, 0x94, 0x91, 0x97, 0x98, 0x95, 0x92, 0x90,
    0x60, 0x80, 0x52, 0x61, 0x0a, 0xfa, 0x61, 0x0e, 0x58, 0x56, 0x5b, 0x80, 0x15, 0x61, 0x0e, 0x4d,
    0x57, 0x81, 0x81, 0x14, 0x80, 0x15, 0x90, 0x61, 0x0e, 0x43, 0x57, 0x5b, 0x80, 0x15, 0x61, 0x0e,
    0x39, 0x57, 0x5b, 0x61, 0x0e, 0x10, 0x57, 0x5f, 0x5b, 0x81, 0x81, 0x10, 0x61, 0x0b, 0x2b, 0x57,
    0x50, 0x50, 0x50, 0x50, 0x50, 0x50, 0x50, 0x50, 0x50, 0x50, 0x56, 0x5b, 0x61, 0x0b, 0x36, 0x81,
    0x83, 0x8b, 0x61, 0x0a, 0x9d, 0x56, 0x5b, 0x35, 0x90, 0x60, 0x01, 0x60, 0x01, 0x60, 0x80, 0x1b,
    0x03, 0x82, 0x16, 0x82, 0x03, 0x61, 0x01, 0xe2, 0x57, 0x61, 0x0b, 0x53, 0x81, 0x85, 0x89, 0x61,
    0x0a, 0x9d, 0x56, 0x5b, 0x35, 0x86, 0x82, 0x10, 0x15, 0x61, 0x0a, 0xad, 0x57, 0x81, 0x60, 0x05,
    0x1b, 0x86, 0x01, 0x35, 0x60, 0x1e, 0x19, 0x87, 0x36, 0x03, 0x01, 0x81, 0x12, 0x15, 0x61, 0x01,
    0xe2, 0x57, 0x86, 0x01, 0x60, 0x01, 0x60, 0x01, 0x60, 0x40, 0x1b, 0x03, 0x81, 0x35, 0x11, 0x61,
    0x01, 0xe2, 0x57, 0x60, 0x20, 0x81, 0x01, 0x91, 0x81, 0x35, 0x36, 0x03, 0x83, 0x13, 0x61, 0x01,
    0xe2, 0x57, 0x8b, 0x61, 0x0b, 0xad, 0x8f, 0x61, 0x0b, 0xa2, 0x87, 0x8f, 0x8a, 0x93, 0x61, 0x0a,
    0x9d, 0x56, 0x5b, 0x35, 0x92, 0x60, 0x80, 0x51, 0x90, 0x61, 0x0e, 0xde, 0x56, 0x5b, 0x60, 0x01,
    0x90, 0x80, 0x61, 0x0d, 0xf6, 0x57, 0x5b, 0x50, 0x61, 0x0b, 0xc9, 0x57, 0x5b, 0x50, 0x50, 0x50,
    0x60, 0x01, 0x91, 0x50, 0x01, 0x61, 0x0b, 0x18, 0x56, 0x5b, 0x61, 0x0b, 0xf6, 0x60, 0x40, 0x51,
    0x93, 0x61, 0x0b, 0xd9, 0x85, 0x61, 0x09, 0x8d, 0x56, 0x5b, 0x60, 0x01, 0x60, 0x01, 0x60, 0x40,
    0x1b, 0x03, 0x42, 0x16, 0x85, 0x52, 0x60, 0x20, 0x85, 0x01, 0x92, 0x83, 0x52, 0x36, 0x90, 0x84,
    0x35, 0x90, 0x61, 0x09, 0xe4, 0x56, 0x5b, 0x90, 0x60, 0x40, 0x84, 0x01, 0x91, 0x82, 0x52, 0x63,
    0xff, 0xff, 0xff, 0xff, 0x8d, 0x16, 0x5f, 0x52, 0x5f, 0x60, 0x20, 0x52, 0x60, 0x40, 0x5f, 0x20,
    0x60, 0x80, 0x51, 0x5f, 0x52, 0x60, 0x20, 0x52, 0x60, 0x40, 0x5f, 0x20, 0x60, 0x01, 0x60, 0x01,
    0x60, 0x80, 0x1b, 0x03, 0x87, 0x16, 0x5f, 0x52, 0x60, 0x20, 0x52, 0x60, 0x01, 0x60, 0x01, 0x60,
    0x40, 0x1b, 0x03, 0x60, 0x40, 0x5f, 0x20, 0x94, 0x51, 0x16, 0x60, 0x01, 0x60, 0x01, 0x60, 0x40,
    0x1b, 0x03, 0x19, 0x85, 0x54, 0x16, 0x17, 0x84, 0x55, 0x51, 0x60, 0x01, 0x84, 0x01, 0x55, 0x51,
    0x91, 0x82, 0x51, 0x60, 0x01, 0x60, 0x01, 0x60, 0x40, 0x1b, 0x03, 0x81, 0x11, 0x61, 0x08, 0xc6,
    0x57, 0x8c, 0x93, 0x61, 0x0c, 0x6f, 0x60, 0x02, 0x84, 0x01, 0x54, 0x61, 0x0a, 0x1a, 0x56, 0x5b,
    0x60, 0x1f, 0x81, 0x11, 0x61, 0x0d, 0x93, 0x57, 0x5b, 0x50, 0x60, 0x20, 0x90, 0x60, 0x1f, 0x83,
    0x11, 0x60, 0x01, 0x14, 0x61, 0x0c, 0xff, 0x57, 0x92, 0x60, 0x02, 0x83, 0x61, 0x0c, 0xe9, 0x94,
    0x60, 0x01, 0x9a, 0x94, 0x5f, 0x51, 0x60, 0x20, 0x61, 0x11, 0x8d, 0x5f, 0x39, 0x5f, 0x51, 0x90,
    0x5f, 0x52, 0x97, 0x5f, 0x92, 0x61, 0x0c, 0xf4, 0x57, 0x5b, 0x50, 0x50, 0x5f, 0x19, 0x60, 0x03,
    0x83, 0x90, 0x1b, 0x1c, 0x19, 0x16, 0x90, 0x8a, 0x1b, 0x17, 0x91, 0x01, 0x55, 0x5b, 0x60, 0x40,
    0x80, 0x51, 0x60, 0x80, 0x51, 0x60, 0x01, 0x60, 0x01, 0x60, 0x80, 0x1b, 0x03, 0x90, 0x93, 0x16,
    0x81, 0x52, 0x94, 0x35, 0x60, 0x20, 0x86, 0x01, 0x52, 0x90, 0x94, 0x63, 0xff, 0xff, 0xff, 0xff,
    0x16, 0x93, 0x91, 0x82, 0x91, 0x82, 0x01, 0x90, 0x56, 0x5b, 0x03, 0x90, 0xa3, 0x5f, 0x80, 0x80,
    0x61, 0x0b, 0xbc, 0x56, 0x5b, 0x01, 0x51, 0x90, 0x50, 0x5f, 0x80, 0x61, 0x0c, 0xa9, 0x56, 0x5b,
    0x96, 0x92, 0x91, 0x90, 0x60, 0x02, 0x83, 0x01, 0x5f, 0x52, 0x80, 0x5f, 0x20, 0x97, 0x5f, 0x5b,
    0x60, 0x1f, 0x19, 0x84, 0x16, 0x81, 0x10, 0x61, 0x0d, 0x69, 0x57, 0x50, 0x60, 0x01, 0x83, 0x81,
    0x9a, 0x61, 0x0c, 0xe9, 0x96, 0x94, 0x60, 0x02, 0x94, 0x5f, 0x51, 0x60, 0x20, 0x61, 0x11, 0x8d,
    0x5f, 0x39, 0x5f, 0x51, 0x90, 0x5f, 0x52, 0x99, 0x97, 0x60, 0x1f, 0x19, 0x81, 0x16, 0x10, 0x61,
    0x0d, 0x51, 0x57, 0x5b, 0x50, 0x50, 0x50, 0x81, 0x1b, 0x01, 0x91, 0x01, 0x55, 0x61, 0x0c, 0xbd,
    0x56, 0x5b, 0x01, 0x51, 0x5f, 0x19, 0x60, 0xf8, 0x84, 0x60, 0x03, 0x1b, 0x16, 0x1c, 0x19, 0x16,
    0x90, 0x55, 0x5f, 0x80, 0x80, 0x61, 0x0d, 0x43, 0x56, 0x5b, 0x92, 0x94, 0x96, 0x50, 0x90, 0x92,
    0x94, 0x96, 0x97, 0x60, 0x20, 0x60, 0x01, 0x81, 0x92, 0x86, 0x85, 0x01, 0x51, 0x81, 0x55, 0x01,
    0x94, 0x01, 0x92, 0x01, 0x90, 0x8f, 0x96, 0x94, 0x92, 0x91, 0x98, 0x97, 0x95, 0x93, 0x98, 0x61,
    0x0d, 0x0f, 0x56, 0x5b, 0x90, 0x91, 0x92, 0x93, 0x94, 0x50, 0x60, 0x02, 0x84, 0x01, 0x5f, 0x52,
    0x60, 0x20, 0x5f, 0x20, 0x60, 0x1f, 0x84, 0x01, 0x60, 0x05, 0x1c, 0x81, 0x01, 0x60, 0x20, 0x85,
    0x10, 0x61, 0x0d, 0xef, 0x57, 0x5b, 0x90, 0x8f, 0x96, 0x95, 0x94, 0x93, 0x92, 0x91, 0x5b, 0x60,
    0x1f, 0x83, 0x01, 0x60, 0x05, 0x1c, 0x82, 0x01, 0x81, 0x10, 0x61, 0x0d, 0xd4, 0x57, 0x50, 0x50,
    0x61, 0x0c, 0x78, 0x56, 0x5b, 0x60, 0x01, 0x91, 0x92, 0x93, 0x94, 0x95, 0x96, 0x97, 0x50, 0x5f,
    0x81, 0x55, 0x01, 0x90, 0x8f, 0x96, 0x95, 0x94, 0x93, 0x92, 0x91, 0x61, 0x0d, 0xbe, 0x56, 0x5b,
    0x50, 0x80, 0x61, 0x0d, 0xb5, 0x56, 0x5b, 0x61, 0x0e, 0x0a, 0x91, 0x50, 0x8d, 0x85, 0x88, 0x86,
    0x35, 0x92, 0x60, 0x80, 0x51, 0x90, 0x61, 0x0f, 0x83, 0x56, 0x5b, 0x5f, 0x61, 0x0b, 0xb6, 0x56,
    0x5b, 0x85, 0x84, 0x60, 0x84, 0x93, 0x60, 0x40, 0x51, 0x93, 0x63, 0xd4, 0x16, 0x3a, 0xb3, 0x60,
    0xe0, 0x1b, 0x85, 0x52, 0x60, 0x04, 0x85, 0x01, 0x52, 0x60, 0x24, 0x84, 0x01, 0x52, 0x60, 0x44,
    0x83, 0x01, 0x52, 0x60, 0x64, 0x82, 0x01, 0x52, 0xfd, 0x5b, 0x50, 0x85, 0x81, 0x14, 0x15, 0x61,
    0x0b, 0x12, 0x56, 0x5b, 0x50, 0x83, 0x81, 0x14, 0x15, 0x61, 0x0b, 0x0b, 0x56, 0x5b, 0x50, 0x50,
    0x50, 0x50, 0x50, 0x50, 0x50, 0x50, 0x50, 0x56, 0x5b, 0x64, 0x01, 0x62, 0x5f, 0x00, 0x00, 0x33,
    0x03, 0x61, 0x0e, 0x66, 0x57, 0x56, 0x5b, 0x63, 0x02, 0x72, 0xd0, 0x29, 0x60, 0xe6, 0x1b, 0x5f,
    0x52, 0x33, 0x60, 0x04, 0x52, 0x64, 0x01, 0x62, 0x5f, 0x00, 0x00, 0x60, 0x24, 0x52, 0x60, 0x44,
    0x5f, 0xfd, 0x5b, 0x64, 0x01, 0x62, 0x5f, 0x30, 0x00, 0x33, 0x03, 0x61, 0x0e, 0x90, 0x57, 0x56,
    0x5b, 0x63, 0x02, 0x72, 0xd0, 0x29, 0x60, 0xe6, 0x1b, 0x5f, 0x52, 0x33, 0x60, 0x04, 0x52, 0x64,
    0x01, 0x62, 0x5f, 0x30, 0x00, 0x60, 0x24, 0x52, 0x60, 0x44, 0x5f, 0xfd, 0x5b, 0x60, 0x01, 0x60,
    0x01, 0x60, 0x80, 0x1b, 0x03, 0x60, 0x01, 0x91, 0x16, 0x01, 0x90, 0x60, 0x01, 0x60, 0x01, 0x60,
    0x80, 0x1b, 0x03, 0x82, 0x11, 0x61, 0x0e, 0xca, 0x57, 0x56, 0x5b, 0x63, 0x4e, 0x48, 0x7b, 0x71,
    0x60, 0xe0, 0x1b, 0x5f, 0x52, 0x60, 0x11, 0x60, 0x04, 0x52, 0x60, 0x24, 0x5f, 0xfd, 0x5b, 0x63,
    0xff, 0xff, 0xff, 0xff, 0x16, 0x80, 0x5f, 0x52, 0x60, 0x01, 0x60, 0x20, 0x52, 0x60, 0x40, 0x5f,
    0x20, 0x82, 0x5f, 0x52, 0x60, 0x20, 0x52, 0x60, 0x01, 0x60, 0x01, 0x60, 0x80, 0x1b, 0x03, 0x60,
    0x40, 0x5f, 0x20, 0x54, 0x16, 0x60, 0x01, 0x60, 0x01, 0x60, 0x80, 0x1b, 0x03, 0x80, 0x61, 0x0f,
    0x16, 0x83, 0x61, 0x0e, 0xac, 0x56, 0x5b, 0x16, 0x94, 0x16, 0x93, 0x84, 0x03, 0x61, 0x0f, 0x48,
    0x57, 0x50, 0x5f, 0x52, 0x60, 0x01, 0x60, 0x20, 0x52, 0x60, 0x40, 0x5f, 0x20, 0x90, 0x5f, 0x52,
    0x60, 0x20, 0x52, 0x60, 0x40, 0x5f, 0x20, 0x90, 0x60, 0x01, 0x60, 0x01, 0x60, 0x80, 0x1b, 0x03,
    0x19, 0x82, 0x54, 0x16, 0x17, 0x90, 0x55, 0x56, 0x5b, 0x60, 0x01, 0x60, 0x01, 0x60, 0x80, 0x1b,
    0x03, 0x60, 0x84, 0x93, 0x61, 0x0f, 0x5d, 0x86, 0x93, 0x61, 0x0e, 0xac, 0x56, 0x5b, 0x90, 0x60,
    0x40, 0x51, 0x94, 0x63, 0x32, 0xe4, 0x29, 0xcd, 0x60, 0xe0, 0x1b, 0x86, 0x52, 0x60, 0x04, 0x86,
    0x01, 0x52, 0x60, 0x24, 0x85, 0x01, 0x52, 0x16, 0x60, 0x44, 0x83, 0x01, 0x52, 0x60, 0x64, 0x82,
    0x01, 0x52, 0xfd, 0x5b, 0x92, 0x90, 0x93, 0x94, 0x91, 0x61, 0x0f, 0x92, 0x85, 0x85, 0x61, 0x0a,
    0x52, 0x56, 0x5b, 0x60, 0x01, 0x60, 0x01, 0x60, 0xa0, 0x1b, 0x03, 0x81, 0x16, 0x93, 0x84, 0x15,
    0x61, 0x11, 0x7f, 0x57, 0x63, 0xff, 0xff, 0xff, 0xff, 0x60, 0x20, 0x91, 0x88, 0x97, 0x5f, 0x88,
    0x60, 0xa4, 0x60, 0x40, 0x51, 0x80, 0x9e, 0x81, 0x97, 0x82, 0x96, 0x63, 0x7d, 0x59, 0x95, 0x93,
    0x60, 0xe1, 0x1b, 0x84, 0x52, 0x16, 0x9d, 0x8e, 0x60, 0x04, 0x84, 0x01, 0x52, 0x60, 0x24, 0x83,
    0x01, 0x52, 0x80, 0x60, 0x01, 0x60, 0x01, 0x60, 0x80, 0x1b, 0x03, 0x8c, 0x16, 0x9c, 0x8d, 0x60,
    0x44, 0x85, 0x01, 0x52, 0x60, 0x80, 0x60, 0x64, 0x85, 0x01, 0x52, 0x81, 0x60, 0x84, 0x85, 0x01,
    0x52, 0x84, 0x84, 0x01, 0x37, 0x81, 0x81, 0x01, 0x83, 0x01, 0x85, 0x90, 0x52, 0x60, 0x1f, 0x01,
    0x60, 0x1f, 0x19, 0x16, 0x81, 0x01, 0x03, 0x01, 0x93, 0xf1, 0x5f, 0x97, 0x81, 0x61, 0x11, 0x42,
    0x57, 0x5b, 0x50, 0x61, 0x10, 0x99, 0x57, 0x50, 0x50, 0x7f, 0x87, 0xbf, 0x04, 0x49, 0x2b, 0x6c,
    0x9a, 0x59, 0x6c, 0xe5, 0x93, 0xad, 0xb0, 0xc3, 0x38, 0x5d, 0xb6, 0x67, 0xd8, 0xaf, 0xcf, 0xd0,
    0xd7, 0xce, 0x7b, 0x2a, 0x31, 0x17, 0x82, 0x35, 0xd5, 0x79, 0x92, 0x93, 0x94, 0x50, 0x3d, 0x5f,
    0x14, 0x61, 0x10, 0x8f, 0x57, 0x61, 0x10, 0x87, 0x3d, 0x61, 0x10, 0x51, 0x81, 0x61, 0x09, 0xc9,
    0x56, 0x5b, 0x90, 0x61, 0x10, 0x5f, 0x60, 0x40, 0x51, 0x92, 0x83, 0x61, 0x09, 0xa8, 0x56, 0x5b,
    0x81, 0x52, 0x3d, 0x5f, 0x60, 0x20, 0x83, 0x01, 0x3e, 0x5b, 0x60, 0x40, 0x51, 0x93, 0x84, 0x93,
    0x84, 0x52, 0x60, 0x20, 0x84, 0x01, 0x52, 0x60, 0x60, 0x60, 0x40, 0x84, 0x01, 0x52, 0x60, 0x60,
    0x83, 0x01, 0x90, 0x61, 0x09, 0x69, 0x56, 0x5b, 0x03, 0x90, 0xa3, 0x60, 0x01, 0x90, 0x56, 0x5b,
    0x61, 0x10, 0x87, 0x60, 0x60, 0x61, 0x10, 0x69, 0x56, 0x5b, 0x60, 0x40, 0x80, 0x51, 0x60, 0x01,
    0x60, 0x01, 0x60, 0x80, 0x1b, 0x03, 0x84, 0x16, 0x81, 0x52, 0x60, 0x01, 0x60, 0x01, 0x60, 0xa0,
    0x1b, 0x03, 0x83, 0x16, 0x60, 0x20, 0x82, 0x01, 0x52, 0x92, 0x94, 0x50, 0x90, 0x92, 0x50, 0x85,
    0x91, 0x85, 0x91, 0x7f, 0x8a, 0xbf, 0xad, 0x87, 0xb4, 0x9e, 0xda, 0xd3, 0xc3, 0x57, 0x6a, 0x30,
    0xc1, 0x6d, 0xfd, 0x69, 0x7e, 0x67, 0x98, 0x92, 0x63, 0x57, 0x3e, 0x58, 0x41, 0xbc, 0x11, 0x2f,
    0xf7, 0xa5, 0xad, 0xfe, 0x91, 0xa3, 0x84, 0x15, 0x61, 0x10, 0xf3, 0x57, 0x5b, 0x50, 0x50, 0x50,
    0x50, 0x90, 0x56, 0x5b, 0x60, 0x40, 0x80, 0x51, 0x60, 0x01, 0x60, 0x01, 0x60, 0x80, 0x1b, 0x03,
    0x93, 0x90, 0x93, 0x16, 0x83, 0x52, 0x60, 0x01, 0x60, 0x01, 0x60, 0xa0, 0x1b, 0x03, 0x91, 0x90,
    0x91, 0x16, 0x60, 0x20, 0x83, 0x01, 0x52, 0x7f, 0xe4, 0x71, 0x10, 0xba, 0x14, 0x48, 0x93, 0xe9,
    0x77, 0x10, 0x81, 0x01, 0xbe, 0x7b, 0x8a, 0x46, 0x8a, 0x86, 0x64, 0x18, 0x27, 0x53, 0x0c, 0x30,
    0x17, 0xfa, 0xec, 0x03, 0x59, 0x55, 0xb4, 0x1b, 0x91, 0xa3, 0x5f, 0x80, 0x80, 0x80, 0x61, 0x10,
    0xec, 0x56, 0x5b, 0x90, 0x97, 0x50, 0x60, 0x20, 0x81, 0x3d, 0x60, 0x20, 0x11, 0x61, 0x11, 0x77,
    0x57, 0x5b, 0x81, 0x61, 0x11, 0x5e, 0x60, 0x20, 0x93, 0x83, 0x61, 0x09, 0xa8, 0x56, 0x5b, 0x81,
    0x01, 0x03, 0x12, 0x61, 0x01, 0xe2, 0x57, 0x51, 0x80, 0x15, 0x15, 0x81, 0x03, 0x61, 0x01, 0xe2,
    0x57, 0x96, 0x5f, 0x61, 0x10, 0x11, 0x56, 0x5b, 0x3d, 0x91, 0x50, 0x61, 0x11, 0x51, 0x56, 0x5b,
    0x50, 0x50, 0x50, 0x50, 0x50, 0x50, 0x50, 0x50, 0x60, 0x01, 0x90, 0x56, 0xfe, 0x4a, 0xd1, 0x97,
    0x02, 0x76, 0x06, 0x07, 0x53, 0x7c, 0x43, 0xd0, 0x88, 0x7d, 0xe2, 0xe9, 0xec, 0x45, 0x91, 0x0c,
    0x3b, 0x3b, 0x2b, 0xbe, 0xe4, 0x1f, 0x61, 0x26, 0x69, 0x54, 0x01, 0x0f, 0x15, 0xa2, 0x64, 0x69,
    0x70, 0x66, 0x73, 0x58, 0x22, 0x12, 0x20, 0xb5, 0xd6, 0x8d, 0x18, 0xd9, 0xb0, 0xbe, 0x51, 0x0e,
    0x4b, 0x36, 0xa1, 0x45, 0x36, 0x62, 0xb3, 0x80, 0xbd, 0x9a, 0xd9, 0x0c, 0x36, 0x3e, 0x9c, 0xb0,
    0x8b, 0x11, 0xf0, 0x2d, 0xf4, 0x75, 0x37, 0x64, 0x73, 0x6f, 0x6c, 0x63, 0x43, 0x00, 0x08, 0x1e,
    0x00, 0x33,
];
/// `NativeOracle` system address
pub const NATIVE_ORACLE_ADDRESS: Address = address!("00000000000000000000000000000001625F4000");

/// `OracleRequestQueue` runtime bytecode (from current HEAD)
pub const ORACLE_REQUEST_QUEUE_BYTECODE: &[u8] = &[
    0x60, 0x80, 0x60, 0x40, 0x52, 0x60, 0x04, 0x36, 0x10, 0x15, 0x61, 0x00, 0x11, 0x57, 0x5f, 0x80,
    0xfd, 0x5b, 0x5f, 0x35, 0x60, 0xe0, 0x1c, 0x80, 0x63, 0x26, 0x39, 0xf4, 0x81, 0x14, 0x61, 0x0b,
    0x6e, 0x57, 0x80, 0x63, 0x26, 0xab, 0xe4, 0x43, 0x14, 0x61, 0x0b, 0x46, 0x57, 0x80, 0x63, 0x27,
    0x8e, 0xcd, 0xe1, 0x14, 0x61, 0x0a, 0x18, 0x57, 0x80, 0x63, 0x61, 0xd0, 0x27, 0xb3, 0x14, 0x61,
    0x09, 0xf0, 0x57, 0x80, 0x63, 0x6a, 0x84, 0xa9, 0x85, 0x14, 0x61, 0x09, 0xd3, 0x57, 0x80, 0x63,
    0x83, 0x1d, 0x7a, 0xa2, 0x14, 0x61, 0x09, 0x95, 0x57, 0x80, 0x63, 0xa5, 0x41, 0xb3, 0x7d, 0x14,
    0x61, 0x09, 0x1f, 0x57, 0x80, 0x63, 0xb7, 0x2f, 0xbf, 0x57, 0x14, 0x61, 0x08, 0x83, 0x57, 0x80,
    0x63, 0xbc, 0xda, 0x2a, 0x76, 0x14, 0x61, 0x08, 0x4e, 0x57, 0x80, 0x63, 0xc2, 0x66, 0x9b, 0xe2,
    0x14, 0x61, 0x03, 0x7a, 0x57, 0x80, 0x63, 0xc5, 0x83, 0x43, 0xef, 0x14, 0x61, 0x01, 0x5a, 0x57,
    0x80, 0x63, 0xd9, 0x54, 0x8e, 0x53, 0x14, 0x61, 0x01, 0x32, 0x57, 0x63, 0xf0, 0xf4, 0x42, 0x60,
    0x14, 0x61, 0x00, 0xa8, 0x57, 0x5f, 0x80, 0xfd, 0x5b, 0x34, 0x61, 0x01, 0x2e, 0x57, 0x60, 0x20,
    0x36, 0x60, 0x03, 0x19, 0x01, 0x12, 0x61, 0x01, 0x2e, 0x57, 0x60, 0x04, 0x35, 0x60, 0x01, 0x60,
    0x01, 0x60, 0xa0, 0x1b, 0x03, 0x81, 0x16, 0x90, 0x81, 0x90, 0x03, 0x61, 0x01, 0x2e, 0x57, 0x61,
    0x00, 0xd6, 0x61, 0x0d, 0x62, 0x56, 0x5b, 0x80, 0x15, 0x61, 0x01, 0x1f, 0x57, 0x60, 0x04, 0x80,
    0x54, 0x60, 0x01, 0x60, 0x01, 0x60, 0xa0, 0x1b, 0x03, 0x19, 0x81, 0x16, 0x83, 0x17, 0x90, 0x91,
    0x55, 0x60, 0x01, 0x60, 0x01, 0x60, 0xa0, 0x1b, 0x03, 0x16, 0x7f, 0x4a, 0xb5, 0xbe, 0x82, 0x43,
    0x6d, 0x35, 0x3e, 0x61, 0xca, 0x18, 0x72, 0x6e, 0x98, 0x4e, 0x56, 0x1f, 0x5c, 0x1c, 0xc7, 0xc6,
    0xd3, 0x8b, 0x29, 0xd2, 0x55, 0x3c, 0x79, 0x04, 0x34, 0x70, 0x5a, 0x5f, 0x80, 0xa3, 0x00, 0x5b,
    0x63, 0xd9, 0x2e, 0x23, 0x3d, 0x60, 0xe0, 0x1b, 0x5f, 0x52, 0x60, 0x04, 0x5f, 0xfd, 0x5b, 0x5f,
    0x80, 0xfd, 0x5b, 0x34, 0x61, 0x01, 0x2e, 0x57, 0x60, 0x20, 0x36, 0x60, 0x03, 0x19, 0x01, 0x12,
    0x61, 0x01, 0x2e, 0x57, 0x60, 0x20, 0x61, 0x01, 0x50, 0x60, 0x04, 0x35, 0x61, 0x0d, 0x27, 0x56,
    0x5b, 0x60, 0x40, 0x51, 0x90, 0x15, 0x15, 0x81, 0x52, 0xf3, 0x5b, 0x34, 0x61, 0x01, 0x2e, 0x57,
    0x60, 0x20, 0x36, 0x60, 0x03, 0x19, 0x01, 0x12, 0x61, 0x01, 0x2e, 0x57, 0x5f, 0x61, 0x01, 0x00,
    0x60, 0x40, 0x51, 0x61, 0x01, 0x7b, 0x81, 0x61, 0x0c, 0x68, 0x56, 0x5b, 0x82, 0x81, 0x52, 0x82,
    0x60, 0x20, 0x82, 0x01, 0x52, 0x82, 0x60, 0x40, 0x82, 0x01, 0x52, 0x60, 0x60, 0x80, 0x82, 0x01,
    0x52, 0x82, 0x60, 0x80, 0x82, 0x01, 0x52, 0x82, 0x60, 0xa0, 0x82, 0x01, 0x52, 0x82, 0x60, 0xc0,
    0x82, 0x01, 0x52, 0x82, 0x60, 0xe0, 0x82, 0x01, 0x52, 0x01, 0x52, 0x60, 0x04, 0x35, 0x5f, 0x52,
    0x5f, 0x60, 0x20, 0x52, 0x60, 0x40, 0x5f, 0x20, 0x60, 0x40, 0x51, 0x90, 0x61, 0x01, 0xc4, 0x82,
    0x61, 0x0c, 0x68, 0x56, 0x5b, 0x63, 0xff, 0xff, 0xff, 0xff, 0x81, 0x54, 0x16, 0x82, 0x52, 0x81,
    0x60, 0x01, 0x82, 0x01, 0x54, 0x60, 0x20, 0x82, 0x01, 0x90, 0x81, 0x52, 0x60, 0x01, 0x80, 0x60,
    0xa0, 0x1b, 0x03, 0x60, 0x02, 0x84, 0x01, 0x54, 0x16, 0x60, 0x40, 0x83, 0x01, 0x90, 0x81, 0x52,
    0x60, 0x03, 0x84, 0x01, 0x93, 0x60, 0x40, 0x51, 0x94, 0x5f, 0x90, 0x80, 0x54, 0x90, 0x61, 0x02,
    0x06, 0x82, 0x61, 0x0c, 0xef, 0x56, 0x5b, 0x80, 0x89, 0x52, 0x91, 0x60, 0x01, 0x81, 0x16, 0x90,
    0x81, 0x15, 0x61, 0x03, 0x4e, 0x57, 0x50, 0x60, 0x01, 0x14, 0x61, 0x03, 0x0a, 0x57, 0x5b, 0x86,
    0x61, 0x01, 0x60, 0x60, 0x20, 0x80, 0x8b, 0x84, 0x60, 0x01, 0x60, 0x01, 0x60, 0x40, 0x1b, 0x03,
    0x8c, 0x81, 0x8d, 0x8d, 0x61, 0x02, 0x3f, 0x87, 0x8f, 0x03, 0x88, 0x61, 0x0c, 0x84, 0x56, 0x5b,
    0x60, 0x60, 0x86, 0x01, 0x96, 0x87, 0x52, 0x60, 0x05, 0x60, 0x04, 0x82, 0x01, 0x54, 0x91, 0x60,
    0x80, 0x88, 0x01, 0x92, 0x83, 0x52, 0x01, 0x54, 0x96, 0x60, 0xa0, 0x87, 0x01, 0x92, 0x84, 0x89,
    0x16, 0x84, 0x52, 0x60, 0xc0, 0x88, 0x01, 0x95, 0x85, 0x8a, 0x60, 0x40, 0x1c, 0x16, 0x87, 0x52,
    0x60, 0xff, 0x61, 0x01, 0x00, 0x60, 0xe0, 0x8b, 0x01, 0x9a, 0x82, 0x8d, 0x60, 0x80, 0x1c, 0x16,
    0x15, 0x15, 0x8c, 0x52, 0x01, 0x9a, 0x60, 0x88, 0x1c, 0x16, 0x15, 0x15, 0x8a, 0x52, 0x63, 0xff,
    0xff, 0xff, 0xff, 0x60, 0x40, 0x51, 0x9e, 0x8f, 0x9d, 0x8e, 0x52, 0x51, 0x16, 0x8b, 0x8d, 0x01,
    0x52, 0x51, 0x60, 0x40, 0x8c, 0x01, 0x52, 0x60, 0x01, 0x80, 0x60, 0xa0, 0x1b, 0x03, 0x90, 0x51,
    0x16, 0x60, 0x60, 0x8b, 0x01, 0x52, 0x51, 0x61, 0x01, 0x20, 0x60, 0x80, 0x8b, 0x01, 0x52, 0x80,
    0x51, 0x98, 0x89, 0x91, 0x82, 0x61, 0x01, 0x40, 0x8d, 0x01, 0x52, 0x01, 0x8b, 0x8b, 0x01, 0x5e,
    0x5f, 0x89, 0x89, 0x01, 0x8b, 0x01, 0x52, 0x51, 0x60, 0xa0, 0x89, 0x01, 0x52, 0x51, 0x16, 0x60,
    0xc0, 0x87, 0x01, 0x52, 0x51, 0x16, 0x60, 0xe0, 0x85, 0x01, 0x52, 0x51, 0x15, 0x15, 0x61, 0x01,
    0x00, 0x84, 0x01, 0x52, 0x51, 0x15, 0x15, 0x61, 0x01, 0x20, 0x83, 0x01, 0x52, 0x60, 0x1f, 0x01,
    0x60, 0x1f, 0x19, 0x16, 0x81, 0x01, 0x03, 0x01, 0x90, 0xf3, 0x5b, 0x5f, 0x90, 0x81, 0x52, 0x60,
    0x20, 0x81, 0x20, 0x90, 0x92, 0x50, 0x5b, 0x81, 0x83, 0x10, 0x61, 0x03, 0x32, 0x57, 0x50, 0x50,
    0x85, 0x01, 0x60, 0x20, 0x01, 0x83, 0x60, 0x01, 0x60, 0x01, 0x60, 0x40, 0x1b, 0x03, 0x61, 0x02,
    0x1e, 0x56, 0x5b, 0x80, 0x54, 0x60, 0x20, 0x84, 0x8a, 0x01, 0x81, 0x01, 0x91, 0x90, 0x91, 0x52,
    0x89, 0x97, 0x50, 0x90, 0x92, 0x01, 0x91, 0x60, 0x01, 0x01, 0x61, 0x03, 0x16, 0x56, 0x5b, 0x60,
    0xff, 0x19, 0x16, 0x60, 0x20, 0x80, 0x8b, 0x01, 0x91, 0x90, 0x91, 0x52, 0x92, 0x15, 0x15, 0x60,
    0x05, 0x1b, 0x89, 0x01, 0x90, 0x92, 0x01, 0x92, 0x50, 0x85, 0x91, 0x50, 0x60, 0x01, 0x60, 0x01,
    0x60, 0x40, 0x1b, 0x03, 0x90, 0x50, 0x61, 0x02, 0x1e, 0x56, 0x5b, 0x60, 0x60, 0x36, 0x60, 0x03,
    0x19, 0x01, 0x12, 0x61, 0x01, 0x2e, 0x57, 0x61, 0x03, 0x8e, 0x61, 0x0c, 0x55, 0x56, 0x5b, 0x60,
    0x44, 0x35, 0x60, 0x24, 0x35, 0x60, 0x01, 0x60, 0x01, 0x60, 0x40, 0x1b, 0x03, 0x82, 0x11, 0x61,
    0x01, 0x2e, 0x57, 0x36, 0x60, 0x23, 0x83, 0x01, 0x12, 0x15, 0x61, 0x01, 0x2e, 0x57, 0x81, 0x60,
    0x04, 0x01, 0x35, 0x92, 0x60, 0x01, 0x60, 0x01, 0x60, 0x40, 0x1b, 0x03, 0x84, 0x11, 0x61, 0x01,
    0x2e, 0x57, 0x60, 0x24, 0x83, 0x01, 0x92, 0x60, 0x24, 0x85, 0x36, 0x92, 0x01, 0x01, 0x11, 0x61,
    0x01, 0x2e, 0x57, 0x63, 0xff, 0xff, 0xff, 0xff, 0x60, 0x20, 0x60, 0x01, 0x80, 0x60, 0xa0, 0x1b,
    0x03, 0x60, 0x05, 0x54, 0x16, 0x92, 0x60, 0x44, 0x60, 0x40, 0x51, 0x80, 0x94, 0x81, 0x93, 0x63,
    0xaf, 0x8b, 0x45, 0x8b, 0x60, 0xe0, 0x1b, 0x83, 0x52, 0x16, 0x95, 0x86, 0x60, 0x04, 0x83, 0x01,
    0x52, 0x87, 0x60, 0x24, 0x83, 0x01, 0x52, 0x5a, 0xfa, 0x90, 0x81, 0x15, 0x61, 0x08, 0x43, 0x57,
    0x5f, 0x91, 0x61, 0x08, 0x08, 0x57, 0x5b, 0x50, 0x15, 0x61, 0x07, 0xf3, 0x57, 0x80, 0x5f, 0x52,
    0x60, 0x02, 0x60, 0x20, 0x52, 0x60, 0x40, 0x5f, 0x20, 0x54, 0x92, 0x83, 0x34, 0x10, 0x61, 0x07,
    0xdc, 0x57, 0x81, 0x5f, 0x52, 0x60, 0x03, 0x60, 0x20, 0x52, 0x60, 0x01, 0x60, 0x01, 0x60, 0x40,
    0x1b, 0x03, 0x60, 0x40, 0x5f, 0x20, 0x54, 0x16, 0x93, 0x84, 0x15, 0x61, 0x07, 0xc9, 0x57, 0x60,
    0x01, 0x60, 0x01, 0x60, 0x40, 0x1b, 0x03, 0x42, 0x16, 0x94, 0x85, 0x01, 0x90, 0x60, 0x01, 0x60,
    0x01, 0x60, 0x40, 0x1b, 0x03, 0x82, 0x11, 0x61, 0x06, 0xdf, 0x57, 0x60, 0x01, 0x54, 0x95, 0x5f,
    0x19, 0x87, 0x14, 0x61, 0x06, 0xdf, 0x57, 0x60, 0x01, 0x87, 0x01, 0x60, 0x01, 0x55, 0x86, 0x60,
    0x40, 0x51, 0x93, 0x61, 0x04, 0x8b, 0x85, 0x61, 0x0c, 0x68, 0x56, 0x5b, 0x86, 0x85, 0x52, 0x60,
    0x20, 0x85, 0x01, 0x90, 0x88, 0x82, 0x52, 0x60, 0x40, 0x86, 0x01, 0x95, 0x33, 0x87, 0x52, 0x8b,
    0x5f, 0x60, 0x20, 0x61, 0x04, 0xab, 0x83, 0x61, 0x0c, 0xa5, 0x56, 0x5b, 0x92, 0x61, 0x04, 0xb9,
    0x60, 0x40, 0x51, 0x94, 0x85, 0x61, 0x0c, 0x84, 0x56, 0x5b, 0x80, 0x84, 0x52, 0x80, 0x8c, 0x83,
    0x86, 0x01, 0x37, 0x83, 0x01, 0x01, 0x52, 0x60, 0x60, 0x82, 0x01, 0x90, 0x81, 0x52, 0x60, 0x80,
    0x82, 0x01, 0x90, 0x87, 0x82, 0x52, 0x60, 0xa0, 0x83, 0x01, 0x96, 0x87, 0x52, 0x60, 0x01, 0x60,
    0x01, 0x60, 0x40, 0x1b, 0x03, 0x60, 0xc0, 0x84, 0x01, 0x94, 0x16, 0x98, 0x89, 0x85, 0x52, 0x60,
    0xe0, 0x84, 0x01, 0x95, 0x5f, 0x87, 0x52, 0x61, 0x01, 0x00, 0x85, 0x01, 0x97, 0x5f, 0x89, 0x52,
    0x5f, 0x52, 0x5f, 0x60, 0x20, 0x52, 0x63, 0xff, 0xff, 0xff, 0xff, 0x60, 0x40, 0x5f, 0x20, 0x95,
    0x51, 0x16, 0x63, 0xff, 0xff, 0xff, 0xff, 0x19, 0x86, 0x54, 0x16, 0x17, 0x85, 0x55, 0x51, 0x60,
    0x01, 0x85, 0x01, 0x55, 0x60, 0x02, 0x84, 0x01, 0x90, 0x60, 0x01, 0x80, 0x60, 0xa0, 0x1b, 0x03,
    0x90, 0x51, 0x16, 0x6b, 0xff, 0xff, 0xff, 0xff, 0xff, 0xff, 0xff, 0xff, 0xff, 0xff, 0xff, 0xff,
    0x60, 0xa0, 0x1b, 0x82, 0x54, 0x16, 0x17, 0x90, 0x55, 0x60, 0x03, 0x83, 0x01, 0x90, 0x51, 0x80,
    0x51, 0x90, 0x60, 0x01, 0x60, 0x01, 0x60, 0x40, 0x1b, 0x03, 0x82, 0x11, 0x61, 0x07, 0xb5, 0x57,
    0x61, 0x05, 0x69, 0x83, 0x54, 0x61, 0x0c, 0xef, 0x56, 0x5b, 0x60, 0x1f, 0x81, 0x11, 0x61, 0x07,
    0x70, 0x57, 0x5b, 0x50, 0x60, 0x20, 0x90, 0x60, 0x1f, 0x83, 0x11, 0x60, 0x01, 0x14, 0x61, 0x06,
    0xfe, 0x57, 0x92, 0x82, 0x60, 0x01, 0x60, 0x01, 0x60, 0x40, 0x1b, 0x03, 0x96, 0x93, 0x87, 0x96,
    0x93, 0x60, 0x05, 0x96, 0x5f, 0x92, 0x61, 0x06, 0xf3, 0x57, 0x5b, 0x50, 0x50, 0x81, 0x60, 0x01,
    0x1b, 0x91, 0x5f, 0x19, 0x90, 0x60, 0x03, 0x1b, 0x1c, 0x19, 0x16, 0x17, 0x90, 0x55, 0x5b, 0x51,
    0x60, 0x04, 0x82, 0x01, 0x55, 0x96, 0x51, 0x96, 0x01, 0x80, 0x54, 0x93, 0x51, 0x94, 0x51, 0x95,
    0x51, 0x60, 0xff, 0x60, 0x88, 0x1b, 0x90, 0x15, 0x15, 0x60, 0x88, 0x1b, 0x16, 0x60, 0xff, 0x60,
    0x80, 0x1b, 0x96, 0x15, 0x15, 0x60, 0x80, 0x1b, 0x96, 0x90, 0x96, 0x16, 0x6f, 0xff, 0xff, 0xff,
    0xff, 0xff, 0xff, 0xff, 0xff, 0x00, 0x00, 0x00, 0x00, 0x00, 0x00, 0x00, 0x00, 0x60, 0x40, 0x96,
    0x90, 0x96, 0x1b, 0x95, 0x90, 0x95, 0x16, 0x71, 0xff, 0xff, 0xff, 0xff, 0xff, 0xff, 0xff, 0xff,
    0xff, 0xff, 0xff, 0xff, 0xff, 0xff, 0xff, 0xff, 0xff, 0xff, 0x19, 0x90, 0x94, 0x16, 0x91, 0x90,
    0x96, 0x16, 0x91, 0x90, 0x91, 0x16, 0x71, 0xff, 0xff, 0xff, 0xff, 0xff, 0xff, 0xff, 0xff, 0xff,
    0xff, 0x00, 0x00, 0x00, 0x00, 0x00, 0x00, 0x00, 0x00, 0x19, 0x16, 0x17, 0x17, 0x17, 0x17, 0x90,
    0x55, 0x34, 0x81, 0x81, 0x03, 0x90, 0x81, 0x11, 0x61, 0x06, 0xdf, 0x57, 0x81, 0x34, 0x03, 0x61,
    0x06, 0xae, 0x57, 0x5b, 0x50, 0x95, 0x60, 0xa0, 0x86, 0x93, 0x82, 0x7f, 0x1c, 0x46, 0x6a, 0xbf,
    0x9c, 0x7a, 0x69, 0xbf, 0xc4, 0xf0, 0xd0, 0xc9, 0x5d, 0x0a, 0xc4, 0x14, 0xcb, 0xce, 0x77, 0x01,
    0x87, 0xca, 0x04, 0x2e, 0x1c, 0x16, 0x6d, 0x35, 0x5c, 0xb5, 0x4f, 0x20, 0x94, 0x60, 0x20, 0x9a,
    0x60, 0x40, 0x51, 0x95, 0x86, 0x94, 0x33, 0x86, 0x52, 0x60, 0x80, 0x8e, 0x87, 0x01, 0x52, 0x81,
    0x60, 0x80, 0x87, 0x01, 0x52, 0x86, 0x86, 0x01, 0x37, 0x5f, 0x84, 0x84, 0x01, 0x86, 0x01, 0x52,
    0x60, 0x40, 0x84, 0x01, 0x52, 0x60, 0x60, 0x83, 0x01, 0x52, 0x60, 0x1f, 0x01, 0x60, 0x1f, 0x19,
    0x16, 0x81, 0x01, 0x03, 0x01, 0x90, 0xa4, 0x60, 0x40, 0x51, 0x90, 0x81, 0x52, 0xf3, 0x5b, 0x5f,
    0x80, 0x80, 0x80, 0x93, 0x9a, 0x94, 0x95, 0x9a, 0x33, 0x5a, 0xf1, 0x61, 0x06, 0xc2, 0x61, 0x0c,
    0xc0, 0x56, 0x5b, 0x50, 0x15, 0x61, 0x06, 0xd0, 0x57, 0x95, 0x90, 0x87, 0x61, 0x06, 0x43, 0x56,
    0x5b, 0x63, 0x12, 0x17, 0x1d, 0x83, 0x60, 0xe3, 0x1b, 0x5f, 0x52, 0x60, 0x04, 0x5f, 0xfd, 0x5b,
    0x63, 0x4e, 0x48, 0x7b, 0x71, 0x60, 0xe0, 0x1b, 0x5f, 0x52, 0x60, 0x11, 0x60, 0x04, 0x52, 0x60,
    0x24, 0x5f, 0xfd, 0x5b, 0x01, 0x51, 0x90, 0x50, 0x5f, 0x80, 0x61, 0x05, 0x9a, 0x56, 0x5b, 0x90,
    0x60, 0x1f, 0x19, 0x83, 0x16, 0x91, 0x84, 0x5f, 0x52, 0x81, 0x5f, 0x20, 0x92, 0x5f, 0x5b, 0x81,
    0x81, 0x10, 0x61, 0x07, 0x58, 0x57, 0x50, 0x93, 0x60, 0x01, 0x60, 0x01, 0x60, 0x40, 0x1b, 0x03,
    0x97, 0x94, 0x93, 0x60, 0x05, 0x96, 0x93, 0x60, 0x01, 0x93, 0x83, 0x8b, 0x9a, 0x97, 0x10, 0x61,
    0x07, 0x40, 0x57, 0x5b, 0x50, 0x50, 0x50, 0x81, 0x1b, 0x01, 0x90, 0x55, 0x61, 0x05, 0xae, 0x56,
    0x5b, 0x01, 0x51, 0x5f, 0x19, 0x60, 0xf8, 0x84, 0x60, 0x03, 0x1b, 0x16, 0x1c, 0x19, 0x16, 0x90,
    0x55, 0x5f, 0x80, 0x80, 0x61, 0x07, 0x33, 0x56, 0x5b, 0x92, 0x93, 0x60, 0x20, 0x60, 0x01, 0x81,
    0x92, 0x87, 0x86, 0x01, 0x51, 0x81, 0x55, 0x01, 0x95, 0x01, 0x93, 0x01, 0x61, 0x07, 0x0e, 0x56,
    0x5b, 0x83, 0x5f, 0x52, 0x60, 0x20, 0x5f, 0x20, 0x60, 0x1f, 0x84, 0x01, 0x60, 0x05, 0x1c, 0x81,
    0x01, 0x91, 0x60, 0x20, 0x85, 0x10, 0x61, 0x07, 0xab, 0x57, 0x5b, 0x60, 0x1f, 0x01, 0x60, 0x05,
    0x1c, 0x01, 0x90, 0x5b, 0x81, 0x81, 0x10, 0x61, 0x07, 0xa0, 0x57, 0x50, 0x61, 0x05, 0x72, 0x56,
    0x5b, 0x5f, 0x81, 0x55, 0x60, 0x01, 0x01, 0x61, 0x07, 0x93, 0x56, 0x5b, 0x90, 0x91, 0x50, 0x81,
    0x90, 0x61, 0x07, 0x8a, 0x56, 0x5b, 0x63, 0x4e, 0x48, 0x7b, 0x71, 0x60, 0xe0, 0x1b, 0x5f, 0x52,
    0x60, 0x41, 0x60, 0x04, 0x52, 0x60, 0x24, 0x5f, 0xfd, 0x5b, 0x82, 0x63, 0xca, 0x0b, 0x0d, 0xad,
    0x60, 0xe0, 0x1b, 0x5f, 0x52, 0x60, 0x04, 0x52, 0x60, 0x24, 0x5f, 0xfd, 0x5b, 0x83, 0x63, 0xa4,
    0x58, 0x26, 0x1b, 0x60, 0xe0, 0x1b, 0x5f, 0x52, 0x60, 0x04, 0x52, 0x34, 0x60, 0x24, 0x52, 0x60,
    0x44, 0x5f, 0xfd, 0x5b, 0x63, 0x6d, 0xcc, 0xff, 0x63, 0x60, 0xe0, 0x1b, 0x5f, 0x52, 0x60, 0x04,
    0x52, 0x60, 0x24, 0x52, 0x60, 0x44, 0x5f, 0xfd, 0x5b, 0x90, 0x50, 0x60, 0x20, 0x81, 0x3d, 0x60,
    0x20, 0x11, 0x61, 0x08, 0x3b, 0x57, 0x5b, 0x81, 0x61, 0x08, 0x23, 0x60, 0x20, 0x93, 0x83, 0x61,
    0x0c, 0x84, 0x56, 0x5b, 0x81, 0x01, 0x03, 0x12, 0x61, 0x01, 0x2e, 0x57, 0x51, 0x80, 0x15, 0x15,
    0x81, 0x03, 0x61, 0x01, 0x2e, 0x57, 0x85, 0x61, 0x04, 0x16, 0x56, 0x5b, 0x3d, 0x91, 0x50, 0x61,
    0x08, 0x16, 0x56, 0x5b, 0x60, 0x40, 0x51, 0x3d, 0x5f, 0x82, 0x3e, 0x3d, 0x90, 0xfd, 0x5b, 0x34,
    0x61, 0x01, 0x2e, 0x57, 0x60, 0x20, 0x36, 0x60, 0x03, 0x19, 0x01, 0x12, 0x61, 0x01, 0x2e, 0x57,
    0x63, 0xff, 0xff, 0xff, 0xff, 0x61, 0x08, 0x6c, 0x61, 0x0c, 0x55, 0x56, 0x5b, 0x16, 0x5f, 0x52,
    0x60, 0x02, 0x60, 0x20, 0x52, 0x60, 0x20, 0x60, 0x40, 0x5f, 0x20, 0x54, 0x60, 0x40, 0x51, 0x90,
    0x81, 0x52, 0xf3, 0x5b, 0x34, 0x61, 0x01, 0x2e, 0x57, 0x60, 0x40, 0x36, 0x60, 0x03, 0x19, 0x01,
    0x12, 0x61, 0x01, 0x2e, 0x57, 0x61, 0x08, 0x9c, 0x61, 0x0c, 0x55, 0x56, 0x5b, 0x60, 0x24, 0x35,
    0x90, 0x60, 0x01, 0x60, 0x01, 0x60, 0x40, 0x1b, 0x03, 0x82, 0x16, 0x80, 0x92, 0x03, 0x61, 0x01,
    0x2e, 0x57, 0x60, 0x40, 0x63, 0xff, 0xff, 0xff, 0xff, 0x7f, 0x81, 0x76, 0xf9, 0x0e, 0xd8, 0x04,
    0x71, 0xb2, 0x3f, 0x89, 0x00, 0x1e, 0x48, 0x7c, 0xe5, 0x0f, 0x35, 0x62, 0x0b, 0xb6, 0x19, 0x73,
    0x44, 0xb2, 0xf1, 0xad, 0xb8, 0xc4, 0x39, 0x29, 0xbe, 0x1d, 0x92, 0x61, 0x08, 0xe2, 0x61, 0x0d,
    0x62, 0x56, 0x5b, 0x16, 0x5f, 0x81, 0x81, 0x52, 0x60, 0x03, 0x60, 0x20, 0x90, 0x81, 0x52, 0x90,
    0x83, 0x90, 0x20, 0x80, 0x54, 0x67, 0xff, 0xff, 0xff, 0xff, 0xff, 0xff, 0xff, 0xff, 0x19, 0x81,
    0x16, 0x87, 0x17, 0x90, 0x91, 0x55, 0x83, 0x51, 0x60, 0x01, 0x60, 0x01, 0x60, 0x40, 0x1b, 0x03,
    0x90, 0x91, 0x16, 0x81, 0x52, 0x90, 0x81, 0x01, 0x94, 0x90, 0x94, 0x52, 0x92, 0xa2, 0x00, 0x5b,
    0x34, 0x61, 0x01, 0x2e, 0x57, 0x60, 0x40, 0x36, 0x60, 0x03, 0x19, 0x01, 0x12, 0x61, 0x01, 0x2e,
    0x57, 0x61, 0x09, 0x38, 0x61, 0x0c, 0x55, 0x56, 0x5b, 0x7f, 0x7d, 0xe5, 0x23, 0xb5, 0x91, 0xbb,
    0x28, 0x6f, 0x9f, 0xbc, 0xed, 0x3b, 0x27, 0xe7, 0x31, 0x9b, 0xe1, 0x9c, 0x10, 0x05, 0x19, 0x5f,
    0x0c, 0x52, 0x7c, 0x53, 0x85, 0x83, 0xbe, 0xe4, 0xa7, 0xae, 0x60, 0x40, 0x63, 0xff, 0xff, 0xff,
    0xff, 0x60, 0x24, 0x35, 0x93, 0x61, 0x09, 0x6c, 0x61, 0x0d, 0x62, 0x56, 0x5b, 0x16, 0x92, 0x83,
    0x5f, 0x52, 0x60, 0x02, 0x60, 0x20, 0x52, 0x81, 0x5f, 0x20, 0x54, 0x90, 0x84, 0x5f, 0x52, 0x60,
    0x02, 0x60, 0x20, 0x52, 0x80, 0x83, 0x5f, 0x20, 0x55, 0x82, 0x51, 0x91, 0x82, 0x52, 0x60, 0x20,
    0x82, 0x01, 0x52, 0xa2, 0x00, 0x5b, 0x34, 0x61, 0x01, 0x2e, 0x57, 0x60, 0x20, 0x36, 0x60, 0x03,
    0x19, 0x01, 0x12, 0x61, 0x01, 0x2e, 0x57, 0x63, 0xff, 0xff, 0xff, 0xff, 0x61, 0x09, 0xb3, 0x61,
    0x0c, 0x55, 0x56, 0x5b, 0x16, 0x5f, 0x52, 0x60, 0x03, 0x60, 0x20, 0x52, 0x60, 0x20, 0x60, 0x01,
    0x60, 0x01, 0x60, 0x40, 0x1b, 0x03, 0x60, 0x40, 0x5f, 0x20, 0x54, 0x16, 0x60, 0x40, 0x51, 0x90,
    0x81, 0x52, 0xf3, 0x5b, 0x34, 0x61, 0x01, 0x2e, 0x57, 0x5f, 0x36, 0x60, 0x03, 0x19, 0x01, 0x12,
    0x61, 0x01, 0x2e, 0x57, 0x60, 0x20, 0x60, 0x01, 0x54, 0x60, 0x40, 0x51, 0x90, 0x81, 0x52, 0xf3,
    0x5b, 0x34, 0x61, 0x01, 0x2e, 0x57, 0x5f, 0x36, 0x60, 0x03, 0x19, 0x01, 0x12, 0x61, 0x01, 0x2e,
    0x57, 0x60, 0x04, 0x54, 0x60, 0x40, 0x51, 0x60, 0x01, 0x60, 0x01, 0x60, 0xa0, 0x1b, 0x03, 0x90,
    0x91, 0x16, 0x81, 0x52, 0x60, 0x20, 0x90, 0xf3, 0x5b, 0x34, 0x61, 0x01, 0x2e, 0x57, 0x60, 0x20,
    0x36, 0x60, 0x03, 0x19, 0x01, 0x12, 0x61, 0x01, 0x2e, 0x57, 0x60, 0x04, 0x35, 0x5f, 0x81, 0x81,
    0x52, 0x60, 0x20, 0x81, 0x90, 0x52, 0x60, 0x40, 0x90, 0x20, 0x60, 0x02, 0x81, 0x01, 0x54, 0x60,
    0x01, 0x60, 0x01, 0x60, 0xa0, 0x1b, 0x03, 0x16, 0x91, 0x90, 0x82, 0x15, 0x61, 0x0b, 0x33, 0x57,
    0x60, 0x05, 0x81, 0x01, 0x80, 0x54, 0x60, 0xff, 0x81, 0x60, 0x80, 0x1c, 0x16, 0x61, 0x0b, 0x20,
    0x57, 0x60, 0xff, 0x81, 0x60, 0x88, 0x1c, 0x16, 0x61, 0x0b, 0x0d, 0x57, 0x60, 0x01, 0x60, 0x01,
    0x60, 0x40, 0x1b, 0x03, 0x81, 0x60, 0x40, 0x1c, 0x16, 0x80, 0x42, 0x10, 0x61, 0x0a, 0xea, 0x57,
    0x50, 0x60, 0xff, 0x60, 0x88, 0x1b, 0x19, 0x16, 0x60, 0x01, 0x60, 0x88, 0x1b, 0x17, 0x90, 0x55,
    0x60, 0x04, 0x01, 0x54, 0x80, 0x61, 0x0a, 0xc6, 0x57, 0x5b, 0x60, 0x20, 0x7f, 0x86, 0xe8, 0xab,
    0x52, 0xe9, 0x5a, 0x11, 0xdc, 0x60, 0x3c, 0xe8, 0xe0, 0xa1, 0x02, 0xc8, 0x02, 0xee, 0xc0, 0x2a,
    0x52, 0xc8, 0x79, 0xf8, 0xf3, 0x93, 0x78, 0xe6, 0x22, 0x2c, 0xa8, 0xc8, 0x2c, 0x91, 0x60, 0x40,
    0x51, 0x90, 0x81, 0x52, 0xa3, 0x00, 0x5b, 0x5f, 0x80, 0x80, 0x80, 0x84, 0x87, 0x5a, 0xf1, 0x61,
    0x0a, 0xd6, 0x61, 0x0c, 0xc0, 0x56, 0x5b, 0x50, 0x61, 0x0a, 0x99, 0x57, 0x63, 0x12, 0x17, 0x1d,
    0x83, 0x60, 0xe3, 0x1b, 0x5f, 0x52, 0x60, 0x04, 0x5f, 0xfd, 0x5b, 0x84, 0x63, 0x3e, 0x64, 0x64,
    0x4f, 0x60, 0xe2, 0x1b, 0x5f, 0x52, 0x60, 0x04, 0x52, 0x60, 0x24, 0x52, 0x60, 0x01, 0x60, 0x01,
    0x60, 0x40, 0x1b, 0x03, 0x42, 0x16, 0x60, 0x44, 0x52, 0x60, 0x64, 0x5f, 0xfd, 0x5b, 0x83, 0x63,
    0x81, 0xfd, 0x8f, 0x27, 0x60, 0xe0, 0x1b, 0x5f, 0x52, 0x60, 0x04, 0x52, 0x60, 0x24, 0x5f, 0xfd,
    0x5b, 0x83, 0x63, 0x6e, 0xb5, 0x63, 0xd3, 0x60, 0xe1, 0x1b, 0x5f, 0x52, 0x60, 0x04, 0x52, 0x60,
    0x24, 0x5f, 0xfd, 0x5b, 0x50, 0x63, 0x4e, 0xc7, 0x26, 0xc7, 0x60, 0xe0, 0x1b, 0x5f, 0x52, 0x60,
    0x04, 0x52, 0x60, 0x24, 0x5f, 0xfd, 0x5b, 0x34, 0x61, 0x01, 0x2e, 0x57, 0x5f, 0x36, 0x60, 0x03,
    0x19, 0x01, 0x12, 0x61, 0x01, 0x2e, 0x57, 0x60, 0x05, 0x54, 0x60, 0x40, 0x51, 0x60, 0x01, 0x60,
    0x01, 0x60, 0xa0, 0x1b, 0x03, 0x90, 0x91, 0x16, 0x81, 0x52, 0x60, 0x20, 0x90, 0xf3, 0x5b, 0x34,
    0x61, 0x01, 0x2e, 0x57, 0x60, 0x20, 0x36, 0x60, 0x03, 0x19, 0x01, 0x12, 0x61, 0x01, 0x2e, 0x57,
    0x60, 0x04, 0x35, 0x64, 0x01, 0x62, 0x5f, 0x00, 0x00, 0x33, 0x03, 0x61, 0x0c, 0x39, 0x57, 0x5f,
    0x81, 0x81, 0x52, 0x60, 0x20, 0x81, 0x90, 0x52, 0x60, 0x40, 0x90, 0x20, 0x60, 0x02, 0x81, 0x01,
    0x54, 0x60, 0x01, 0x60, 0x01, 0x60, 0xa0, 0x1b, 0x03, 0x16, 0x15, 0x61, 0x0b, 0x33, 0x57, 0x60,
    0x05, 0x81, 0x01, 0x90, 0x81, 0x54, 0x91, 0x60, 0xff, 0x83, 0x60, 0x80, 0x1c, 0x16, 0x61, 0x0b,
    0x20, 0x57, 0x60, 0xff, 0x83, 0x60, 0x88, 0x1c, 0x16, 0x61, 0x0b, 0x0d, 0x57, 0x60, 0xff, 0x60,
    0x80, 0x1b, 0x19, 0x90, 0x92, 0x16, 0x60, 0x01, 0x60, 0x80, 0x1b, 0x17, 0x90, 0x91, 0x55, 0x60,
    0x04, 0x01, 0x54, 0x80, 0x61, 0x0c, 0x0f, 0x57, 0x5b, 0x50, 0x7f, 0x1c, 0xed, 0xb0, 0x01, 0xa5,
    0x11, 0x4e, 0xa9, 0x03, 0x93, 0xcd, 0x9f, 0x13, 0x42, 0x24, 0xe9, 0xe1, 0x31, 0x25, 0x45, 0xee,
    0x8a, 0x9b, 0x95, 0x33, 0xd7, 0x80, 0xbe, 0x6a, 0x9b, 0xf8, 0xb7, 0x5f, 0x80, 0xa2, 0x00, 0x5b,
    0x60, 0x04, 0x54, 0x5f, 0x91, 0x82, 0x91, 0x82, 0x91, 0x82, 0x91, 0x60, 0x01, 0x60, 0x01, 0x60,
    0xa0, 0x1b, 0x03, 0x16, 0x5a, 0xf1, 0x61, 0x0c, 0x2d, 0x61, 0x0c, 0xc0, 0x56, 0x5b, 0x50, 0x15,
    0x61, 0x06, 0xd0, 0x57, 0x81, 0x61, 0x0b, 0xe8, 0x56, 0x5b, 0x63, 0x02, 0x72, 0xd0, 0x29, 0x60,
    0xe6, 0x1b, 0x5f, 0x52, 0x33, 0x60, 0x04, 0x52, 0x64, 0x01, 0x62, 0x5f, 0x00, 0x00, 0x60, 0x24,
    0x52, 0x60, 0x44, 0x5f, 0xfd, 0x5b, 0x60, 0x04, 0x35, 0x90, 0x63, 0xff, 0xff, 0xff, 0xff, 0x82,
    0x16, 0x82, 0x03, 0x61, 0x01, 0x2e, 0x57, 0x56, 0x5b, 0x61, 0x01, 0x20, 0x81, 0x01, 0x90, 0x81,
    0x10, 0x60, 0x01, 0x60, 0x01, 0x60, 0x40, 0x1b, 0x03, 0x82, 0x11, 0x17, 0x61, 0x07, 0xb5, 0x57,
    0x60, 0x40, 0x52, 0x56, 0x5b, 0x90, 0x60, 0x1f, 0x80, 0x19, 0x91, 0x01, 0x16, 0x81, 0x01, 0x90,
    0x81, 0x10, 0x60, 0x01, 0x60, 0x01, 0x60, 0x40, 0x1b, 0x03, 0x82, 0x11, 0x17, 0x61, 0x07, 0xb5,
    0x57, 0x60, 0x40, 0x52, 0x56, 0x5b, 0x60, 0x01, 0x60, 0x01, 0x60, 0x40, 0x1b, 0x03, 0x81, 0x11,
    0x61, 0x07, 0xb5, 0x57, 0x60, 0x1f, 0x01, 0x60, 0x1f, 0x19, 0x16, 0x60, 0x20, 0x01, 0x90, 0x56,
    0x5b, 0x3d, 0x15, 0x61, 0x0c, 0xea, 0x57, 0x3d, 0x90, 0x61, 0x0c, 0xd1, 0x82, 0x61, 0x0c, 0xa5,
    0x56, 0x5b, 0x91, 0x61, 0x0c, 0xdf, 0x60, 0x40, 0x51, 0x93, 0x84, 0x61, 0x0c, 0x84, 0x56, 0x5b,
    0x82, 0x52, 0x3d, 0x5f, 0x60, 0x20, 0x84, 0x01, 0x3e, 0x56, 0x5b, 0x60, 0x60, 0x90, 0x56, 0x5b,
    0x90, 0x60, 0x01, 0x82, 0x81, 0x1c, 0x92, 0x16, 0x80, 0x15, 0x61, 0x0d, 0x1d, 0x57, 0x5b, 0x60,
    0x20, 0x83, 0x10, 0x14, 0x61, 0x0d, 0x09, 0x57, 0x56, 0x5b, 0x63, 0x4e, 0x48, 0x7b, 0x71, 0x60,
    0xe0, 0x1b, 0x5f, 0x52, 0x60, 0x22, 0x60, 0x04, 0x52, 0x60, 0x24, 0x5f, 0xfd, 0x5b, 0x91, 0x60,
    0x7f, 0x16, 0x91, 0x61, 0x0c, 0xfe, 0x56, 0x5b, 0x5f, 0x90, 0x81, 0x52, 0x60, 0x20, 0x81, 0x90,
    0x52, 0x60, 0x40, 0x90, 0x20, 0x60, 0x02, 0x81, 0x01, 0x54, 0x60, 0x01, 0x60, 0x01, 0x60, 0xa0,
    0x1b, 0x03, 0x16, 0x15, 0x61, 0x0d, 0x5d, 0x57, 0x60, 0x05, 0x01, 0x54, 0x60, 0x40, 0x1c, 0x60,
    0x01, 0x60, 0x01, 0x60, 0x40, 0x1b, 0x03, 0x16, 0x42, 0x10, 0x15, 0x90, 0x56, 0x5b, 0x50, 0x5f,
    0x90, 0x56, 0x5b, 0x64, 0x01, 0x62, 0x5f, 0x30, 0x00, 0x33, 0x03, 0x61, 0x0d, 0x70, 0x57, 0x56,
    0x5b, 0x63, 0x02, 0x72, 0xd0, 0x29, 0x60, 0xe6, 0x1b, 0x5f, 0x52, 0x33, 0x60, 0x04, 0x52, 0x64,
    0x01, 0x62, 0x5f, 0x30, 0x00, 0x60, 0x24, 0x52, 0x60, 0x44, 0x5f, 0xfd, 0xfe, 0xa2, 0x64, 0x69,
    0x70, 0x66, 0x73, 0x58, 0x22, 0x12, 0x20, 0xd1, 0x84, 0x3a, 0x94, 0x8b, 0x8a, 0x58, 0xe0, 0x88,
    0xe2, 0x40, 0xc0, 0xeb, 0xea, 0xf9, 0x90, 0xa2, 0x35, 0xe8, 0x4a, 0xf0, 0xe2, 0x31, 0xaa, 0x1b,
    0xef, 0x0f, 0x12, 0x35, 0xa9, 0xa0, 0xcd, 0x64, 0x73, 0x6f, 0x6c, 0x63, 0x43, 0x00, 0x08, 0x1e,
    0x00, 0x33,
];
/// `OracleRequestQueue` system address
pub const ORACLE_REQUEST_QUEUE_ADDRESS: Address =
    address!("00000000000000000000000000000001625F4002");

/// `StakePool` runtime bytecode (from current HEAD)
pub const STAKEPOOL_BYTECODE: &[u8] = &[
    0x60, 0x80, 0x80, 0x60, 0x40, 0x52, 0x60, 0x04, 0x36, 0x10, 0x15, 0x61, 0x00, 0x12, 0x57, 0x5f,
    0x80, 0xfd, 0x5b, 0x5f, 0x35, 0x60, 0xe0, 0x1c, 0x90, 0x81, 0x63, 0x17, 0x38, 0x7b, 0x58, 0x14,
    0x61, 0x0f, 0x86, 0x57, 0x50, 0x80, 0x63, 0x2b, 0x37, 0xf5, 0x3c, 0x14, 0x61, 0x0e, 0x18, 0x57,
    0x80, 0x63, 0x2d, 0xd3, 0x10, 0x00, 0x14, 0x61, 0x0f, 0x42, 0x57, 0x80, 0x63, 0x2e, 0x17, 0xde,
    0x78, 0x14, 0x61, 0x0e, 0xc5, 0x57, 0x80, 0x63, 0x3b, 0xd0, 0x54, 0x00, 0x14, 0x61, 0x0e, 0xab,
    0x57, 0x80, 0x63, 0x41, 0x60, 0x53, 0x2f, 0x14, 0x61, 0x0e, 0x80, 0x57, 0x80, 0x63, 0x42, 0xd8,
    0x66, 0x93, 0x14, 0x61, 0x0e, 0x40, 0x57, 0x80, 0x63, 0x46, 0xc9, 0x6a, 0xac, 0x14, 0x61, 0x0e,
    0x18, 0x57, 0x80, 0x63, 0x49, 0x47, 0x11, 0x88, 0x14, 0x61, 0x0d, 0x4f, 0x57, 0x80, 0x63, 0x4b,
    0xc2, 0xa6, 0x57, 0x14, 0x61, 0x0d, 0x26, 0x57, 0x80, 0x63, 0x51, 0xcb, 0x86, 0xcd, 0x14, 0x61,
    0x06, 0x3c, 0x57, 0x80, 0x63, 0x53, 0xfd, 0x66, 0x14, 0x14, 0x61, 0x02, 0xbb, 0x57, 0x80, 0x63,
    0x57, 0x0c, 0xa7, 0x35, 0x14, 0x61, 0x02, 0x6b, 0x57, 0x80, 0x63, 0x5a, 0x62, 0x7d, 0xbc, 0x14,
    0x61, 0x0b, 0x2a, 0x57, 0x80, 0x63, 0x5e, 0x42, 0xb4, 0x55, 0x14, 0x61, 0x0b, 0x10, 0x57, 0x80,
    0x63, 0x5e, 0xba, 0xf1, 0xdb, 0x14, 0x61, 0x0a, 0x85, 0x57, 0x80, 0x63, 0x71, 0x50, 0x18, 0xa6,
    0x14, 0x61, 0x0a, 0xad, 0x57, 0x80, 0x63, 0x72, 0xb4, 0x5a, 0x55, 0x14, 0x61, 0x0a, 0x85, 0x57,
    0x80, 0x63, 0x79, 0xba, 0x50, 0x97, 0x14, 0x61, 0x0a, 0x00, 0x57, 0x80, 0x63, 0x86, 0x21, 0x01,
    0x30, 0x14, 0x61, 0x08, 0x4e, 0x57, 0x80, 0x63, 0x86, 0x25, 0x22, 0x0a, 0x14, 0x61, 0x08, 0x92,
    0x57, 0x80, 0x63, 0x8d, 0xa5, 0xcb, 0x5b, 0x14, 0x61, 0x08, 0x6b, 0x57, 0x80, 0x63, 0x96, 0x68,
    0xce, 0xb8, 0x14, 0x61, 0x08, 0x4e, 0x57, 0x80, 0x63, 0x9f, 0x0d, 0xee, 0xd7, 0x14, 0x61, 0x08,
    0x32, 0x57, 0x80, 0x63, 0xa2, 0x9a, 0x43, 0xbb, 0x14, 0x61, 0x08, 0x09, 0x57, 0x80, 0x63, 0xa4,
    0xe2, 0xd6, 0x34, 0x14, 0x61, 0x07, 0x92, 0x57, 0x80, 0x63, 0xac, 0xc2, 0x21, 0x6a, 0x14, 0x61,
    0x06, 0xfb, 0x57, 0x80, 0x63, 0xb2, 0xa2, 0x5b, 0x52, 0x14, 0x61, 0x06, 0x41, 0x57, 0x80, 0x63,
    0xb3, 0x92, 0xfb, 0xfb, 0x14, 0x61, 0x06, 0x3c, 0x57, 0x80, 0x63, 0xb3, 0xab, 0x15, 0xfb, 0x14,
    0x61, 0x06, 0x11, 0x57, 0x80, 0x63, 0xb9, 0x61, 0x30, 0xa9, 0x14, 0x61, 0x03, 0xa2, 0x57, 0x80,
    0x63, 0xbd, 0x49, 0xc3, 0x5f, 0x14, 0x61, 0x03, 0x85, 0x57, 0x80, 0x63, 0xc0, 0x31, 0x02, 0xec,
    0x14, 0x61, 0x03, 0x68, 0x57, 0x80, 0x63, 0xc3, 0x54, 0xbd, 0x6e, 0x14, 0x61, 0x03, 0x46, 0x57,
    0x80, 0x63, 0xc4, 0x85, 0xa4, 0xd8, 0x14, 0x61, 0x02, 0xe1, 0x57, 0x80, 0x63, 0xce, 0x06, 0x17,
    0xec, 0x14, 0x61, 0x02, 0xbb, 0x57, 0x80, 0x63, 0xe3, 0x0c, 0x39, 0x78, 0x14, 0x61, 0x02, 0x93,
    0x57, 0x80, 0x63, 0xe7, 0xf4, 0x3c, 0x68, 0x14, 0x61, 0x02, 0x6b, 0x57, 0x80, 0x63, 0xef, 0x43,
    0xbd, 0x63, 0x14, 0x61, 0x02, 0x4a, 0x57, 0x63, 0xf2, 0xfd, 0xe3, 0x8b, 0x14, 0x61, 0x01, 0xd4,
    0x57, 0x5f, 0x80, 0xfd, 0x5b, 0x34, 0x61, 0x02, 0x46, 0x57, 0x60, 0x20, 0x36, 0x60, 0x03, 0x19,
    0x01, 0x12, 0x61, 0x02, 0x46, 0x57, 0x61, 0x01, 0xed, 0x61, 0x0f, 0xa0, 0x56, 0x5b, 0x61, 0x01,
    0xf5, 0x61, 0x17, 0x7d, 0x56, 0x5b, 0x60, 0x01, 0x80, 0x60, 0xa0, 0x1b, 0x03, 0x16, 0x80, 0x6b,
    0xff, 0xff, 0xff, 0xff, 0xff, 0xff, 0xff, 0xff, 0xff, 0xff, 0xff, 0xff, 0x60, 0xa0, 0x1b, 0x60,
    0x01, 0x54, 0x16, 0x17, 0x60, 0x01, 0x55, 0x60, 0x01, 0x80, 0x60, 0xa0, 0x1b, 0x03, 0x5f, 0x54,
    0x16, 0x7f, 0x38, 0xd1, 0x6b, 0x8c, 0xac, 0x22, 0xd9, 0x9f, 0xc7, 0xc1, 0x24, 0xb9, 0xcd, 0x0d,
    0xe2, 0xd3, 0xfa, 0x1f, 0xae, 0xf4, 0x20, 0xbf, 0xe7, 0x91, 0xd8, 0xc3, 0x62, 0xd7, 0x65, 0xe2,
    0x27, 0x00, 0x5f, 0x80, 0xa3, 0x00, 0x5b, 0x5f, 0x80, 0xfd, 0x5b, 0x34, 0x61, 0x02, 0x46, 0x57,
    0x5f, 0x36, 0x60, 0x03, 0x19, 0x01, 0x12, 0x61, 0x02, 0x46, 0x57, 0x60, 0x20, 0x65, 0x72, 0xba,
    0x30, 0x4f, 0x80, 0x00, 0x60, 0x40, 0x51, 0x90, 0x81, 0x52, 0xf3, 0x5b, 0x34, 0x61, 0x02, 0x46,
    0x57, 0x5f, 0x36, 0x60, 0x03, 0x19, 0x01, 0x12, 0x61, 0x02, 0x46, 0x57, 0x60, 0x03, 0x54, 0x60,
    0x40, 0x51, 0x60, 0x01, 0x60, 0x01, 0x60, 0xa0, 0x1b, 0x03, 0x90, 0x91, 0x16, 0x81, 0x52, 0x60,
    0x20, 0x90, 0xf3, 0x5b, 0x34, 0x61, 0x02, 0x46, 0x57, 0x5f, 0x36, 0x60, 0x03, 0x19, 0x01, 0x12,
    0x61, 0x02, 0x46, 0x57, 0x60, 0x01, 0x54, 0x60, 0x40, 0x51, 0x60, 0x01, 0x60, 0x01, 0x60, 0xa0,
    0x1b, 0x03, 0x90, 0x91, 0x16, 0x81, 0x52, 0x60, 0x20, 0x90, 0xf3, 0x5b, 0x34, 0x61, 0x02, 0x46,
    0x57, 0x5f, 0x36, 0x60, 0x03, 0x19, 0x01, 0x12, 0x61, 0x02, 0x46, 0x57, 0x60, 0x20, 0x60, 0x01,
    0x60, 0x01, 0x60, 0x40, 0x1b, 0x03, 0x60, 0x06, 0x54, 0x16, 0x60, 0x40, 0x51, 0x90, 0x81, 0x52,
    0xf3, 0x5b, 0x34, 0x61, 0x02, 0x46, 0x57, 0x60, 0x20, 0x36, 0x60, 0x03, 0x19, 0x01, 0x12, 0x61,
    0x02, 0x46, 0x57, 0x5f, 0x60, 0x20, 0x60, 0x40, 0x51, 0x61, 0x03, 0x01, 0x81, 0x61, 0x0f, 0xe5,
    0x56, 0x5b, 0x82, 0x81, 0x52, 0x01, 0x52, 0x60, 0x40, 0x61, 0x03, 0x13, 0x60, 0x04, 0x35, 0x61,
    0x10, 0x5a, 0x56, 0x5b, 0x50, 0x81, 0x51, 0x61, 0x03, 0x1f, 0x81, 0x61, 0x0f, 0xe5, 0x56, 0x5b,
    0x60, 0x20, 0x60, 0x01, 0x60, 0x01, 0x60, 0x01, 0x60, 0x40, 0x1b, 0x03, 0x84, 0x54, 0x16, 0x93,
    0x84, 0x84, 0x52, 0x01, 0x54, 0x91, 0x01, 0x90, 0x81, 0x52, 0x82, 0x51, 0x91, 0x82, 0x52, 0x51,
    0x60, 0x20, 0x82, 0x01, 0x52, 0xf3, 0x5b, 0x34, 0x61, 0x02, 0x46, 0x57, 0x5f, 0x36, 0x60, 0x03,
    0x19, 0x01, 0x12, 0x61, 0x02, 0x46, 0x57, 0x60, 0x20, 0x61, 0x03, 0x60, 0x61, 0x18, 0x98, 0x56,
    0x5b, 0x60, 0x40, 0x51, 0x90, 0x81, 0x52, 0xf3, 0x5b, 0x34, 0x61, 0x02, 0x46, 0x57, 0x5f, 0x36,
    0x60, 0x03, 0x19, 0x01, 0x12, 0x61, 0x02, 0x46, 0x57, 0x60, 0x20, 0x60, 0x07, 0x54, 0x60, 0x40,
    0x51, 0x90, 0x81, 0x52, 0xf3, 0x5b, 0x34, 0x61, 0x02, 0x46, 0x57, 0x5f, 0x36, 0x60, 0x03, 0x19,
    0x01, 0x12, 0x61, 0x02, 0x46, 0x57, 0x60, 0x20, 0x60, 0x05, 0x54, 0x60, 0x40, 0x51, 0x90, 0x81,
    0x52, 0xf3, 0x5b, 0x34, 0x61, 0x02, 0x46, 0x57, 0x60, 0x20, 0x36, 0x60, 0x03, 0x19, 0x01, 0x12,
    0x61, 0x02, 0x46, 0x57, 0x60, 0x04, 0x35, 0x60, 0x01, 0x60, 0x01, 0x60, 0x40, 0x1b, 0x03, 0x81,
    0x16, 0x80, 0x82, 0x03, 0x61, 0x02, 0x46, 0x57, 0x60, 0x02, 0x54, 0x60, 0x01, 0x60, 0x01, 0x60,
    0xa0, 0x1b, 0x03, 0x16, 0x33, 0x81, 0x90, 0x03, 0x61, 0x05, 0xfb, 0x57, 0x50, 0x60, 0x40, 0x51,
    0x63, 0x0b, 0xcf, 0xee, 0x3f, 0x60, 0xe1, 0x1b, 0x81, 0x52, 0x60, 0x20, 0x81, 0x60, 0x04, 0x81,
    0x64, 0x01, 0x62, 0x5f, 0x20, 0x03, 0x5a, 0xfa, 0x90, 0x81, 0x15, 0x61, 0x05, 0x67, 0x57, 0x5f,
    0x91, 0x61, 0x05, 0xcc, 0x57, 0x5b, 0x50, 0x61, 0x05, 0xbd, 0x57, 0x65, 0x72, 0xba, 0x30, 0x4f,
    0x80, 0x00, 0x80, 0x82, 0x11, 0x61, 0x05, 0xa7, 0x57, 0x50, 0x60, 0x06, 0x54, 0x90, 0x61, 0x04,
    0x31, 0x60, 0x01, 0x60, 0x01, 0x60, 0x40, 0x1b, 0x03, 0x83, 0x16, 0x93, 0x84, 0x61, 0x12, 0xc5,
    0x56, 0x5b, 0x91, 0x60, 0x01, 0x60, 0x01, 0x60, 0x40, 0x1b, 0x03, 0x83, 0x16, 0x91, 0x84, 0x83,
    0x11, 0x15, 0x61, 0x05, 0x91, 0x57, 0x50, 0x60, 0x40, 0x51, 0x63, 0x7e, 0x34, 0x5d, 0xef, 0x60,
    0xe1, 0x1b, 0x81, 0x52, 0x60, 0x20, 0x81, 0x60, 0x04, 0x81, 0x64, 0x01, 0x62, 0x5f, 0x10, 0x00,
    0x5a, 0xfa, 0x90, 0x81, 0x15, 0x61, 0x05, 0x67, 0x57, 0x5f, 0x91, 0x61, 0x05, 0x72, 0x57, 0x5b,
    0x50, 0x60, 0x40, 0x51, 0x63, 0x4f, 0x0f, 0x2a, 0x39, 0x60, 0xe1, 0x1b, 0x81, 0x52, 0x90, 0x60,
    0x20, 0x82, 0x60, 0x04, 0x81, 0x64, 0x01, 0x62, 0x5f, 0x10, 0x01, 0x5a, 0xfa, 0x91, 0x82, 0x15,
    0x61, 0x05, 0x67, 0x57, 0x5f, 0x92, 0x61, 0x05, 0x36, 0x57, 0x5b, 0x50, 0x60, 0x01, 0x60, 0x01,
    0x60, 0x40, 0x1b, 0x03, 0x61, 0x04, 0xad, 0x83, 0x83, 0x61, 0x12, 0xc5, 0x56, 0x5b, 0x16, 0x84,
    0x10, 0x61, 0x05, 0x0c, 0x57, 0x67, 0xff, 0xff, 0xff, 0xff, 0xff, 0xff, 0xff, 0xff, 0x19, 0x83,
    0x16, 0x84, 0x17, 0x60, 0x06, 0x55, 0x60, 0x40, 0x80, 0x51, 0x60, 0x01, 0x60, 0x01, 0x60, 0x40,
    0x1b, 0x03, 0x80, 0x89, 0x16, 0x82, 0x52, 0x87, 0x16, 0x60, 0x20, 0x82, 0x01, 0x52, 0x30, 0x91,
    0x7f, 0x7e, 0x4f, 0x3c, 0xcb, 0x2c, 0x7c, 0xa7, 0x6e, 0xee, 0x66, 0x82, 0xc0, 0xe8, 0x6f, 0xef,
    0xbb, 0xd6, 0xfe, 0x24, 0xe4, 0xaf, 0x19, 0x38, 0x1a, 0x85, 0x4a, 0x14, 0xea, 0x09, 0x1b, 0xd9,
    0xaf, 0x91, 0x90, 0x81, 0x90, 0x81, 0x01, 0x5b, 0x03, 0x90, 0xa2, 0x00, 0x5b, 0x61, 0x05, 0x1f,
    0x60, 0x01, 0x60, 0x01, 0x60, 0x40, 0x1b, 0x03, 0x92, 0x85, 0x92, 0x61, 0x12, 0xc5, 0x56, 0x5b,
    0x90, 0x63, 0x20, 0x41, 0x57, 0x89, 0x60, 0xe1, 0x1b, 0x5f, 0x52, 0x60, 0x04, 0x52, 0x16, 0x60,
    0x24, 0x52, 0x60, 0x44, 0x5f, 0xfd, 0x5b, 0x61, 0x05, 0x59, 0x91, 0x92, 0x50, 0x60, 0x20, 0x3d,
    0x60, 0x20, 0x11, 0x61, 0x05, 0x60, 0x57, 0x5b, 0x61, 0x05, 0x51, 0x81, 0x83, 0x61, 0x10, 0x14,
    0x56, 0x5b, 0x81, 0x01, 0x90, 0x61, 0x10, 0xc0, 0x56, 0x5b, 0x90, 0x86, 0x61, 0x04, 0x9a, 0x56,
    0x5b, 0x50, 0x3d, 0x61, 0x05, 0x47, 0x56, 0x5b, 0x60, 0x40, 0x51, 0x3d, 0x5f, 0x82, 0x3e, 0x3d,
    0x90, 0xfd, 0x5b, 0x61, 0x05, 0x8b, 0x91, 0x50, 0x60, 0x20, 0x3d, 0x60, 0x20, 0x11, 0x61, 0x05,
    0x60, 0x57, 0x61, 0x05, 0x51, 0x81, 0x83, 0x61, 0x10, 0x14, 0x56, 0x5b, 0x85, 0x61, 0x04, 0x6f,
    0x56, 0x5b, 0x84, 0x63, 0x8a, 0x36, 0xf6, 0x43, 0x60, 0xe0, 0x1b, 0x5f, 0x52, 0x60, 0x04, 0x52,
    0x60, 0x24, 0x52, 0x60, 0x44, 0x5f, 0xfd, 0x5b, 0x90, 0x63, 0x7e, 0xda, 0x69, 0x9b, 0x60, 0xe1,
    0x1b, 0x5f, 0x52, 0x60, 0x04, 0x52, 0x60, 0x24, 0x52, 0x60, 0x44, 0x5f, 0xfd, 0x5b, 0x63, 0xb7,
    0xa1, 0x74, 0xcb, 0x60, 0xe0, 0x1b, 0x5f, 0x52, 0x60, 0x04, 0x5f, 0xfd, 0x5b, 0x61, 0x05, 0xee,
    0x91, 0x50, 0x60, 0x20, 0x3d, 0x60, 0x20, 0x11, 0x61, 0x05, 0xf4, 0x57, 0x5b, 0x61, 0x05, 0xe6,
    0x81, 0x83, 0x61, 0x10, 0x14, 0x56, 0x5b, 0x81, 0x01, 0x90, 0x61, 0x10, 0x35, 0x56, 0x5b, 0x83,
    0x61, 0x04, 0x05, 0x56, 0x5b, 0x50, 0x3d, 0x61, 0x05, 0xdc, 0x56, 0x5b, 0x63, 0xe8, 0x37, 0xad,
    0xd9, 0x60, 0xe0, 0x1b, 0x5f, 0x52, 0x33, 0x60, 0x04, 0x52, 0x60, 0x24, 0x52, 0x60, 0x44, 0x5f,
    0xfd, 0x5b, 0x34, 0x61, 0x02, 0x46, 0x57, 0x60, 0x20, 0x36, 0x60, 0x03, 0x19, 0x01, 0x12, 0x61,
    0x02, 0x46, 0x57, 0x61, 0x06, 0x3a, 0x61, 0x06, 0x2d, 0x61, 0x0f, 0xa0, 0x56, 0x5b, 0x61, 0x06,
    0x35, 0x61, 0x17, 0x7d, 0x56, 0x5b, 0x61, 0x13, 0x63, 0x56, 0x5b, 0x00, 0x5b, 0x61, 0x0f, 0xb6,
    0x56, 0x5b, 0x34, 0x61, 0x02, 0x46, 0x57, 0x60, 0x20, 0x36, 0x60, 0x03, 0x19, 0x01, 0x12, 0x61,
    0x02, 0x46, 0x57, 0x61, 0x06, 0x5a, 0x61, 0x0f, 0xa0, 0x56, 0x5b, 0x60, 0x02, 0x54, 0x60, 0x01,
    0x60, 0x01, 0x60, 0xa0, 0x1b, 0x03, 0x16, 0x33, 0x81, 0x90, 0x03, 0x61, 0x05, 0xfb, 0x57, 0x50,
    0x60, 0x40, 0x51, 0x63, 0x0b, 0xcf, 0xee, 0x3f, 0x60, 0xe1, 0x1b, 0x81, 0x52, 0x60, 0x20, 0x81,
    0x60, 0x04, 0x81, 0x64, 0x01, 0x62, 0x5f, 0x20, 0x03, 0x5a, 0xfa, 0x90, 0x81, 0x15, 0x61, 0x05,
    0x67, 0x57, 0x5f, 0x91, 0x61, 0x06, 0xdc, 0x57, 0x5b, 0x50, 0x61, 0x05, 0xbd, 0x57, 0x61, 0x06,
    0xb0, 0x60, 0x20, 0x91, 0x61, 0x06, 0xab, 0x61, 0x16, 0xcd, 0x56, 0x5b, 0x61, 0x18, 0x34, 0x56,
    0x5b, 0x60, 0x01, 0x7f, 0x9b, 0x77, 0x9b, 0x17, 0x42, 0x2d, 0x0d, 0xf9, 0x22, 0x23, 0x01, 0x8b,
    0x32, 0xb4, 0xd1, 0xfa, 0x46, 0xe0, 0x71, 0x72, 0x3d, 0x68, 0x17, 0xe2, 0x48, 0x6d, 0x00, 0x3b,
    0xec, 0xc5, 0x5f, 0x00, 0x55, 0x60, 0x40, 0x51, 0x90, 0x81, 0x52, 0xf3, 0x5b, 0x61, 0x06, 0xf5,
    0x91, 0x50, 0x60, 0x20, 0x3d, 0x60, 0x20, 0x11, 0x61, 0x05, 0xf4, 0x57, 0x61, 0x05, 0xe6, 0x81,
    0x83, 0x61, 0x10, 0x14, 0x56, 0x5b, 0x82, 0x61, 0x06, 0x98, 0x56, 0x5b, 0x34, 0x61, 0x02, 0x46,
    0x57, 0x60, 0x40, 0x36, 0x60, 0x03, 0x19, 0x01, 0x12, 0x61, 0x02, 0x46, 0x57, 0x60, 0x24, 0x35,
    0x60, 0x01, 0x60, 0x01, 0x60, 0xa0, 0x1b, 0x03, 0x81, 0x16, 0x81, 0x03, 0x61, 0x02, 0x46, 0x57,
    0x60, 0x02, 0x54, 0x60, 0x01, 0x60, 0x01, 0x60, 0xa0, 0x1b, 0x03, 0x16, 0x33, 0x81, 0x90, 0x03,
    0x61, 0x05, 0xfb, 0x57, 0x50, 0x60, 0x40, 0x51, 0x63, 0x0b, 0xcf, 0xee, 0x3f, 0x60, 0xe1, 0x1b,
    0x81, 0x52, 0x60, 0x20, 0x81, 0x60, 0x04, 0x81, 0x64, 0x01, 0x62, 0x5f, 0x20, 0x03, 0x5a, 0xfa,
    0x90, 0x81, 0x15, 0x61, 0x05, 0x67, 0x57, 0x5f, 0x91, 0x61, 0x07, 0x73, 0x57, 0x5b, 0x50, 0x61,
    0x05, 0xbd, 0x57, 0x61, 0x03, 0x60, 0x60, 0x20, 0x91, 0x61, 0x06, 0xab, 0x60, 0x04, 0x35, 0x61,
    0x13, 0xe1, 0x56, 0x5b, 0x61, 0x07, 0x8c, 0x91, 0x50, 0x60, 0x20, 0x3d, 0x60, 0x20, 0x11, 0x61,
    0x05, 0xf4, 0x57, 0x61, 0x05, 0xe6, 0x81, 0x83, 0x61, 0x10, 0x14, 0x56, 0x5b, 0x82, 0x61, 0x07,
    0x5d, 0x56, 0x5b, 0x34, 0x61, 0x02, 0x46, 0x57, 0x5f, 0x36, 0x60, 0x03, 0x19, 0x01, 0x12, 0x61,
    0x02, 0x46, 0x57, 0x60, 0x40, 0x51, 0x63, 0x7e, 0x34, 0x5d, 0xef, 0x60, 0xe1, 0x1b, 0x81, 0x52,
    0x60, 0x20, 0x81, 0x60, 0x04, 0x81, 0x64, 0x01, 0x62, 0x5f, 0x10, 0x00, 0x5a, 0xfa, 0x80, 0x15,
    0x61, 0x05, 0x67, 0x57, 0x60, 0x20, 0x91, 0x5f, 0x91, 0x61, 0x07, 0xec, 0x57, 0x5b, 0x50, 0x60,
    0x01, 0x60, 0x01, 0x60, 0x40, 0x1b, 0x03, 0x60, 0x06, 0x54, 0x16, 0x60, 0x01, 0x60, 0x01, 0x60,
    0x40, 0x1b, 0x03, 0x60, 0x40, 0x51, 0x92, 0x16, 0x10, 0x81, 0x52, 0xf3, 0x5b, 0x61, 0x08, 0x03,
    0x91, 0x50, 0x82, 0x3d, 0x84, 0x11, 0x61, 0x05, 0x60, 0x57, 0x61, 0x05, 0x51, 0x81, 0x83, 0x61,
    0x10, 0x14, 0x56, 0x5b, 0x82, 0x61, 0x07, 0xcd, 0x56, 0x5b, 0x34, 0x61, 0x02, 0x46, 0x57, 0x60,
    0x20, 0x36, 0x60, 0x03, 0x19, 0x01, 0x12, 0x61, 0x02, 0x46, 0x57, 0x61, 0x06, 0x3a, 0x61, 0x08,
    0x25, 0x61, 0x0f, 0xa0, 0x56, 0x5b, 0x61, 0x08, 0x2d, 0x61, 0x17, 0x7d, 0x56, 0x5b, 0x61, 0x12,
    0xe5, 0x56, 0x5b, 0x34, 0x61, 0x02, 0x46, 0x57, 0x5f, 0x36, 0x60, 0x03, 0x19, 0x01, 0x12, 0x61,
    0x02, 0x46, 0x57, 0x60, 0x20, 0x60, 0x40, 0x51, 0x61, 0x03, 0xe8, 0x81, 0x52, 0xf3, 0x5b, 0x34,
    0x61, 0x02, 0x46, 0x57, 0x5f, 0x36, 0x60, 0x03, 0x19, 0x01, 0x12, 0x61, 0x02, 0x46, 0x57, 0x60,
    0x20, 0x60, 0x08, 0x54, 0x60, 0x40, 0x51, 0x90, 0x81, 0x52, 0xf3, 0x5b, 0x34, 0x61, 0x02, 0x46,
    0x57, 0x5f, 0x36, 0x60, 0x03, 0x19, 0x01, 0x12, 0x61, 0x02, 0x46, 0x57, 0x5f, 0x54, 0x60, 0x40,
    0x51, 0x60, 0x01, 0x60, 0x01, 0x60, 0xa0, 0x1b, 0x03, 0x90, 0x91, 0x16, 0x81, 0x52, 0x60, 0x20,
    0x90, 0xf3, 0x5b, 0x34, 0x61, 0x02, 0x46, 0x57, 0x5f, 0x36, 0x60, 0x03, 0x19, 0x01, 0x12, 0x61,
    0x02, 0x46, 0x57, 0x7f, 0x00, 0x00, 0x00, 0x00, 0x00, 0x00, 0x00, 0x00, 0x00, 0x00, 0x00, 0x00,
    0x00, 0x00, 0x00, 0x00, 0x00, 0x00, 0x00, 0x00, 0x00, 0x00, 0x00, 0x00, 0x00, 0x00, 0x00, 0x00,
    0x00, 0x00, 0x00, 0x00, 0x60, 0x01, 0x60, 0x01, 0x60, 0xa0, 0x1b, 0x03, 0x16, 0x33, 0x03, 0x61,
    0x09, 0xed, 0x57, 0x60, 0x40, 0x51, 0x63, 0x7e, 0x34, 0x5d, 0xef, 0x60, 0xe1, 0x1b, 0x81, 0x52,
    0x60, 0x20, 0x81, 0x60, 0x04, 0x81, 0x64, 0x01, 0x62, 0x5f, 0x10, 0x00, 0x5a, 0xfa, 0x90, 0x81,
    0x15, 0x61, 0x05, 0x67, 0x57, 0x5f, 0x91, 0x61, 0x09, 0xce, 0x57, 0x5b, 0x50, 0x60, 0x40, 0x51,
    0x63, 0x4f, 0x0f, 0x2a, 0x39, 0x60, 0xe1, 0x1b, 0x81, 0x52, 0x90, 0x60, 0x20, 0x82, 0x60, 0x04,
    0x81, 0x64, 0x01, 0x62, 0x5f, 0x10, 0x01, 0x5a, 0xfa, 0x90, 0x81, 0x15, 0x61, 0x05, 0x67, 0x57,
    0x61, 0x09, 0x30, 0x92, 0x5f, 0x92, 0x61, 0x09, 0xad, 0x57, 0x5b, 0x50, 0x61, 0x12, 0xc5, 0x56,
    0x5b, 0x60, 0x06, 0x54, 0x90, 0x60, 0x01, 0x60, 0x01, 0x60, 0x40, 0x1b, 0x03, 0x82, 0x16, 0x91,
    0x60, 0x01, 0x60, 0x01, 0x60, 0x40, 0x1b, 0x03, 0x82, 0x16, 0x91, 0x83, 0x83, 0x11, 0x61, 0x09,
    0x53, 0x57, 0x00, 0x5b, 0x7f, 0x7e, 0x4f, 0x3c, 0xcb, 0x2c, 0x7c, 0xa7, 0x6e, 0xee, 0x66, 0x82,
    0xc0, 0xe8, 0x6f, 0xef, 0xbb, 0xd6, 0xfe, 0x24, 0xe4, 0xaf, 0x19, 0x38, 0x1a, 0x85, 0x4a, 0x14,
    0xea, 0x09, 0x1b, 0xd9, 0xaf, 0x92, 0x61, 0x05, 0x07, 0x92, 0x60, 0x01, 0x60, 0x01, 0x60, 0x40,
    0x1b, 0x03, 0x19, 0x16, 0x17, 0x60, 0x06, 0x55, 0x60, 0x40, 0x51, 0x91, 0x82, 0x91, 0x30, 0x95,
    0x83, 0x90, 0x92, 0x91, 0x60, 0x01, 0x60, 0x01, 0x60, 0x40, 0x1b, 0x03, 0x60, 0x20, 0x91, 0x81,
    0x60, 0x40, 0x85, 0x01, 0x96, 0x16, 0x84, 0x52, 0x16, 0x91, 0x01, 0x52, 0x56, 0x5b, 0x61, 0x09,
    0xc7, 0x91, 0x92, 0x50, 0x60, 0x20, 0x3d, 0x60, 0x20, 0x11, 0x61, 0x05, 0x60, 0x57, 0x61, 0x05,
    0x51, 0x81, 0x83, 0x61, 0x10, 0x14, 0x56, 0x5b, 0x90, 0x83, 0x61, 0x09, 0x2a, 0x56, 0x5b, 0x61,
    0x09, 0xe7, 0x91, 0x50, 0x60, 0x20, 0x3d, 0x60, 0x20, 0x11, 0x61, 0x05, 0x60, 0x57, 0x61, 0x05,
    0x51, 0x81, 0x83, 0x61, 0x10, 0x14, 0x56, 0x5b, 0x81, 0x61, 0x08, 0xfb, 0x56, 0x5b, 0x63, 0xd3,
    0x7c, 0xee, 0xfd, 0x60, 0xe0, 0x1b, 0x5f, 0x52, 0x33, 0x60, 0x04, 0x52, 0x60, 0x24, 0x5f, 0xfd,
    0x5b, 0x34, 0x61, 0x02, 0x46, 0x57, 0x5f, 0x36, 0x60, 0x03, 0x19, 0x01, 0x12, 0x61, 0x02, 0x46,
    0x57, 0x60, 0x01, 0x54, 0x33, 0x60, 0x01, 0x60, 0x01, 0x60, 0xa0, 0x1b, 0x03, 0x90, 0x91, 0x16,
    0x03, 0x61, 0x0a, 0x72, 0x57, 0x60, 0x01, 0x80, 0x54, 0x60, 0x01, 0x60, 0x01, 0x60, 0xa0, 0x1b,
    0x03, 0x19, 0x90, 0x81, 0x16, 0x90, 0x91, 0x55, 0x5f, 0x80, 0x54, 0x33, 0x92, 0x81, 0x16, 0x83,
    0x17, 0x82, 0x55, 0x60, 0x01, 0x60, 0x01, 0x60, 0xa0, 0x1b, 0x03, 0x16, 0x90, 0x7f, 0x8b, 0xe0,
    0x07, 0x9c, 0x53, 0x16, 0x59, 0x14, 0x13, 0x44, 0xcd, 0x1f, 0xd0, 0xa4, 0xf2, 0x84, 0x19, 0x49,
    0x7f, 0x97, 0x22, 0xa3, 0xda, 0xaf, 0xe3, 0xb4, 0x18, 0x6f, 0x6b, 0x64, 0x57, 0xe0, 0x90, 0x80,
    0xa3, 0x00, 0x5b, 0x63, 0x11, 0x8c, 0xda, 0xa7, 0x60, 0xe0, 0x1b, 0x5f, 0x52, 0x33, 0x60, 0x04,
    0x52, 0x60, 0x24, 0x5f, 0xfd, 0x5b, 0x34, 0x61, 0x02, 0x46, 0x57, 0x5f, 0x36, 0x60, 0x03, 0x19,
    0x01, 0x12, 0x61, 0x02, 0x46, 0x57, 0x60, 0x02, 0x54, 0x60, 0x40, 0x51, 0x60, 0x01, 0x60, 0x01,
    0x60, 0xa0, 0x1b, 0x03, 0x90, 0x91, 0x16, 0x81, 0x52, 0x60, 0x20, 0x90, 0xf3, 0x5b, 0x34, 0x61,
    0x02, 0x46, 0x57, 0x5f, 0x36, 0x60, 0x03, 0x19, 0x01, 0x12, 0x61, 0x02, 0x46, 0x57, 0x61, 0x0a,
    0xc5, 0x61, 0x17, 0x7d, 0x56, 0x5b, 0x60, 0x01, 0x80, 0x54, 0x60, 0x01, 0x60, 0x01, 0x60, 0xa0,
    0x1b, 0x03, 0x19, 0x90, 0x81, 0x16, 0x90, 0x91, 0x55, 0x5f, 0x80, 0x54, 0x91, 0x82, 0x16, 0x81,
    0x55, 0x90, 0x60, 0x01, 0x60, 0x01, 0x60, 0xa0, 0x1b, 0x03, 0x16, 0x7f, 0x8b, 0xe0, 0x07, 0x9c,
    0x53, 0x16, 0x59, 0x14, 0x13, 0x44, 0xcd, 0x1f, 0xd0, 0xa4, 0xf2, 0x84, 0x19, 0x49, 0x7f, 0x97,
    0x22, 0xa3, 0xda, 0xaf, 0xe3, 0xb4, 0x18, 0x6f, 0x6b, 0x64, 0x57, 0xe0, 0x82, 0x80, 0xa3, 0x00,
    0x5b, 0x34, 0x61, 0x02, 0x46, 0x57, 0x5f, 0x36, 0x60, 0x03, 0x19, 0x01, 0x12, 0x61, 0x02, 0x46,
    0x57, 0x60, 0x20, 0x61, 0x03, 0x60, 0x61, 0x17, 0x2b, 0x56, 0x5b, 0x5f, 0x36, 0x60, 0x03, 0x19,
    0x01, 0x12, 0x61, 0x02, 0x46, 0x57, 0x60, 0x02, 0x54, 0x60, 0x01, 0x60, 0x01, 0x60, 0xa0, 0x1b,
    0x03, 0x16, 0x33, 0x81, 0x90, 0x03, 0x61, 0x05, 0xfb, 0x57, 0x60, 0x40, 0x51, 0x63, 0x0b, 0xcf,
    0xee, 0x3f, 0x60, 0xe1, 0x1b, 0x81, 0x52, 0x60, 0x20, 0x81, 0x60, 0x04, 0x81, 0x64, 0x01, 0x62,
    0x5f, 0x20, 0x03, 0x5a, 0xfa, 0x90, 0x81, 0x15, 0x61, 0x05, 0x67, 0x57, 0x5f, 0x91, 0x61, 0x0d,
    0x07, 0x57, 0x5b, 0x50, 0x61, 0x05, 0xbd, 0x57, 0x34, 0x15, 0x61, 0x0c, 0xf8, 0x57, 0x61, 0x0b,
    0x89, 0x34, 0x60, 0x05, 0x54, 0x61, 0x12, 0xb8, 0x56, 0x5b, 0x60, 0x05, 0x55, 0x60, 0x40, 0x51,
    0x63, 0x7e, 0x34, 0x5d, 0xef, 0x60, 0xe1, 0x1b, 0x81, 0x52, 0x60, 0x20, 0x81, 0x60, 0x04, 0x81,
    0x64, 0x01, 0x62, 0x5f, 0x10, 0x00, 0x5a, 0xfa, 0x90, 0x81, 0x15, 0x61, 0x05, 0x67, 0x57, 0x5f,
    0x91, 0x61, 0x0c, 0xd9, 0x57, 0x5b, 0x50, 0x60, 0x40, 0x51, 0x63, 0x4f, 0x0f, 0x2a, 0x39, 0x60,
    0xe1, 0x1b, 0x81, 0x52, 0x60, 0x20, 0x81, 0x60, 0x04, 0x81, 0x64, 0x01, 0x62, 0x5f, 0x10, 0x01,
    0x5a, 0xfa, 0x90, 0x81, 0x15, 0x61, 0x05, 0x67, 0x57, 0x5f, 0x91, 0x61, 0x0c, 0xba, 0x57, 0x5b,
    0x50, 0x60, 0x01, 0x60, 0x01, 0x60, 0x40, 0x1b, 0x03, 0x81, 0x16, 0x91, 0x82, 0x60, 0x01, 0x60,
    0x01, 0x60, 0x40, 0x1b, 0x03, 0x03, 0x60, 0x01, 0x60, 0x01, 0x60, 0x40, 0x1b, 0x03, 0x81, 0x11,
    0x61, 0x0c, 0xa6, 0x57, 0x60, 0x01, 0x60, 0x01, 0x60, 0x40, 0x1b, 0x03, 0x16, 0x60, 0x01, 0x60,
    0x01, 0x60, 0x40, 0x1b, 0x03, 0x82, 0x16, 0x11, 0x61, 0x0c, 0x88, 0x57, 0x61, 0x0c, 0x25, 0x92,
    0x50, 0x61, 0x12, 0xc5, 0x56, 0x5b, 0x60, 0x01, 0x60, 0x01, 0x60, 0x40, 0x1b, 0x03, 0x60, 0x06,
    0x54, 0x91, 0x16, 0x90, 0x60, 0x01, 0x60, 0x01, 0x60, 0x40, 0x1b, 0x03, 0x81, 0x16, 0x82, 0x11,
    0x61, 0x0c, 0x72, 0x57, 0x5b, 0x60, 0x40, 0x51, 0x34, 0x81, 0x52, 0x7f, 0x7c, 0x71, 0x79, 0x85,
    0xac, 0x27, 0x3e, 0x66, 0x3b, 0x7f, 0x30, 0x50, 0xf5, 0xb1, 0x5a, 0x43, 0x88, 0xff, 0x6e, 0xd9,
    0x52, 0x33, 0x89, 0x54, 0xf6, 0x50, 0xe2, 0x09, 0x3e, 0x13, 0x93, 0x7f, 0x60, 0x20, 0x30, 0x92,
    0xa2, 0x00, 0x5b, 0x67, 0xff, 0xff, 0xff, 0xff, 0xff, 0xff, 0xff, 0xff, 0x19, 0x16, 0x17, 0x60,
    0x06, 0x55, 0x80, 0x80, 0x61, 0x0c, 0x44, 0x56, 0x5b, 0x82, 0x65, 0x72, 0xba, 0x30, 0x4f, 0x80,
    0x00, 0x90, 0x63, 0x7e, 0xda, 0x69, 0x9b, 0x60, 0xe1, 0x1b, 0x5f, 0x52, 0x60, 0x04, 0x52, 0x60,
    0x24, 0x52, 0x60, 0x44, 0x5f, 0xfd, 0x5b, 0x63, 0x4e, 0x48, 0x7b, 0x71, 0x60, 0xe0, 0x1b, 0x5f,
    0x52, 0x60, 0x11, 0x60, 0x04, 0x52, 0x60, 0x24, 0x5f, 0xfd, 0x5b, 0x61, 0x0c, 0xd3, 0x91, 0x50,
    0x60, 0x20, 0x3d, 0x60, 0x20, 0x11, 0x61, 0x05, 0x60, 0x57, 0x61, 0x05, 0x51, 0x81, 0x83, 0x61,
    0x10, 0x14, 0x56, 0x5b, 0x82, 0x61, 0x0b, 0xdf, 0x56, 0x5b, 0x61, 0x0c, 0xf2, 0x91, 0x50, 0x60,
    0x20, 0x3d, 0x60, 0x20, 0x11, 0x61, 0x05, 0x60, 0x57, 0x61, 0x05, 0x51, 0x81, 0x83, 0x61, 0x10,
    0x14, 0x56, 0x5b, 0x81, 0x61, 0x0b, 0xb5, 0x56, 0x5b, 0x63, 0x1f, 0x2a, 0x20, 0x05, 0x60, 0xe0,
    0x1b, 0x5f, 0x52, 0x60, 0x04, 0x5f, 0xfd, 0x5b, 0x61, 0x0d, 0x20, 0x91, 0x50, 0x60, 0x20, 0x3d,
    0x60, 0x20, 0x11, 0x61, 0x05, 0xf4, 0x57, 0x61, 0x05, 0xe6, 0x81, 0x83, 0x61, 0x10, 0x14, 0x56,
    0x5b, 0x81, 0x61, 0x0b, 0x72, 0x56, 0x5b, 0x34, 0x61, 0x02, 0x46, 0x57, 0x60, 0x20, 0x36, 0x60,
    0x03, 0x19, 0x01, 0x12, 0x61, 0x02, 0x46, 0x57, 0x61, 0x06, 0x3a, 0x61, 0x0d, 0x42, 0x61, 0x0f,
    0xa0, 0x56, 0x5b, 0x61, 0x0d, 0x4a, 0x61, 0x17, 0x7d, 0x56, 0x5b, 0x61, 0x12, 0x24, 0x56, 0x5b,
    0x34, 0x61, 0x02, 0x46, 0x57, 0x5f, 0x36, 0x60, 0x03, 0x19, 0x01, 0x12, 0x61, 0x02, 0x46, 0x57,
    0x60, 0x40, 0x51, 0x63, 0x7e, 0x34, 0x5d, 0xef, 0x60, 0xe1, 0x1b, 0x81, 0x52, 0x60, 0x20, 0x81,
    0x60, 0x04, 0x81, 0x64, 0x01, 0x62, 0x5f, 0x10, 0x00, 0x5a, 0xfa, 0x90, 0x81, 0x15, 0x61, 0x05,
    0x67, 0x57, 0x5f, 0x91, 0x61, 0x0d, 0xf9, 0x57, 0x5b, 0x50, 0x60, 0x01, 0x60, 0x01, 0x60, 0x40,
    0x1b, 0x03, 0x60, 0x40, 0x51, 0x91, 0x63, 0x51, 0xcb, 0x86, 0xcd, 0x60, 0xe0, 0x1b, 0x83, 0x52,
    0x16, 0x60, 0x04, 0x82, 0x01, 0x52, 0x60, 0x20, 0x81, 0x60, 0x24, 0x81, 0x30, 0x5a, 0xfa, 0x80,
    0x15, 0x61, 0x05, 0x67, 0x57, 0x5f, 0x90, 0x61, 0x0d, 0xc6, 0x57, 0x5b, 0x60, 0x20, 0x90, 0x60,
    0x40, 0x51, 0x90, 0x81, 0x52, 0xf3, 0x5b, 0x50, 0x60, 0x20, 0x81, 0x3d, 0x60, 0x20, 0x11, 0x61,
    0x0d, 0xf1, 0x57, 0x5b, 0x81, 0x61, 0x0d, 0xe0, 0x60, 0x20, 0x93, 0x83, 0x61, 0x10, 0x14, 0x56,
    0x5b, 0x81, 0x01, 0x03, 0x12, 0x61, 0x02, 0x46, 0x57, 0x60, 0x20, 0x90, 0x51, 0x61, 0x0d, 0xbb,
    0x56, 0x5b, 0x3d, 0x91, 0x50, 0x61, 0x0d, 0xd3, 0x56, 0x5b, 0x61, 0x0e, 0x12, 0x91, 0x50, 0x60,
    0x20, 0x3d, 0x60, 0x20, 0x11, 0x61, 0x05, 0x60, 0x57, 0x61, 0x05, 0x51, 0x81, 0x83, 0x61, 0x10,
    0x14, 0x56, 0x5b, 0x81, 0x61, 0x0d, 0x88, 0x56, 0x5b, 0x34, 0x61, 0x02, 0x46, 0x57, 0x5f, 0x36,
    0x60, 0x03, 0x19, 0x01, 0x12, 0x61, 0x02, 0x46, 0x57, 0x60, 0x04, 0x54, 0x60, 0x40, 0x51, 0x60,
    0x01, 0x60, 0x01, 0x60, 0xa0, 0x1b, 0x03, 0x90, 0x91, 0x16, 0x81, 0x52, 0x60, 0x20, 0x90, 0xf3,
    0x5b, 0x34, 0x61, 0x02, 0x46, 0x57, 0x60, 0x20, 0x36, 0x60, 0x03, 0x19, 0x01, 0x12, 0x61, 0x02,
    0x46, 0x57, 0x61, 0x0e, 0x59, 0x61, 0x0f, 0xa0, 0x56, 0x5b, 0x60, 0x02, 0x54, 0x60, 0x01, 0x60,
    0x01, 0x60, 0xa0, 0x1b, 0x03, 0x16, 0x33, 0x81, 0x90, 0x03, 0x61, 0x05, 0xfb, 0x57, 0x60, 0x20,
    0x61, 0x06, 0xb0, 0x83, 0x61, 0x0e, 0x7b, 0x61, 0x16, 0xcd, 0x56, 0x5b, 0x61, 0x11, 0xb2, 0x56,
    0x5b, 0x34, 0x61, 0x02, 0x46, 0x57, 0x5f, 0x36, 0x60, 0x03, 0x19, 0x01, 0x12, 0x61, 0x02, 0x46,
    0x57, 0x60, 0x20, 0x61, 0x0e, 0x9a, 0x61, 0x10, 0xff, 0x56, 0x5b, 0x60, 0x01, 0x60, 0x01, 0x60,
    0x40, 0x1b, 0x03, 0x60, 0x40, 0x51, 0x91, 0x16, 0x81, 0x52, 0xf3, 0x5b, 0x34, 0x61, 0x02, 0x46,
    0x57, 0x5f, 0x36, 0x60, 0x03, 0x19, 0x01, 0x12, 0x61, 0x02, 0x46, 0x57, 0x60, 0x20, 0x61, 0x03,
    0x60, 0x61, 0x10, 0x8a, 0x56, 0x5b, 0x34, 0x61, 0x02, 0x46, 0x57, 0x60, 0x20, 0x36, 0x60, 0x03,
    0x19, 0x01, 0x12, 0x61, 0x02, 0x46, 0x57, 0x60, 0x02, 0x54, 0x60, 0x01, 0x60, 0x01, 0x60, 0xa0,
    0x1b, 0x03, 0x16, 0x33, 0x81, 0x90, 0x03, 0x61, 0x05, 0xfb, 0x57, 0x60, 0x40, 0x51, 0x63, 0x0b,
    0xcf, 0xee, 0x3f, 0x60, 0xe1, 0x1b, 0x81, 0x52, 0x60, 0x20, 0x81, 0x60, 0x04, 0x81, 0x64, 0x01,
    0x62, 0x5f, 0x20, 0x03, 0x5a, 0xfa, 0x90, 0x81, 0x15, 0x61, 0x05, 0x67, 0x57, 0x5f, 0x91, 0x61,
    0x0f, 0x23, 0x57, 0x5b, 0x50, 0x61, 0x05, 0xbd, 0x57, 0x61, 0x06, 0x3a, 0x60, 0x04, 0x35, 0x61,
    0x13, 0xe1, 0x56, 0x5b, 0x61, 0x0f, 0x3c, 0x91, 0x50, 0x60, 0x20, 0x3d, 0x60, 0x20, 0x11, 0x61,
    0x05, 0xf4, 0x57, 0x61, 0x05, 0xe6, 0x81, 0x83, 0x61, 0x10, 0x14, 0x56, 0x5b, 0x81, 0x61, 0x0f,
    0x13, 0x56, 0x5b, 0x34, 0x61, 0x02, 0x46, 0x57, 0x5f, 0x36, 0x60, 0x03, 0x19, 0x01, 0x12, 0x61,
    0x02, 0x46, 0x57, 0x60, 0x40, 0x51, 0x7f, 0x00, 0x00, 0x00, 0x00, 0x00, 0x00, 0x00, 0x00, 0x00,
    0x00, 0x00, 0x00, 0x00, 0x00, 0x00, 0x00, 0x00, 0x00, 0x00, 0x00, 0x00, 0x00, 0x00, 0x00, 0x00,
    0x00, 0x00, 0x00, 0x00, 0x00, 0x00, 0x00, 0x60, 0x01, 0x60, 0x01, 0x60, 0xa0, 0x1b, 0x03, 0x16,
    0x81, 0x52, 0x60, 0x20, 0x90, 0xf3, 0x5b, 0x34, 0x61, 0x02, 0x46, 0x57, 0x5f, 0x36, 0x60, 0x03,
    0x19, 0x01, 0x12, 0x61, 0x02, 0x46, 0x57, 0x60, 0x20, 0x90, 0x60, 0x05, 0x54, 0x81, 0x52, 0xf3,
    0x5b, 0x60, 0x04, 0x35, 0x90, 0x60, 0x01, 0x60, 0x01, 0x60, 0xa0, 0x1b, 0x03, 0x82, 0x16, 0x82,
    0x03, 0x61, 0x02, 0x46, 0x57, 0x56, 0x5b, 0x34, 0x61, 0x02, 0x46, 0x57, 0x60, 0x20, 0x36, 0x60,
    0x03, 0x19, 0x01, 0x12, 0x61, 0x02, 0x46, 0x57, 0x60, 0x04, 0x35, 0x60, 0x01, 0x60, 0x01, 0x60,
    0x40, 0x1b, 0x03, 0x81, 0x16, 0x81, 0x03, 0x61, 0x02, 0x46, 0x57, 0x61, 0x03, 0x60, 0x60, 0x20,
    0x91, 0x61, 0x17, 0x90, 0x56, 0x5b, 0x60, 0x40, 0x81, 0x01, 0x90, 0x81, 0x10, 0x60, 0x01, 0x60,
    0x01, 0x60, 0x40, 0x1b, 0x03, 0x82, 0x11, 0x17, 0x61, 0x10, 0x00, 0x57, 0x60, 0x40, 0x52, 0x56,
    0x5b, 0x63, 0x4e, 0x48, 0x7b, 0x71, 0x60, 0xe0, 0x1b, 0x5f, 0x52, 0x60, 0x41, 0x60, 0x04, 0x52,
    0x60, 0x24, 0x5f, 0xfd, 0x5b, 0x90, 0x60, 0x1f, 0x80, 0x19, 0x91, 0x01, 0x16, 0x81, 0x01, 0x90,
    0x81, 0x10, 0x60, 0x01, 0x60, 0x01, 0x60, 0x40, 0x1b, 0x03, 0x82, 0x11, 0x17, 0x61, 0x10, 0x00,
    0x57, 0x60, 0x40, 0x52, 0x56, 0x5b, 0x90, 0x81, 0x60, 0x20, 0x91, 0x03, 0x12, 0x61, 0x02, 0x46,
    0x57, 0x51, 0x80, 0x15, 0x15, 0x81, 0x03, 0x61, 0x02, 0x46, 0x57, 0x90, 0x56, 0x5b, 0x91, 0x90,
    0x82, 0x03, 0x91, 0x82, 0x11, 0x61, 0x0c, 0xa6, 0x57, 0x56, 0x5b, 0x60, 0x07, 0x54, 0x81, 0x10,
    0x15, 0x61, 0x10, 0x76, 0x57, 0x60, 0x07, 0x5f, 0x52, 0x60, 0x20, 0x5f, 0x20, 0x90, 0x60, 0x01,
    0x1b, 0x01, 0x90, 0x5f, 0x90, 0x56, 0x5b, 0x63, 0x4e, 0x48, 0x7b, 0x71, 0x60, 0xe0, 0x1b, 0x5f,
    0x52, 0x60, 0x32, 0x60, 0x04, 0x52, 0x60, 0x24, 0x5f, 0xfd, 0x5b, 0x60, 0x07, 0x54, 0x80, 0x15,
    0x61, 0x10, 0xbb, 0x57, 0x5f, 0x19, 0x81, 0x01, 0x90, 0x81, 0x11, 0x61, 0x0c, 0xa6, 0x57, 0x60,
    0x01, 0x61, 0x10, 0xac, 0x61, 0x10, 0xb8, 0x92, 0x61, 0x10, 0x5a, 0x56, 0x5b, 0x50, 0x01, 0x54,
    0x60, 0x08, 0x54, 0x90, 0x61, 0x10, 0x4d, 0x56, 0x5b, 0x90, 0x56, 0x5b, 0x50, 0x5f, 0x90, 0x56,
    0x5b, 0x90, 0x81, 0x60, 0x20, 0x91, 0x03, 0x12, 0x61, 0x02, 0x46, 0x57, 0x51, 0x60, 0x01, 0x60,
    0x01, 0x60, 0x40, 0x1b, 0x03, 0x81, 0x16, 0x81, 0x03, 0x61, 0x02, 0x46, 0x57, 0x90, 0x56, 0x5b,
    0x90, 0x60, 0x01, 0x60, 0x01, 0x60, 0x40, 0x1b, 0x03, 0x80, 0x91, 0x16, 0x91, 0x16, 0x03, 0x90,
    0x60, 0x01, 0x60, 0x01, 0x60, 0x40, 0x1b, 0x03, 0x82, 0x11, 0x61, 0x0c, 0xa6, 0x57, 0x56, 0x5b,
    0x60, 0x40, 0x51, 0x63, 0x7e, 0x34, 0x5d, 0xef, 0x60, 0xe1, 0x1b, 0x81, 0x52, 0x60, 0x20, 0x81,
    0x60, 0x04, 0x81, 0x64, 0x01, 0x62, 0x5f, 0x10, 0x00, 0x5a, 0xfa, 0x90, 0x81, 0x15, 0x61, 0x05,
    0x67, 0x57, 0x5f, 0x91, 0x61, 0x11, 0x55, 0x57, 0x5b, 0x50, 0x60, 0x01, 0x60, 0x01, 0x60, 0x40,
    0x1b, 0x03, 0x60, 0x06, 0x54, 0x16, 0x90, 0x60, 0x01, 0x60, 0x01, 0x60, 0x40, 0x1b, 0x03, 0x81,
    0x16, 0x82, 0x11, 0x61, 0x11, 0x4c, 0x57, 0x50, 0x50, 0x5f, 0x90, 0x56, 0x5b, 0x61, 0x10, 0xb8,
    0x91, 0x61, 0x10, 0xdf, 0x56, 0x5b, 0x61, 0x11, 0x6e, 0x91, 0x50, 0x60, 0x20, 0x3d, 0x60, 0x20,
    0x11, 0x61, 0x05, 0x60, 0x57, 0x61, 0x05, 0x51, 0x81, 0x83, 0x61, 0x10, 0x14, 0x56, 0x5b, 0x5f,
    0x61, 0x11, 0x28, 0x56, 0x5b, 0x3d, 0x15, 0x61, 0x11, 0xad, 0x57, 0x3d, 0x90, 0x60, 0x01, 0x60,
    0x01, 0x60, 0x40, 0x1b, 0x03, 0x82, 0x11, 0x61, 0x10, 0x00, 0x57, 0x60, 0x40, 0x51, 0x91, 0x61,
    0x11, 0xa2, 0x60, 0x1f, 0x82, 0x01, 0x60, 0x1f, 0x19, 0x16, 0x60, 0x20, 0x01, 0x84, 0x61, 0x10,
    0x14, 0x56, 0x5b, 0x82, 0x52, 0x3d, 0x5f, 0x60, 0x20, 0x84, 0x01, 0x3e, 0x56, 0x5b, 0x60, 0x60,
    0x90, 0x56, 0x5b, 0x90, 0x61, 0x11, 0xbb, 0x61, 0x17, 0x2b, 0x56, 0x5b, 0x91, 0x82, 0x15, 0x61,
    0x12, 0x1e, 0x57, 0x5f, 0x80, 0x80, 0x85, 0x81, 0x94, 0x60, 0x01, 0x80, 0x60, 0xa0, 0x1b, 0x03,
    0x16, 0x80, 0x60, 0x40, 0x51, 0x83, 0x81, 0x52, 0x7f, 0x52, 0x02, 0xb7, 0x90, 0xbb, 0xfc, 0x60,
    0xcd, 0xee, 0xc9, 0x26, 0x3f, 0xb3, 0x5a, 0x33, 0x8a, 0xc1, 0xcd, 0xf6, 0x79, 0x8a, 0xb4, 0x16,
    0x3b, 0xfc, 0xed, 0x25, 0x51, 0x75, 0x9a, 0x74, 0xa9, 0x60, 0x20, 0x30, 0x92, 0xa3, 0x5a, 0xf1,
    0x61, 0x12, 0x07, 0x61, 0x11, 0x74, 0x56, 0x5b, 0x50, 0x15, 0x61, 0x12, 0x0f, 0x57, 0x56, 0x5b,
    0x63, 0x12, 0x17, 0x1d, 0x83, 0x60, 0xe3, 0x1b, 0x5f, 0x52, 0x60, 0x04, 0x5f, 0xfd, 0x5b, 0x50,
    0x5f, 0x91, 0x50, 0x56, 0x5b, 0x60, 0x01, 0x60, 0x01, 0x60, 0xa0, 0x1b, 0x03, 0x81, 0x16, 0x80,
    0x15, 0x61, 0x12, 0xa9, 0x57, 0x60, 0x04, 0x54, 0x60, 0x01, 0x60, 0x01, 0x60, 0xa0, 0x1b, 0x03,
    0x81, 0x16, 0x92, 0x82, 0x84, 0x14, 0x61, 0x12, 0xa3, 0x57, 0x60, 0x01, 0x60, 0x01, 0x60, 0xa0,
    0x1b, 0x03, 0x19, 0x90, 0x91, 0x16, 0x90, 0x91, 0x17, 0x60, 0x04, 0x55, 0x60, 0x40, 0x80, 0x51,
    0x60, 0x01, 0x60, 0x01, 0x60, 0xa0, 0x1b, 0x03, 0x93, 0x84, 0x16, 0x81, 0x52, 0x92, 0x90, 0x91,
    0x16, 0x60, 0x20, 0x83, 0x01, 0x52, 0x30, 0x91, 0x7f, 0x92, 0x68, 0xb9, 0x72, 0x6f, 0x38, 0x82,
    0x49, 0x65, 0x64, 0x9b, 0xfc, 0xf3, 0xb0, 0xd3, 0x2f, 0xf5, 0x08, 0x16, 0x21, 0x6b, 0xf7, 0xcd,
    0xbd, 0x57, 0xab, 0xc3, 0xcc, 0x8c, 0x5d, 0xab, 0x12, 0x91, 0x81, 0x90, 0x81, 0x01, 0x5b, 0x03,
    0x90, 0xa2, 0x56, 0x5b, 0x50, 0x50, 0x50, 0x50, 0x56, 0x5b, 0x63, 0xd9, 0x2e, 0x23, 0x3d, 0x60,
    0xe0, 0x1b, 0x5f, 0x52, 0x60, 0x04, 0x5f, 0xfd, 0x5b, 0x91, 0x90, 0x82, 0x01, 0x80, 0x92, 0x11,
    0x61, 0x0c, 0xa6, 0x57, 0x56, 0x5b, 0x90, 0x60, 0x01, 0x60, 0x01, 0x60, 0x40, 0x1b, 0x03, 0x80,
    0x91, 0x16, 0x91, 0x16, 0x01, 0x90, 0x60, 0x01, 0x60, 0x01, 0x60, 0x40, 0x1b, 0x03, 0x82, 0x11,
    0x61, 0x0c, 0xa6, 0x57, 0x56, 0x5b, 0x60, 0x01, 0x60, 0x01, 0x60, 0xa0, 0x1b, 0x03, 0x81, 0x16,
    0x80, 0x15, 0x61, 0x12, 0xa9, 0x57, 0x60, 0x02, 0x54, 0x60, 0x01, 0x60, 0x01, 0x60, 0xa0, 0x1b,
    0x03, 0x81, 0x16, 0x92, 0x82, 0x84, 0x14, 0x61, 0x12, 0xa3, 0x57, 0x60, 0x01, 0x60, 0x01, 0x60,
    0xa0, 0x1b, 0x03, 0x19, 0x90, 0x91, 0x16, 0x90, 0x91, 0x17, 0x60, 0x02, 0x55, 0x60, 0x40, 0x80,
    0x51, 0x60, 0x01, 0x60, 0x01, 0x60, 0xa0, 0x1b, 0x03, 0x93, 0x84, 0x16, 0x81, 0x52, 0x92, 0x90,
    0x91, 0x16, 0x60, 0x20, 0x83, 0x01, 0x52, 0x30, 0x91, 0x7f, 0x98, 0x39, 0x26, 0x75, 0x67, 0x55,
    0x1f, 0x9b, 0x01, 0x77, 0xb3, 0x29, 0x39, 0x43, 0x08, 0xfa, 0x17, 0xd5, 0xb8, 0x54, 0x67, 0x60,
    0x19, 0xa9, 0x62, 0x01, 0x02, 0x83, 0xcb, 0xa2, 0xc3, 0xd4, 0x91, 0x81, 0x90, 0x81, 0x01, 0x61,
    0x12, 0x9e, 0x56, 0x5b, 0x60, 0x01, 0x60, 0x01, 0x60, 0xa0, 0x1b, 0x03, 0x81, 0x16, 0x80, 0x15,
    0x61, 0x12, 0xa9, 0x57, 0x60, 0x03, 0x54, 0x60, 0x01, 0x60, 0x01, 0x60, 0xa0, 0x1b, 0x03, 0x81,
    0x16, 0x92, 0x82, 0x84, 0x14, 0x61, 0x12, 0xa3, 0x57, 0x60, 0x01, 0x60, 0x01, 0x60, 0xa0, 0x1b,
    0x03, 0x19, 0x90, 0x91, 0x16, 0x90, 0x91, 0x17, 0x60, 0x03, 0x55, 0x60, 0x40, 0x80, 0x51, 0x60,
    0x01, 0x60, 0x01, 0x60, 0xa0, 0x1b, 0x03, 0x93, 0x84, 0x16, 0x81, 0x52, 0x92, 0x90, 0x91, 0x16,
    0x60, 0x20, 0x83, 0x01, 0x52, 0x30, 0x91, 0x7f, 0x01, 0xc8, 0x73, 0x01, 0x22, 0xff, 0x73, 0x36,
    0x96, 0x29, 0x94, 0x0a, 0x52, 0x96, 0xf4, 0xe7, 0x10, 0x0e, 0xf1, 0x63, 0x17, 0xd9, 0x43, 0xfb,
    0xbb, 0xfa, 0x1b, 0x01, 0x93, 0xac, 0x35, 0xcb, 0x91, 0x81, 0x90, 0x81, 0x01, 0x61, 0x12, 0x9e,
    0x56, 0x5b, 0x80, 0x15, 0x61, 0x0c, 0xf8, 0x57, 0x60, 0x05, 0x54, 0x80, 0x82, 0x11, 0x61, 0x16,
    0xb7, 0x57, 0x60, 0x40, 0x51, 0x63, 0xfa, 0xcd, 0x74, 0x3b, 0x60, 0xe0, 0x1b, 0x81, 0x52, 0x30,
    0x60, 0x04, 0x82, 0x01, 0x52, 0x60, 0x20, 0x81, 0x60, 0x24, 0x81, 0x64, 0x01, 0x62, 0x5f, 0x20,
    0x01, 0x5a, 0xfa, 0x80, 0x15, 0x61, 0x05, 0x67, 0x57, 0x83, 0x91, 0x5f, 0x91, 0x61, 0x16, 0x98,
    0x57, 0x5b, 0x50, 0x61, 0x15, 0x5d, 0x57, 0x5b, 0x61, 0x14, 0x30, 0x91, 0x61, 0x10, 0x4d, 0x56,
    0x5b, 0x60, 0x05, 0x55, 0x60, 0x01, 0x60, 0x01, 0x60, 0x40, 0x1b, 0x03, 0x60, 0x06, 0x54, 0x16,
    0x60, 0x07, 0x54, 0x80, 0x15, 0x5f, 0x14, 0x61, 0x14, 0xa7, 0x57, 0x50, 0x60, 0x40, 0x51, 0x61,
    0x14, 0x68, 0x91, 0x61, 0x14, 0x5b, 0x82, 0x61, 0x0f, 0xe5, 0x56, 0x5b, 0x81, 0x52, 0x82, 0x60,
    0x20, 0x82, 0x01, 0x52, 0x61, 0x19, 0x79, 0x56, 0x5b, 0x60, 0x01, 0x60, 0x01, 0x60, 0x40, 0x1b,
    0x03, 0x60, 0x06, 0x54, 0x16, 0x60, 0x40, 0x51, 0x91, 0x82, 0x52, 0x60, 0x20, 0x82, 0x01, 0x52,
    0x7f, 0x53, 0x6c, 0x53, 0xe1, 0x1d, 0xb8, 0x10, 0x5c, 0x78, 0x7d, 0x8d, 0x5f, 0xce, 0x8b, 0x01,
    0xf6, 0x89, 0xae, 0xfd, 0x57, 0x77, 0x1d, 0xad, 0x0d, 0x0c, 0x62, 0xc3, 0x3a, 0xf2, 0xec, 0xc1,
    0xf9, 0x60, 0x40, 0x30, 0x92, 0xa2, 0x56, 0x5b, 0x5f, 0x19, 0x81, 0x01, 0x81, 0x81, 0x11, 0x61,
    0x0c, 0xa6, 0x57, 0x61, 0x14, 0xbb, 0x90, 0x61, 0x10, 0x5a, 0x56, 0x5b, 0x50, 0x90, 0x60, 0x01,
    0x60, 0x01, 0x60, 0x40, 0x1b, 0x03, 0x82, 0x54, 0x16, 0x83, 0x81, 0x14, 0x5f, 0x14, 0x61, 0x14,
    0xea, 0x57, 0x50, 0x50, 0x60, 0x01, 0x91, 0x50, 0x01, 0x61, 0x14, 0xe3, 0x82, 0x82, 0x54, 0x61,
    0x12, 0xb8, 0x56, 0x5b, 0x90, 0x55, 0x61, 0x14, 0x68, 0x56, 0x5b, 0x83, 0x81, 0x10, 0x15, 0x61,
    0x15, 0x46, 0x57, 0x50, 0x61, 0x03, 0xe8, 0x81, 0x10, 0x15, 0x61, 0x15, 0x2e, 0x57, 0x50, 0x90,
    0x61, 0x15, 0x10, 0x83, 0x60, 0x01, 0x61, 0x15, 0x29, 0x94, 0x01, 0x54, 0x61, 0x12, 0xb8, 0x56,
    0x5b, 0x60, 0x40, 0x51, 0x91, 0x61, 0x15, 0x1d, 0x83, 0x61, 0x0f, 0xe5, 0x56, 0x5b, 0x82, 0x52,
    0x60, 0x20, 0x82, 0x01, 0x52, 0x61, 0x19, 0x79, 0x56, 0x5b, 0x61, 0x14, 0x68, 0x56, 0x5b, 0x63,
    0x49, 0x38, 0x45, 0xf7, 0x60, 0xe0, 0x1b, 0x5f, 0x52, 0x60, 0x04, 0x52, 0x61, 0x03, 0xe8, 0x60,
    0x24, 0x52, 0x60, 0x44, 0x5f, 0xfd, 0x5b, 0x83, 0x90, 0x63, 0x50, 0x57, 0x9b, 0x29, 0x60, 0xe0,
    0x1b, 0x5f, 0x52, 0x60, 0x04, 0x52, 0x60, 0x24, 0x52, 0x60, 0x44, 0x5f, 0xfd, 0x5b, 0x50, 0x60,
    0x40, 0x51, 0x63, 0xa3, 0x10, 0x62, 0x4f, 0x60, 0xe0, 0x1b, 0x81, 0x52, 0x30, 0x60, 0x04, 0x82,
    0x01, 0x52, 0x60, 0x20, 0x81, 0x60, 0x24, 0x81, 0x64, 0x01, 0x62, 0x5f, 0x20, 0x01, 0x5a, 0xfa,
    0x90, 0x81, 0x15, 0x61, 0x05, 0x67, 0x57, 0x5f, 0x91, 0x61, 0x16, 0x5d, 0x57, 0x5b, 0x50, 0x60,
    0x04, 0x81, 0x10, 0x15, 0x61, 0x16, 0x49, 0x57, 0x80, 0x60, 0x02, 0x84, 0x92, 0x14, 0x90, 0x81,
    0x15, 0x61, 0x16, 0x3e, 0x57, 0x5b, 0x50, 0x15, 0x61, 0x14, 0x27, 0x57, 0x50, 0x60, 0x40, 0x51,
    0x63, 0xaa, 0x75, 0x17, 0xe1, 0x60, 0xe0, 0x1b, 0x81, 0x52, 0x60, 0x20, 0x81, 0x60, 0x04, 0x81,
    0x64, 0x01, 0x62, 0x5f, 0x10, 0x02, 0x5a, 0xfa, 0x90, 0x81, 0x15, 0x61, 0x05, 0x67, 0x57, 0x5f,
    0x91, 0x61, 0x16, 0x0c, 0x57, 0x5b, 0x50, 0x80, 0x61, 0x15, 0xe1, 0x84, 0x84, 0x61, 0x10, 0x4d,
    0x56, 0x5b, 0x10, 0x61, 0x15, 0xed, 0x57, 0x50, 0x81, 0x61, 0x14, 0x27, 0x56, 0x5b, 0x91, 0x61,
    0x15, 0xf7, 0x91, 0x61, 0x10, 0x4d, 0x56, 0x5b, 0x63, 0x03, 0x98, 0xe3, 0xfb, 0x60, 0xe1, 0x1b,
    0x5f, 0x52, 0x60, 0x04, 0x52, 0x60, 0x24, 0x52, 0x60, 0x44, 0x5f, 0xfd, 0x5b, 0x90, 0x50, 0x60,
    0x20, 0x81, 0x3d, 0x60, 0x20, 0x11, 0x61, 0x16, 0x36, 0x57, 0x5b, 0x81, 0x61, 0x16, 0x27, 0x60,
    0x20, 0x93, 0x83, 0x61, 0x10, 0x14, 0x56, 0x5b, 0x81, 0x01, 0x03, 0x12, 0x61, 0x02, 0x46, 0x57,
    0x51, 0x5f, 0x61, 0x15, 0xd5, 0x56, 0x5b, 0x3d, 0x91, 0x50, 0x61, 0x16, 0x1a, 0x56, 0x5b, 0x60,
    0x03, 0x91, 0x50, 0x14, 0x5f, 0x61, 0x15, 0xa5, 0x56, 0x5b, 0x63, 0x4e, 0x48, 0x7b, 0x71, 0x60,
    0xe0, 0x1b, 0x5f, 0x52, 0x60, 0x21, 0x60, 0x04, 0x52, 0x60, 0x24, 0x5f, 0xfd, 0x5b, 0x90, 0x50,
    0x60, 0x20, 0x81, 0x3d, 0x60, 0x20, 0x11, 0x61, 0x16, 0x90, 0x57, 0x5b, 0x81, 0x61, 0x16, 0x78,
    0x60, 0x20, 0x93, 0x83, 0x61, 0x10, 0x14, 0x56, 0x5b, 0x81, 0x01, 0x03, 0x12, 0x61, 0x02, 0x46,
    0x57, 0x51, 0x60, 0x04, 0x81, 0x10, 0x15, 0x61, 0x02, 0x46, 0x57, 0x5f, 0x61, 0x15, 0x8d, 0x56,
    0x5b, 0x3d, 0x91, 0x50, 0x61, 0x16, 0x6b, 0x56, 0x5b, 0x61, 0x16, 0xb1, 0x91, 0x50, 0x60, 0x20,
    0x3d, 0x60, 0x20, 0x11, 0x61, 0x05, 0xf4, 0x57, 0x61, 0x05, 0xe6, 0x81, 0x83, 0x61, 0x10, 0x14,
    0x56, 0x5b, 0x5f, 0x61, 0x14, 0x21, 0x56, 0x5b, 0x90, 0x63, 0x50, 0x3a, 0x9f, 0xa3, 0x60, 0xe1,
    0x1b, 0x5f, 0x52, 0x60, 0x04, 0x52, 0x60, 0x24, 0x52, 0x60, 0x44, 0x5f, 0xfd, 0x5b, 0x60, 0x02,
    0x7f, 0x9b, 0x77, 0x9b, 0x17, 0x42, 0x2d, 0x0d, 0xf9, 0x22, 0x23, 0x01, 0x8b, 0x32, 0xb4, 0xd1,
    0xfa, 0x46, 0xe0, 0x71, 0x72, 0x3d, 0x68, 0x17, 0xe2, 0x48, 0x6d, 0x00, 0x3b, 0xec, 0xc5, 0x5f,
    0x00, 0x54, 0x14, 0x61, 0x17, 0x1c, 0x57, 0x60, 0x02, 0x7f, 0x9b, 0x77, 0x9b, 0x17, 0x42, 0x2d,
    0x0d, 0xf9, 0x22, 0x23, 0x01, 0x8b, 0x32, 0xb4, 0xd1, 0xfa, 0x46, 0xe0, 0x71, 0x72, 0x3d, 0x68,
    0x17, 0xe2, 0x48, 0x6d, 0x00, 0x3b, 0xec, 0xc5, 0x5f, 0x00, 0x55, 0x56, 0x5b, 0x63, 0x3e, 0xe5,
    0xae, 0xb5, 0x60, 0xe0, 0x1b, 0x5f, 0x52, 0x60, 0x04, 0x5f, 0xfd, 0x5b, 0x60, 0x07, 0x54, 0x5f,
    0x81, 0x61, 0x17, 0x5b, 0x57, 0x5b, 0x61, 0x17, 0x42, 0x91, 0x50, 0x60, 0x05, 0x54, 0x61, 0x12,
    0xb8, 0x56, 0x5b, 0x47, 0x90, 0x80, 0x82, 0x11, 0x15, 0x61, 0x17, 0x55, 0x57, 0x61, 0x10, 0xb8,
    0x91, 0x61, 0x10, 0x4d, 0x56, 0x5b, 0x50, 0x50, 0x5f, 0x90, 0x56, 0x5b, 0x50, 0x5f, 0x19, 0x81,
    0x01, 0x90, 0x81, 0x11, 0x61, 0x0c, 0xa6, 0x57, 0x61, 0x17, 0x78, 0x60, 0x01, 0x61, 0x10, 0xac,
    0x61, 0x17, 0x42, 0x93, 0x61, 0x10, 0x5a, 0x56, 0x5b, 0x61, 0x17, 0x35, 0x56, 0x5b, 0x5f, 0x54,
    0x60, 0x01, 0x60, 0x01, 0x60, 0xa0, 0x1b, 0x03, 0x16, 0x33, 0x03, 0x61, 0x0a, 0x72, 0x57, 0x56,
    0x5b, 0x60, 0x06, 0x54, 0x60, 0x01, 0x60, 0x01, 0x60, 0x40, 0x1b, 0x03, 0x90, 0x81, 0x16, 0x90,
    0x82, 0x16, 0x11, 0x61, 0x18, 0x2a, 0x57, 0x61, 0x17, 0xb2, 0x60, 0x05, 0x54, 0x91, 0x61, 0x19,
    0xf0, 0x56, 0x5b, 0x60, 0x08, 0x54, 0x90, 0x81, 0x80, 0x82, 0x11, 0x61, 0x18, 0x1b, 0x57, 0x50,
    0x50, 0x5f, 0x90, 0x5b, 0x60, 0x07, 0x54, 0x5f, 0x91, 0x81, 0x61, 0x17, 0xf1, 0x57, 0x5b, 0x50,
    0x50, 0x80, 0x82, 0x10, 0x15, 0x61, 0x17, 0xec, 0x57, 0x61, 0x10, 0xb8, 0x92, 0x91, 0x61, 0x17,
    0xe6, 0x91, 0x61, 0x10, 0x4d, 0x56, 0x5b, 0x90, 0x61, 0x12, 0xb8, 0x56, 0x5b, 0x50, 0x50, 0x90,
    0x56, 0x5b, 0x5f, 0x19, 0x82, 0x01, 0x92, 0x50, 0x90, 0x82, 0x11, 0x61, 0x0c, 0xa6, 0x57, 0x60,
    0x01, 0x61, 0x18, 0x0c, 0x61, 0x18, 0x14, 0x93, 0x61, 0x10, 0x5a, 0x56, 0x5b, 0x50, 0x01, 0x54,
    0x61, 0x10, 0x4d, 0x56, 0x5b, 0x5f, 0x80, 0x61, 0x17, 0xce, 0x56, 0x5b, 0x61, 0x18, 0x24, 0x91,
    0x61, 0x10, 0x4d, 0x56, 0x5b, 0x90, 0x61, 0x17, 0xc3, 0x56, 0x5b, 0x61, 0x17, 0xb2, 0x5f, 0x91,
    0x61, 0x19, 0xf0, 0x56, 0x5b, 0x90, 0x61, 0x18, 0x3d, 0x61, 0x18, 0x98, 0x56, 0x5b, 0x91, 0x82,
    0x15, 0x61, 0x12, 0x1e, 0x57, 0x5f, 0x80, 0x80, 0x85, 0x81, 0x94, 0x61, 0x18, 0x56, 0x82, 0x60,
    0x08, 0x54, 0x61, 0x12, 0xb8, 0x56, 0x5b, 0x60, 0x08, 0x55, 0x60, 0x01, 0x80, 0x60, 0xa0, 0x1b,
    0x03, 0x16, 0x80, 0x60, 0x40, 0x51, 0x83, 0x81, 0x52, 0x7f, 0xd0, 0xd8, 0x95, 0x37, 0xda, 0xf7,
    0xd9, 0xf2, 0xb5, 0xb2, 0x31, 0x5d, 0x3a, 0xf4, 0x7f, 0x1f, 0xe0, 0x44, 0x19, 0x96, 0x62, 0x47,
    0xff, 0xb9, 0x63, 0xb1, 0xfa, 0x5b, 0x07, 0x7c, 0x06, 0x36, 0x60, 0x20, 0x30, 0x92, 0xa3, 0x5a,
    0xf1, 0x61, 0x12, 0x07, 0x61, 0x11, 0x74, 0x56, 0x5b, 0x60, 0x07, 0x54, 0x15, 0x61, 0x19, 0x75,
    0x57, 0x60, 0x40, 0x51, 0x63, 0x7e, 0x34, 0x5d, 0xef, 0x60, 0xe1, 0x1b, 0x81, 0x52, 0x60, 0x20,
    0x81, 0x60, 0x04, 0x81, 0x64, 0x01, 0x62, 0x5f, 0x10, 0x00, 0x5a, 0xfa, 0x90, 0x81, 0x15, 0x61,
    0x05, 0x67, 0x57, 0x5f, 0x91, 0x61, 0x19, 0x56, 0x57, 0x5b, 0x50, 0x60, 0x40, 0x51, 0x63, 0xd8,
    0xf0, 0x8a, 0xb5, 0x60, 0xe0, 0x1b, 0x81, 0x52, 0x90, 0x60, 0x20, 0x82, 0x60, 0x04, 0x81, 0x64,
    0x01, 0x62, 0x5f, 0x10, 0x01, 0x5a, 0xfa, 0x91, 0x82, 0x15, 0x61, 0x05, 0x67, 0x57, 0x5f, 0x92,
    0x61, 0x19, 0x35, 0x57, 0x5b, 0x50, 0x60, 0x01, 0x60, 0x01, 0x60, 0x40, 0x1b, 0x03, 0x82, 0x16,
    0x60, 0x01, 0x60, 0x01, 0x60, 0x40, 0x1b, 0x03, 0x82, 0x16, 0x11, 0x15, 0x61, 0x17, 0x55, 0x57,
    0x61, 0x19, 0x21, 0x91, 0x61, 0x19, 0x1c, 0x91, 0x61, 0x10, 0xdf, 0x56, 0x5b, 0x61, 0x19, 0xf0,
    0x56, 0x5b, 0x60, 0x08, 0x54, 0x80, 0x82, 0x11, 0x15, 0x61, 0x17, 0x55, 0x57, 0x61, 0x10, 0xb8,
    0x91, 0x61, 0x10, 0x4d, 0x56, 0x5b, 0x61, 0x19, 0x4f, 0x91, 0x92, 0x50, 0x60, 0x20, 0x3d, 0x60,
    0x20, 0x11, 0x61, 0x05, 0x60, 0x57, 0x61, 0x05, 0x51, 0x81, 0x83, 0x61, 0x10, 0x14, 0x56, 0x5b,
    0x90, 0x5f, 0x61, 0x18, 0xf4, 0x56, 0x5b, 0x61, 0x19, 0x6f, 0x91, 0x50, 0x60, 0x20, 0x3d, 0x60,
    0x20, 0x11, 0x61, 0x05, 0x60, 0x57, 0x61, 0x05, 0x51, 0x81, 0x83, 0x61, 0x10, 0x14, 0x56, 0x5b,
    0x5f, 0x61, 0x18, 0xc9, 0x56, 0x5b, 0x5f, 0x90, 0x56, 0x5b, 0x60, 0x07, 0x54, 0x68, 0x01, 0x00,
    0x00, 0x00, 0x00, 0x00, 0x00, 0x00, 0x00, 0x81, 0x10, 0x15, 0x61, 0x10, 0x00, 0x57, 0x60, 0x01,
    0x81, 0x01, 0x60, 0x07, 0x55, 0x60, 0x07, 0x54, 0x81, 0x10, 0x15, 0x61, 0x10, 0x76, 0x57, 0x60,
    0x07, 0x5f, 0x52, 0x60, 0x01, 0x1b, 0x7f, 0xa6, 0x6c, 0xc9, 0x28, 0xb5, 0xed, 0xb8, 0x2a, 0xf9,
    0xbd, 0x49, 0x92, 0x29, 0x54, 0x15, 0x5a, 0xb7, 0xb0, 0x94, 0x26, 0x94, 0xbe, 0xa4, 0xce, 0x44,
    0x66, 0x1d, 0x9a, 0x87, 0x36, 0xc6, 0x88, 0x01, 0x90, 0x60, 0x20, 0x81, 0x60, 0x01, 0x60, 0x01,
    0x60, 0x40, 0x1b, 0x03, 0x80, 0x60, 0x01, 0x94, 0x51, 0x16, 0x16, 0x60, 0x01, 0x60, 0x01, 0x60,
    0x40, 0x1b, 0x03, 0x19, 0x85, 0x54, 0x16, 0x17, 0x84, 0x55, 0x01, 0x51, 0x91, 0x01, 0x55, 0x56,
    0x5b, 0x60, 0x07, 0x54, 0x80, 0x15, 0x61, 0x17, 0x55, 0x57, 0x60, 0x07, 0x54, 0x15, 0x61, 0x10,
    0x76, 0x57, 0x60, 0x07, 0x5f, 0x52, 0x7f, 0xa6, 0x6c, 0xc9, 0x28, 0xb5, 0xed, 0xb8, 0x2a, 0xf9,
    0xbd, 0x49, 0x92, 0x29, 0x54, 0x15, 0x5a, 0xb7, 0xb0, 0x94, 0x26, 0x94, 0xbe, 0xa4, 0xce, 0x44,
    0x66, 0x1d, 0x9a, 0x87, 0x36, 0xc6, 0x88, 0x54, 0x60, 0x01, 0x60, 0x01, 0x60, 0x40, 0x1b, 0x03,
    0x92, 0x83, 0x16, 0x92, 0x16, 0x82, 0x11, 0x15, 0x61, 0x17, 0x55, 0x57, 0x5f, 0x19, 0x81, 0x01,
    0x90, 0x81, 0x11, 0x90, 0x81, 0x61, 0x0c, 0xa6, 0x57, 0x82, 0x60, 0x01, 0x60, 0x01, 0x60, 0x40,
    0x1b, 0x03, 0x61, 0x1a, 0x5a, 0x83, 0x61, 0x10, 0x5a, 0x56, 0x5b, 0x50, 0x54, 0x16, 0x10, 0x61,
    0x1a, 0xb3, 0x57, 0x5f, 0x91, 0x61, 0x0c, 0xa6, 0x57, 0x90, 0x5b, 0x60, 0x01, 0x81, 0x01, 0x80,
    0x82, 0x11, 0x61, 0x0c, 0xa6, 0x57, 0x82, 0x11, 0x15, 0x61, 0x1a, 0xb3, 0x57, 0x61, 0x1a, 0x86,
    0x82, 0x82, 0x61, 0x12, 0xb8, 0x56, 0x5b, 0x60, 0x01, 0x1c, 0x90, 0x83, 0x60, 0x01, 0x60, 0x01,
    0x60, 0x40, 0x1b, 0x03, 0x61, 0x1a, 0x9c, 0x84, 0x61, 0x10, 0x5a, 0x56, 0x5b, 0x50, 0x54, 0x16,
    0x10, 0x15, 0x61, 0x1a, 0xab, 0x57, 0x50, 0x61, 0x1a, 0x6a, 0x56, 0x5b, 0x91, 0x50, 0x90, 0x61,
    0x1a, 0x6a, 0x56, 0x5b, 0x60, 0x01, 0x92, 0x50, 0x61, 0x1a, 0xc1, 0x91, 0x50, 0x61, 0x10, 0x5a,
    0x56, 0x5b, 0x50, 0x01, 0x54, 0x90, 0x56, 0xfe, 0xa2, 0x64, 0x69, 0x70, 0x66, 0x73, 0x58, 0x22,
    0x12, 0x20, 0xc9, 0xe0, 0x1f, 0xd8, 0xee, 0x14, 0x8f, 0xc5, 0x2f, 0xb8, 0x62, 0x9a, 0xfd, 0x7c,
    0x0f, 0x37, 0x85, 0x08, 0x58, 0xca, 0xa8, 0x52, 0x72, 0xf2, 0x1f, 0x72, 0x96, 0x70, 0x68, 0x8b,
    0xf7, 0x99, 0x64, 0x73, 0x6f, 0x6c, 0x63, 0x43, 0x00, 0x08, 0x1e, 0x00, 0x33,
];

/// `StakePool` contract addresses to upgrade during Gamma hardfork.
/// These must be updated with all pool addresses from the live chain before deployment.
pub const STAKEPOOL_ADDRESSES: &[Address] = &[
    // StakePool created by Genesis.initialize for the initial validator
    address!("33f4ee289578b2ff35ac3ffa46ea2e97557da32c"),
];

/// All system contract upgrades for Gamma hardfork: (address, `new_bytecode`).
pub const GAMMA_SYSTEM_UPGRADES: &[(Address, &[u8])] = &[
    (STAKING_CONFIG_ADDRESS, STAKING_CONFIG_BYTECODE),
    (VALIDATOR_CONFIG_ADDRESS, VALIDATOR_CONFIG_BYTECODE),
    (GOVERNANCE_CONFIG_ADDRESS, GOVERNANCE_CONFIG_BYTECODE),
    (STAKING_ADDRESS, STAKING_BYTECODE),
    (VALIDATOR_MANAGEMENT_ADDRESS, VALIDATOR_MANAGEMENT_BYTECODE),
    (RECONFIGURATION_ADDRESS, RECONFIGURATION_BYTECODE),
    (BLOCKER_ADDRESS, BLOCKER_BYTECODE),
    (PERFORMANCE_TRACKER_ADDRESS, PERFORMANCE_TRACKER_BYTECODE),
    (GOVERNANCE_ADDRESS, GOVERNANCE_BYTECODE),
    (NATIVE_ORACLE_ADDRESS, NATIVE_ORACLE_BYTECODE),
    (ORACLE_REQUEST_QUEUE_ADDRESS, ORACLE_REQUEST_QUEUE_BYTECODE),
];

/// ERC-7201 namespaced storage slot for `ReentrancyGuard` (from `OpenZeppelin` v5)
/// keccak256(abi.encode(uint256(keccak256("openzeppelin.storage.ReentrancyGuard")) - 1)) &
/// ~bytes32(uint256(0xff))
pub const REENTRANCY_GUARD_SLOT: [u8; 32] = [
    0x9b, 0x77, 0x9b, 0x17, 0x42, 0x2d, 0x0d, 0xf9, 0x22, 0x23, 0x01, 0x8b, 0x32, 0xb4, 0xd1, 0xfa,
    0x46, 0xe0, 0x71, 0x72, 0x3d, 0x68, 0x17, 0xe2, 0x48, 0x6d, 0x00, 0x3b, 0xec, 0xc5, 0x5f, 0x00,
];

/// `NOT_ENTERED` value for `ReentrancyGuard` (must be written after bytecode replacement)
pub const REENTRANCY_GUARD_NOT_ENTERED: u8 = 1;
